S1_id,S1_lat,S1_lon,S1_alt,S2_id,S2_lat,S2_lon,S2_alt,link direction,gap of angle (rad),time,distance
SAT-0-0,0.06263,0.03592310180932759,1200,SAT-7-0,0.05130348917259156,315.0359231018093,1200,left,0.0006269764038790181,1000,5794.5902099138675
SAT-0-0,0.06263,0.03592310180932759,1200,SAT-1-0,0.05130348917259156,45.03592310180933,1200,right,0.0006269764042331696,1000,5794.590209913865
SAT-0-0,0.18789,0.10776953584436254,1200,SAT-7-0,0.1539103868480841,315.1077695358444,1200,left,0.0006269794203569671,3000,5794.571626280363
SAT-0-0,0.18789,0.10776953584436254,1200,SAT-1-0,0.1539103868480841,45.10776953584436,1200,right,0.0006269794200028173,3000,5794.571626280363
SAT-0-0,0.31315000000000004,0.17961666113299932,1200,SAT-7-0,0.256517042512562,315.17961666113297,1200,left,0.0006269864581588341,5000,5794.534459189839
SAT-0-0,0.31315000000000004,0.17961666113299932,1200,SAT-1-0,0.256517042512562,45.179616661133,1200,right,0.0006269864578046882,5000,5794.534459189839
SAT-0-0,0.4384100000000001,0.25146493852584745,1200,SAT-7-0,0.35912329481887245,315.2514649385258,1200,left,0.0006269975173262755,7000,5794.478708995262
SAT-0-0,0.4384100000000001,0.25146493852584745,1200,SAT-1-0,0.35912329481887245,45.25146493852584,1200,right,0.0006269975173262755,7000,5794.478708995263
SAT-0-0,0.56367,0.3233148288958292,1200,SAT-7-0,0.46172898241014804,315.32331482889583,1200,left,0.0006270125988859652,9000,5794.404376226093
SAT-0-0,0.56367,0.3233148288958292,1200,SAT-1-0,0.46172898241014804,45.32331482889583,1200,right,0.0006270125988859652,9000,5794.404376226091
SAT-0-0,0.8141899999999999,0.467021292224003,1200,SAT-7-0,0.6669380179482316,315.467021292224,1200,left,0.0006270548288290183,13000,5794.199965964264
SAT-0-0,0.8141899999999999,0.467021292224003,1200,SAT-1-0,0.6669380179482316,45.467021292224004,1200,right,0.0006270548288290183,13000,5794.199965964263
SAT-0-0,1.0647099999999998,0.6107397388863527,1200,SAT-7-0,0.872142857929878,315.61073973888637,1200,left,0.0006271131505798645,17000,5793.921236170009
SAT-0-0,1.0647099999999998,0.6107397388863527,1200,SAT-1-0,0.872142857929878,45.61073973888635,1200,right,0.0006271131505798645,17000,5793.921236170008
SAT-0-0,1.31523,0.7544738575800457,1200,SAT-7-0,1.077342210753915,315.75447385758,1200,left,0.0006271875697393242,21000,5793.568197433303
SAT-0-0,1.31523,0.7544738575800457,1200,SAT-1-0,1.077342210753915,45.754473857580045,1200,right,0.0006271875697393242,21000,5793.5681974333
SAT-0-0,1.5657499999999998,0.8982273382163477,1200,SAT-7-0,1.2825347842904453,315.8982273382164,1200,left,0.0006272780906665567,25000,5793.140863168836
SAT-0-0,1.5657499999999998,0.8982273382163477,1200,SAT-1-0,1.2825347842904453,45.89822733821635,1200,right,0.0006272780910205379,25000,5793.1408631688355
SAT-0-0,1.8162699999999998,1.0420038722064855,1200,SAT-7-0,1.487719285756279,316.0420038722065,1200,left,0.0006273847219644543,29000,5792.639249616551
SAT-0-0,1.8162699999999998,1.0420038722064855,1200,SAT-1-0,1.487719285756279,46.042003872206486,1200,right,0.0006273847216105333,29000,5792.639249616549
SAT-0-0,2.06679,1.1858071527476268,1200,SAT-7-0,1.692894421590256,316.1858071527476,1200,left,0.0006275074704588921,33000,5792.0633758422455
SAT-0-0,2.06679,1.1858071527476268,1200,SAT-1-0,1.692894421590256,46.18580715274763,1200,right,0.0006275074704588921,33000,5792.063375842244
SAT-0-0,2.31731,1.3296408751090052,1200,SAT-7-0,1.8980588973284513,316.32964087510896,1200,left,0.0006276463465050883,37000,5791.413263738327
SAT-0-0,2.31731,1.3296408751090052,1200,SAT-1-0,1.8980588973284513,46.32964087510901,1200,right,0.0006276463465050883,37000,5791.4132637383245
SAT-0-0,2.56783,1.4735087369182118,1200,SAT-7-0,2.103211417479233,316.47350873691823,1200,left,0.0006278013602677892,41000,5790.688938024642
SAT-0-0,2.56783,1.4735087369182118,1200,SAT-1-0,2.103211417479233,46.47350873691821,1200,right,0.0006278013606214754,41000,5790.688938024639
SAT-0-0,2.81835,1.6174144384476739,1200,SAT-7-0,2.3083506853981572,316.61741443844767,1200,left,0.0006279725247243815,45000,5789.890426249435
SAT-0-0,2.81835,1.6174144384476739,1200,SAT-1-0,2.3083506853981572,46.617414438447675,1200,right,0.0006279725250779712,45000,5789.890426249434
SAT-0-0,3.06887,1.7613616829013454,1200,SAT-7-0,2.51347540316268,316.76136168290134,1200,left,0.00062815985265347,49000,5789.017758790417
SAT-0-0,3.06887,1.7613616829013454,1200,SAT-1-0,2.51347540316268,46.761361682901345,1200,right,0.0006281598522999857,49000,5789.017758790416
SAT-0-0,3.3193900000000003,1.9053541767016313,1200,SAT-7-0,2.7185842714466655,316.9053541767016,1200,left,0.0006283633580453414,53000,5788.070968855931
SAT-0-0,3.3193900000000003,1.9053541767016313,1200,SAT-1-0,2.7185842714466655,46.905354176701636,1200,right,0.0006283633576919716,53000,5788.070968855927
SAT-0-0,3.5699100000000006,2.0493956297765696,1200,SAT-7-0,2.9236759893946744,317.0493956297766,1200,left,0.000628583056979676,57000,5787.050092486233
SAT-0-0,3.5699100000000006,2.0493956297765696,1200,SAT-1-0,2.9236759893946744,47.04939562977657,1200,right,0.000628583056979676,57000,5787.050092486231
SAT-0-0,3.8204300000000004,2.193489755847289,1200,SAT-7-0,3.1287492544960025,317.1934897558473,1200,left,0.0006288189667352428,61000,5785.955168554894
SAT-0-0,3.8204300000000004,2.193489755847289,1200,SAT-1-0,3.1287492544960025,47.19348975584729,1200,right,0.0006288189665586859,61000,5785.955168554893
SAT-0-0,4.070950000000002,2.337640272715771,1200,SAT-7-0,3.3338027624584634,317.33764027271576,1200,left,0.0006290711049009244,65000,5784.786238770305
SAT-0-0,4.070950000000002,2.337640272715771,1200,SAT-1-0,3.3338027624584634,47.337640272715774,1200,right,0.0006290711050774105,65000,5784.786238770304
SAT-0-0,4.321470000000003,2.4818509025529316,1200,SAT-7-0,3.538835207081882,317.48185090255294,1200,left,0.0006293394920167659,69000,5783.543347677282
SAT-0-0,4.321470000000003,2.4818509025529316,1200,SAT-1-0,3.538835207081882,47.481850902552935,1200,right,0.0006293394923695875,69000,5783.54334767728
SAT-0-0,4.571990000000005,2.6261253721870506,1200,SAT-7-0,3.743845280131287,317.62612537218706,1200,left,0.0006296241483888078,73000,5782.226542658801
SAT-0-0,4.571990000000005,2.6261253721870506,1200,SAT-1-0,3.743845280131287,47.62612537218705,1200,right,0.0006296241483888078,73000,5782.226542658799
SAT-0-0,4.8225100000000065,2.7704674133925655,1200,SAT-7-0,3.9488316712097844,317.77046741339257,1200,left,0.0006299250961993058,77000,5780.835873937836
SAT-0-0,4.8225100000000065,2.7704674133925655,1200,SAT-1-0,3.9488316712097844,47.770467413392566,1200,right,0.0006299250958468121,77000,5780.835873937835
SAT-0-0,5.073030000000008,2.914880763179255,1200,SAT-7-0,4.153793067631074,317.91488076317927,1200,left,0.0006302423580874982,81000,5779.3713945793115
SAT-0-0,5.073030000000008,2.914880763179255,1200,SAT-1-0,4.153793067631074,47.914880763179255,1200,right,0.0006302423582636563,81000,5779.371394579311
SAT-0-0,5.3235500000000116,3.059369164081836,1200,SAT-7-0,4.358728154291626,318.05936916408183,1200,left,0.0006305759597836359,85000,5777.833160492158
SAT-0-0,5.3235500000000116,3.059369164081836,1200,SAT-1-0,4.358728154291626,48.059369164081836,1200,right,0.000630575959431506,85000,5777.833160492159
SAT-0-0,5.574070000000014,3.2039363644499845,1200,SAT-7-0,4.5636356135424405,318.20393636445,1200,left,0.000630925926047305,89000,5776.221230431505
SAT-0-0,5.574070000000014,3.2039363644499845,1200,SAT-1-0,4.5636356135424405,48.20393636444999,1200,right,0.000630925926047305,89000,5776.221230431504
SAT-0-0,5.8245900000000175,3.348586118738812,1200,SAT-7-0,4.768514125060434,318.3485861187388,1200,left,0.0006312922850602069,93000,5774.535666000954
SAT-0-0,5.8245900000000175,3.348586118738812,1200,SAT-1-0,4.768514125060434,48.34858611873881,1200,right,0.0006312922848843418,93000,5774.535666000954
SAT-0-0,6.075110000000021,3.4933221877998224,1200,SAT-7-0,4.973362365719381,318.49332218779983,1200,left,0.0006316750641911647,97000,5772.776531654991
SAT-0-0,6.075110000000021,3.4933221877998224,1200,SAT-1-0,4.973362365719381,48.493322187799826,1200,right,0.0006316750640154061,97000,5772.77653165499
SAT-0-0,6.325630000000024,3.6381483391723495,1200,SAT-7-0,5.178179009460416,318.63814833917235,1200,left,0.000632074293153031,101000,5770.943894701512
SAT-0-0,6.325630000000024,3.6381483391723495,1200,SAT-1-0,5.178179009460416,48.638148339172346,1200,right,0.000632074293153031,101000,5770.94389470151
SAT-0-0,6.576150000000028,3.783068347375523,1200,SAT-7-0,5.382962727162075,318.78306834737555,1200,left,0.0006324900041634066,105000,5769.037825304443
SAT-0-0,6.576150000000028,3.783068347375523,1200,SAT-1-0,5.382962727162075,48.783068347375526,1200,right,0.0006324900041634066,105000,5769.037825304442
SAT-0-0,6.82667000000003,3.928085994200761,1200,SAT-7-0,5.587712186509841,318.9280859942008,1200,left,0.0006329222282447004,109000,5767.0583964865045
SAT-0-0,6.82667000000003,3.928085994200761,1200,SAT-1-0,5.587712186509841,48.92808599420076,1200,right,0.0006329222280692882,109000,5767.058396486504
SAT-0-0,7.077190000000034,4.073205069004818,1200,SAT-7-0,5.792426051865186,319.0732050690048,1200,left,0.0006333709987257317,113000,5765.005684132069
SAT-0-0,7.077190000000034,4.073205069004818,1200,SAT-1-0,5.792426051865186,49.07320506900482,1200,right,0.0006333709987257317,113000,5765.00568413207
SAT-0-0,7.327710000000036,4.218429369003411,1200,SAT-7-0,5.997102984134085,319.2184293690034,1200,left,0.0006338363512251732,117000,5762.87976699015
SAT-0-0,7.327710000000036,4.218429369003411,1200,SAT-1-0,5.997102984134085,49.21842936900342,1200,right,0.0006338363512251732,117000,5762.879766990149
SAT-0-0,7.5782300000000395,4.363762699565442,1200,SAT-7-0,6.20174164063499,319.3637626995654,1200,left,0.0006343183213588087,121000,5760.680726677495
SAT-0-0,7.5782300000000395,4.363762699565442,1200,SAT-1-0,6.20174164063499,49.36376269956544,1200,right,0.0006343183213588087,121000,5760.680726677494
SAT-0-0,7.828750000000043,4.509208874507829,1200,SAT-7-0,6.406340674966212,319.5092088745078,1200,left,0.0006348169461293408,125000,5758.408647681818
SAT-0-0,7.828750000000043,4.509208874507829,1200,SAT-1-0,6.406340674966212,49.509208874507834,1200,right,0.000634816946654007,125000,5758.408647681819
SAT-0-0,8.079270000000045,4.6547717163909645,1200,SAT-7-0,6.610898736872736,319.65477171639094,1200,left,0.0006353322651346678,129000,5756.063617365123
SAT-0-0,8.079270000000045,4.6547717163909645,1200,SAT-1-0,6.610898736872736,49.65477171639096,1200,right,0.0006353322649599209,129000,5756.063617365124
SAT-0-0,8.329790000000047,4.800455056814841,1200,SAT-7-0,6.81541447211241,319.8004550568148,1200,left,0.0006358643172299121,133000,5753.645725967177
SAT-0-0,8.329790000000047,4.800455056814841,1200,SAT-1-0,6.81541447211241,49.80045505681484,1200,right,0.0006358643174045127,133000,5753.645725967175
SAT-0-0,8.580310000000049,4.946262736715838,1200,SAT-7-0,7.019886522321511,319.9462627367158,1200,left,0.000636413144881475,137000,5751.155066609072
SAT-0-0,8.580310000000049,4.946262736715838,1200,SAT-1-0,7.019886522321511,49.94626273671584,1200,right,0.000636413144881475,137000,5751.155066609069
SAT-0-0,8.830830000000052,5.0921986066641844,1200,SAT-7-0,7.224313524879639,320.09219860666417,1200,left,0.0006369787892605194,141000,5748.591735296938
SAT-0-0,8.830830000000052,5.0921986066641844,1200,SAT-1-0,7.224313524879639,50.092198606664184,1200,right,0.0006369787890862243,141000,5748.591735296935
SAT-0-0,9.081350000000056,5.238266527162149,1200,SAT-7-0,7.428694112773961,320.2382665271622,1200,left,0.0006375612944169604,145000,5745.955830925761
SAT-0-0,9.081350000000056,5.238266527162149,1200,SAT-1-0,7.428694112773961,50.238266527162146,1200,right,0.0006375612947652321,145000,5745.95583092576
SAT-0-0,9.331870000000057,5.384470368942934,1200,SAT-7-0,7.63302691446273,320.38447036894297,1200,left,0.0006381607067331658,149000,5743.247455283328
SAT-0-0,9.331870000000057,5.384470368942934,1200,SAT-1-0,7.63302691446273,50.384470368942935,1200,right,0.0006381607065591936,149000,5743.247455283327
SAT-0-0,9.582390000000059,5.5308140132703185,1200,SAT-7-0,7.837310553738116,320.5308140132703,1200,left,0.0006387770712511678,153000,5740.466713054292
SAT-0-0,9.582390000000059,5.5308140132703185,1200,SAT-1-0,7.837310553738116,50.530814013270316,1200,right,0.0006387770710773634,153000,5740.466713054289
SAT-0-0,9.83291000000006,5.677301352239054,1200,SAT-7-0,8.041543649588272,320.67730135223906,1200,left,0.0006394104363550911,157000,5737.6137118243605
SAT-0-0,9.83291000000006,5.677301352239054,1200,SAT-1-0,8.041543649588272,50.677301352239056,1200,right,0.0006394104365287234,157000,5737.613711824359
SAT-0-0,10.083430000000062,5.823936289076024,1200,SAT-7-0,8.245724816058637,320.823936289076,1200,left,0.0006400608509669339,161000,5734.6885620846315
SAT-0-0,10.083430000000062,5.823936289076024,1200,SAT-1-0,8.245724816058637,50.82393628907602,1200,right,0.0006400608509669339,161000,5734.688562084631
SAT-0-0,10.333950000000064,5.970722738442208,1200,SAT-7-0,8.449852662112484,320.9707227384422,1200,left,0.0006407283655705607,165000,5731.691377236016
SAT-0-0,10.333950000000064,5.970722738442208,1200,SAT-1-0,8.449852662112484,50.970722738442205,1200,right,0.0006407283657438358,165000,5731.691377236015
SAT-0-0,10.584470000000067,6.117664626735429,1200,SAT-7-0,8.653925791490634,321.1176646267354,1200,left,0.0006414130316710731,169000,5728.622273593823
SAT-0-0,10.584470000000067,6.117664626735429,1200,SAT-1-0,8.653925791490634,51.11766462673543,1200,right,0.0006414130316710731,169000,5728.622273593823
SAT-0-0,10.83499000000007,6.264765892393933,1200,SAT-7-0,8.85794280257035,321.26476589239394,1200,left,0.0006421149026402695,173000,5725.481370392456
SAT-0-0,10.83499000000007,6.264765892393933,1200,SAT-1-0,8.85794280257035,51.26476589239393,1200,right,0.0006421149029860716,173000,5725.481370392455
SAT-0-0,11.085510000000074,6.412030486200782,1200,SAT-7-0,9.061902288223381,321.4120304862008,1200,left,0.0006428340330016108,177000,5722.268789790238
SAT-0-0,11.085510000000074,6.412030486200782,1200,SAT-1-0,9.061902288223381,51.412030486200784,1200,right,0.0006428340328289032,177000,5722.268789790236
SAT-0-0,11.336030000000077,6.559462371589113,1200,SAT-7-0,9.265802835673147,321.5594623715891,1200,left,0.0006435704772017708,181000,5718.984656874375
SAT-0-0,11.336030000000077,6.559462371589113,1200,SAT-1-0,9.265802835673147,51.55946237158911,1200,right,0.0006435704775467907,181000,5718.984656874374
SAT-0-0,11.586550000000079,6.70706552494823,1200,SAT-7-0,9.469643026351005,321.70706552494823,1200,left,0.000644324293731853,185000,5715.62909966605
SAT-0-0,11.586550000000079,6.70706552494823,1200,SAT-1-0,9.469643026351005,51.70706552494823,1200,right,0.0006443242935595449,185000,5715.629099666049
SAT-0-0,11.837070000000082,6.854843935930595,1200,SAT-7-0,9.673421435751626,321.8548439359306,1200,left,0.0006450955400976159,189000,5712.20224912563
SAT-0-0,11.837070000000082,6.854843935930595,1200,SAT-1-0,9.673421435751626,51.854843935930596,1200,right,0.0006450955400976159,189000,5712.202249125629
SAT-0-0,12.087590000000086,7.002801607759665,1200,SAT-7-0,9.877136633287401,322.00280160775964,1200,left,0.0006458842767632456,193000,5708.704239158042
SAT-0-0,12.087590000000086,7.002801607759665,1200,SAT-1-0,9.877136633287401,52.002801607759665,1200,right,0.0006458842767632456,193000,5708.704239158042
SAT-0-0,12.33811000000009,7.150942557538658,1200,SAT-7-0,10.080787182141917,322.15094255753866,1200,left,0.0006466905638555137,197000,5705.135206618248
SAT-0-0,12.33811000000009,7.150942557538658,1200,SAT-1-0,10.080787182141917,52.150942557538656,1200,right,0.0006466905638555137,197000,5705.135206618246
SAT-0-0,12.588630000000093,7.29927081656019,1200,SAT-7-0,10.284371639122421,322.2992708165602,1200,left,0.0006475144645787471,201000,5701.495291316876
SAT-0-0,12.588630000000093,7.29927081656019,1200,SAT-1-0,10.284371639122421,52.29927081656019,1200,right,0.0006475144645787471,201000,5701.495291316874
SAT-0-0,12.839150000000096,7.447790430616854,1200,SAT-7-0,10.487888554511297,322.4477904306168,1200,left,0.0006483560424387643,205000,5697.784636025982
SAT-0-0,12.839150000000096,7.447790430616854,1200,SAT-1-0,10.487888554511297,52.447790430616855,1200,right,0.0006483560429524741,205000,5697.78463602598
SAT-0-0,13.0896700000001,7.596505460312703,1200,SAT-7-0,10.691336471916502,322.5965054603127,1200,left,0.0006492153625917821,209000,5694.003386484951
SAT-0-0,13.0896700000001,7.596505460312703,1200,SAT-1-0,10.691336471916502,52.596505460312706,1200,right,0.0006492153625917821,209000,5694.003386484949
SAT-0-0,13.340190000000103,7.745419981375664,1200,SAT-7-0,10.89471392812094,322.7454199813757,1200,left,0.0006500924913036442,213000,5690.151691406534
SAT-0-0,13.340190000000103,7.745419981375664,1200,SAT-1-0,10.89471392812094,52.74541998137567,1200,right,0.0006500924914744233,213000,5690.151691406533
SAT-0-0,13.590710000000106,7.894538084970909,1200,SAT-7-0,11.098019452930773,322.8945380849709,1200,left,0.0006509874969476697,217000,5686.229702483033
SAT-0-0,13.590710000000106,7.894538084970909,1200,SAT-1-0,11.098019452930773,52.89453808497091,1200,right,0.0006509874967771252,217000,5686.229702483032
SAT-0-0,13.841230000000108,8.04386387801515,1200,SAT-7-0,11.301251569022632,323.04386387801515,1200,left,0.0006519004482687039,221000,5682.237574392612
SAT-0-0,13.841230000000108,8.04386387801515,1200,SAT-1-0,11.301251569022632,53.04386387801515,1200,right,0.0006519004480983983,221000,5682.237574392611
SAT-0-0,14.091750000000111,8.193401483491904,1200,SAT-7-0,11.504408791789684,323.19340148349187,1200,left,0.0006528314160623379,225000,5678.175464805766
SAT-0-0,14.091750000000111,8.193401483491904,1200,SAT-1-0,11.504408791789684,53.193401483491904,1200,right,0.0006528314162324006,225000,5678.175464805764
SAT-0-0,14.342270000000116,8.343155040767696,1200,SAT-7-0,11.707489629186572,323.3431550407677,1200,left,0.0006537804722920382,229000,5674.043534391934
SAT-0-0,14.342270000000116,8.343155040767696,1200,SAT-1-0,11.707489629186572,53.3431550407677,1200,right,0.0006537804724618542,229000,5674.0435343919335
SAT-0-0,14.592790000000122,8.493128705909253,1200,SAT-7-0,11.910492581573166,323.4931287059092,1200,left,0.0006547476904001324,233000,5669.84194682624
SAT-0-0,14.592790000000122,8.493128705909253,1200,SAT-1-0,11.910492581573166,53.49312870590926,1200,right,0.0006547476905696974,233000,5669.841946826238
SAT-0-0,14.843310000000127,8.643326652001635,1200,SAT-7-0,12.113416141557135,323.64332665200163,1200,left,0.0006557331457847358,237000,5665.5708687964025
SAT-0-0,14.843310000000127,8.643326652001635,1200,SAT-1-0,12.113416141557135,53.64332665200163,1200,right,0.0006557331456154256,237000,5665.570868796402
SAT-0-0,15.093830000000132,8.793753069467344,1200,SAT-7-0,12.316258793835285,323.79375306946736,1200,left,0.0006567369135667863,241000,5661.230470009776
SAT-0-0,15.093830000000132,8.793753069467344,1200,SAT-1-0,12.316258793835285,53.79375306946734,1200,right,0.0006567369133977349,241000,5661.230470009775
SAT-0-0,15.344350000000135,8.944412166386432,1200,SAT-7-0,12.519019015033665,323.9444121663864,1200,left,0.0006577590716094463,245000,5656.820923200551
SAT-0-0,15.344350000000135,8.944412166386432,1200,SAT-1-0,12.519019015033665,53.94441216638643,1200,right,0.0006577590712718689,245000,5656.820923200548
SAT-0-0,15.59487000000014,9.095308168817514,1200,SAT-7-0,12.721695273546384,324.0953081688175,1200,left,0.0006587996991273439,249000,5652.342404137099
SAT-0-0,15.59487000000014,9.095308168817514,1200,SAT-1-0,12.721695273546384,54.09530816881751,1200,right,0.0006587996987902997,249000,5652.342404137097
SAT-0-0,15.845390000000146,9.246445321119833,1200,SAT-7-0,12.924286029373162,324.24644532111984,1200,left,0.0006598588761492256,253000,5647.795091629471
SAT-0-0,15.845390000000146,9.246445321119833,1200,SAT-1-0,12.924286029373162,54.24644532111983,1200,right,0.0006598588763174772,253000,5647.795091629471
SAT-0-0,16.095910000000146,9.397827886276232,1200,SAT-7-0,13.126789733955546,324.3978278862762,1200,left,0.0006609366853368839,257000,5643.17916753706
SAT-0-0,16.095910000000146,9.397827886276232,1200,SAT-1-0,13.126789733955546,54.39782788627623,1200,right,0.0006609366855048612,257000,5643.179167537059
SAT-0-0,16.346430000000144,9.549460146217118,1200,SAT-7-0,13.329204830011783,324.54946014621714,1200,left,0.0006620332085869007,261000,5638.4948167763905
SAT-0-0,16.346430000000144,9.549460146217118,1200,SAT-1-0,13.329204830011783,54.549460146217115,1200,right,0.0006620332087545998,261000,5638.494816776389
SAT-0-0,16.59695000000014,9.701346402145406,1200,SAT-7-0,13.531529751370336,324.7013464021454,1200,left,0.0006631485315340629,265000,5633.7422273291
SAT-0-0,16.59695000000014,9.701346402145406,1200,SAT-1-0,13.531529751370336,54.70134640214541,1200,right,0.0006631485318688967,265000,5633.7422273290995
SAT-0-0,16.847470000000136,9.85349097486238,1200,SAT-7-0,13.733762922802004,324.8534909748624,1200,left,0.0006642827403208356,269000,5628.921590250054
SAT-0-0,16.847470000000136,9.85349097486238,1200,SAT-1-0,13.733762922802004,54.85349097486238,1200,right,0.0006642827403208356,269000,5628.921590250054
SAT-0-0,17.09799000000013,10.005898205094544,1200,SAT-7-0,13.935902759850617,325.0058982050945,1200,left,0.0006654359214018746,273000,5624.033099675629
SAT-0-0,17.09799000000013,10.005898205094544,1200,SAT-1-0,13.935902759850617,55.005898205094546,1200,right,0.0006654359215687161,273000,5624.033099675628
SAT-0-0,17.348510000000125,10.158572453821414,1200,SAT-7-0,14.137947668662298,325.1585724538214,1200,left,0.0006666081643481363,277000,5619.0769528321525
SAT-0-0,17.348510000000125,10.158572453821414,1200,SAT-1-0,14.137947668662298,55.158572453821414,1200,right,0.0006666081645146844,277000,5619.076952832151
SAT-0-0,17.599030000000123,10.311518102604225,1200,SAT-7-0,14.33989604581326,325.3115181026042,1200,left,0.000667799560298204,281000,5614.053350044512
SAT-0-0,17.599030000000123,10.311518102604225,1200,SAT-1-0,14.33989604581326,55.311518102604225,1200,right,0.0006677995599657022,281000,5614.053350044511
SAT-0-0,17.84955000000012,10.464739553915587,1200,SAT-7-0,14.541746278136092,325.4647395539156,1200,left,0.0006690101992633215,285000,5608.962494744919
SAT-0-0,17.84955000000012,10.464739553915587,1200,SAT-1-0,14.541746278136092,55.46473955391559,1200,right,0.0006690101992633215,285000,5608.962494744917
SAT-0-0,18.10007000000012,10.618241231470055,1200,SAT-7-0,14.743496742544544,325.61824123147005,1200,left,0.0006702401755779338,289000,5603.804593481855
SAT-0-0,18.10007000000012,10.618241231470055,1200,SAT-1-0,14.743496742544544,55.61824123147006,1200,right,0.0006702401757435794,289000,5603.804593481854
SAT-0-0,18.350590000000114,10.772027580555593,1200,SAT-7-0,14.94514580585677,325.7720275805556,1200,left,0.0006714895840308543,293000,5598.579855929154
SAT-0-0,18.350590000000114,10.772027580555593,1200,SAT-1-0,14.94514580585677,55.772027580555594,1200,right,0.000671489583865517,293000,5598.579855929153
SAT-0-0,18.60111000000011,10.926103068365936,1200,SAT-7-0,15.146691824616992,325.92610306836593,1200,left,0.0006727585199988232,297000,5593.288494895297
SAT-0-0,18.60111000000011,10.926103068365936,1200,SAT-1-0,15.146691824616992,55.92610306836594,1200,right,0.0006727585201638487,297000,5593.288494895296
SAT-0-0,18.851630000000103,11.08047218433382,1200,SAT-7-0,15.348133144915561,326.0804721843338,1200,left,0.0006740470817194357,301000,5587.930726332833
SAT-0-0,18.851630000000103,11.08047218433382,1200,SAT-1-0,15.348133144915561,56.080472184333814,1200,right,0.0006740470820488558,301000,5587.930726332831
SAT-0-0,19.1021500000001,11.235139440465076,1200,SAT-7-0,15.549468102207399,326.2351394404651,1200,left,0.0006753553684274863,305000,5582.506769348001
SAT-0-0,19.1021500000001,11.235139440465076,1200,SAT-1-0,15.549468102207399,56.23513944046507,1200,right,0.0006753553685918773,305000,5582.506769347998
SAT-0-0,19.352670000000096,11.390109371673544,1200,SAT-7-0,15.750695021128822,326.3901093716736,1200,left,0.0006766834801525514,309000,5577.0168462105175
SAT-0-0,19.352670000000096,11.390109371673544,1200,SAT-1-0,15.750695021128822,56.39010937167354,1200,right,0.0006766834799884831,309000,5577.016846210517
SAT-0-0,19.603190000000094,11.545386536116828,1200,SAT-7-0,15.951812215312641,326.54538653611684,1200,left,0.0006780315181733738,313000,5571.461182363541
SAT-0-0,19.603190000000094,11.545386536116828,1200,SAT-1-0,15.951812215312641,56.54538653611683,1200,right,0.0006780315183371159,313000,5571.4611823635405
SAT-0-0,19.853710000000092,11.700975515532813,1200,SAT-7-0,16.152817987201605,326.7009755155328,1200,left,0.0006793995875906213,317000,5565.840006433804
SAT-0-0,19.853710000000092,11.700975515532813,1200,SAT-1-0,16.152817987201605,56.70097551553281,1200,right,0.0006793995875906213,317000,5565.840006433803
SAT-0-0,20.10423000000009,11.856880915576985,1200,SAT-7-0,16.353710627860078,326.856880915577,1200,left,0.0006807877918765881,321000,5560.1535502419365
SAT-0-0,20.10423000000009,11.856880915576985,1200,SAT-1-0,16.353710627860078,56.85688091557699,1200,right,0.0006807877920396673,321000,5560.153550241936
SAT-0-0,20.354750000000084,12.013107366160467,1200,SAT-7-0,16.554488416784,327.01310736616045,1200,left,0.0006821962383943079,325000,5554.402048812965
SAT-0-0,20.354750000000084,12.013107366160467,1200,SAT-1-0,16.554488416784,57.01310736616047,1200,right,0.0006821962382315654,325000,5554.4020488129645
SAT-0-0,20.60527000000008,12.169659521788784,1200,SAT-7-0,16.75514962170904,327.1696595217888,1200,left,0.0006836250344286835,329000,5548.585740386998
SAT-0-0,20.60527000000008,12.169659521788784,1200,SAT-1-0,16.75514962170904,57.16965952178879,1200,right,0.0006836250342662812,329000,5548.585740386995
SAT-0-0,20.855790000000074,12.326542061901309,1200,SAT-7-0,16.955692498416965,327.3265420619013,1200,left,0.0006850742892622715,333000,5542.704866430073
SAT-0-0,20.855790000000074,12.326542061901309,1200,SAT-1-0,16.955692498416965,57.3265420619013,1200,right,0.0006850742891002128,333000,5542.704866430072
SAT-0-0,21.10631000000007,12.483759691211352,1200,SAT-7-0,17.15611529054015,327.48375969121133,1200,left,0.0006865441139603022,337000,5536.759671645233
SAT-0-0,21.10631000000007,12.483759691211352,1200,SAT-1-0,17.15611529054015,57.483759691211354,1200,right,0.0006865441141220141,337000,5536.759671645231
SAT-0-0,21.35683000000007,12.641317140046871,1200,SAT-7-0,17.35641622936424,327.64131714004685,1200,left,0.0006880346208347042,341000,5530.750403983744
SAT-0-0,21.35683000000007,12.641317140046871,1200,SAT-1-0,17.35641622936424,57.641317140046866,1200,right,0.0006880346211574273,341000,5530.750403983742
SAT-0-0,21.607350000000064,12.799219164691776,1200,SAT-7-0,17.55659353362895,327.79921916469175,1200,left,0.000689545924041252,345000,5524.677314656534
SAT-0-0,21.607350000000064,12.799219164691776,1200,SAT-1-0,17.55659353362895,57.79921916469178,1200,right,0.000689545924041252,345000,5524.677314656533
SAT-0-0,21.857870000000062,12.957470547727754,1200,SAT-7-0,17.756645409326886,327.9574705477277,1200,left,0.0006910781385615176,349000,5518.540658145806
SAT-0-0,21.857870000000062,12.957470547727754,1200,SAT-1-0,17.756645409326886,57.95747054772775,1200,right,0.0006910781385615176,349000,5518.540658145806
SAT-0-0,22.10839000000006,13.116076098376587,1200,SAT-7-0,17.956570049500495,328.1160760983766,1200,left,0.0006926313809606944,353000,5512.340692216857
SAT-0-0,22.10839000000006,13.116076098376587,1200,SAT-1-0,17.956570049500495,58.11607609837658,1200,right,0.0006926313812812756,353000,5512.340692216854
SAT-0-0,22.358910000000055,13.275040652842963,1200,SAT-7-0,18.15636563403702,328.27504065284296,1200,left,0.0006942057696547635,357000,5506.077677930067
SAT-0-0,22.358910000000055,13.275040652842963,1200,SAT-1-0,18.15636563403702,58.27504065284296,1200,right,0.0006942057696547635,357000,5506.077677930066
SAT-0-0,22.60943000000005,13.434369074657656,1200,SAT-7-0,18.356030329461436,328.4343690746577,1200,left,0.0006958014250135074,361000,5499.751879653122
SAT-0-0,22.60943000000005,13.434369074657656,1200,SAT-1-0,18.356030329461436,58.43436907465766,1200,right,0.0006958014250135074,361000,5499.751879653119
SAT-0-0,22.859950000000044,13.594066255021085,1200,SAT-7-0,18.555562288727405,328.59406625502106,1200,left,0.0006974184673915697,365000,5493.363565073398
SAT-0-0,22.859950000000044,13.594066255021085,1200,SAT-1-0,18.555562288727405,58.59406625502109,1200,right,0.00069741846755076,365000,5493.363565073397
SAT-0-0,23.110470000000042,13.754137113147173,1200,SAT-7-0,18.75495965100615,328.7541371131472,1200,left,0.0006990570202682552,369000,5486.913005210575
SAT-0-0,23.110470000000042,13.754137113147173,1200,SAT-1-0,18.75495965100615,58.75413711314717,1200,right,0.0006990570202682552,369000,5486.913005210571
SAT-0-0,23.36099000000004,13.914586596607446,1200,SAT-7-0,18.954220541473255,328.9145865966074,1200,left,0.000700717207797062,373000,5480.4004744294225
SAT-0-0,23.36099000000004,13.914586596607446,1200,SAT-1-0,18.954220541473255,58.91458659660744,1200,right,0.000700717207797062,373000,5480.400474429422
SAT-0-0,23.611510000000038,14.075419681675358,1200,SAT-7-0,19.153343071093406,329.0754196816754,1200,left,0.000702399155708056,377000,5473.826250452822
SAT-0-0,23.611510000000038,14.075419681675358,1200,SAT-1-0,19.153343071093406,59.07541968167535,1200,right,0.0007023991555499944,377000,5473.826250452821
SAT-0-0,23.862030000000033,14.236641373670716,1200,SAT-7-0,19.352325336402927,329.2366413736707,1200,left,0.0007041029910928581,381000,5467.190614374968
SAT-0-0,23.862030000000033,14.236641373670716,1200,SAT-1-0,19.352325336402927,59.236641373670714,1200,right,0.000704102990935179,381000,5467.1906143749675
SAT-0-0,24.11255000000003,14.39825670730421,1200,SAT-7-0,19.551165419290214,329.3982567073042,1200,left,0.0007058288428210062,385000,5460.493850674782
SAT-0-0,24.11255000000003,14.39825670730421,1200,SAT-1-0,19.551165419290214,59.39825670730421,1200,right,0.0007058288428210062,385000,5460.49385067478
SAT-0-0,24.363070000000025,14.56027074702189,1200,SAT-7-0,19.74986138677398,329.5602707470219,1200,left,0.0007075768416354704,389000,5453.7362472295545
SAT-0-0,24.363070000000025,14.56027074702189,1200,SAT-1-0,19.74986138677398,59.56027074702189,1200,right,0.0007075768414785654,389000,5453.736247229553
SAT-0-0,24.61359000000002,14.722688587349642,1200,SAT-7-0,19.94841129077924,329.72268858734964,1200,left,0.0007093471188370557,393000,5446.918095328766
SAT-0-0,24.61359000000002,14.722688587349642,1200,SAT-1-0,19.94841129077924,59.722688587349644,1200,right,0.0007093471191500824,393000,5446.918095328764
SAT-0-0,24.864110000000014,14.885515353237473,1200,SAT-7-0,20.14681316791115,329.8855153532375,1200,left,0.0007111398085783144,397000,5440.039689688147
SAT-0-0,24.864110000000014,14.885515353237473,1200,SAT-1-0,20.14681316791115,59.88551535323747,1200,right,0.0007111398084221956,397000,5440.039689688147
SAT-0-0,25.114630000000012,15.048756200403606,1200,SAT-7-0,20.345065039226466,330.0487562004036,1200,left,0.0007129550445159453,401000,5433.10132846394
SAT-0-0,25.114630000000012,15.048756200403606,1200,SAT-1-0,20.345065039226466,60.0487562004036,1200,right,0.0007129550445159453,401000,5433.101328463939
SAT-0-0,25.36515000000001,15.212416315678238,1200,SAT-7-0,20.5431649100028,330.21241631567824,1200,left,0.000714792963658002,405000,5426.103313267377
SAT-0-0,25.36515000000001,15.212416315678238,1200,SAT-1-0,20.5431649100028,60.21241631567824,1200,right,0.000714792963658002,405000,5426.103313267375
SAT-0-0,25.61567000000001,15.376500917346977,1200,SAT-7-0,20.741110769505536,330.376500917347,1200,left,0.000716653703489694,409000,5419.045949179377
SAT-0-0,25.61567000000001,15.376500917346977,1200,SAT-1-0,20.741110769505536,60.37650091734698,1200,right,0.0007166537033347764,409000,5419.045949179375
SAT-0-0,25.866190000000007,15.541015255493726,1200,SAT-7-0,20.938900590752347,330.54101525549373,1200,left,0.0007185374036233767,413000,5411.929544765471
SAT-0-0,25.866190000000007,15.541015255493726,1200,SAT-1-0,20.938900590752347,60.54101525549372,1200,right,0.0007185374036233767,413000,5411.9295447654695
SAT-0-0,26.11671,15.705964612343077,1200,SAT-7-0,21.136532330275433,330.7059646123431,1200,left,0.0007204442048021057,417000,5404.754412090927
SAT-0-0,26.11671,15.705964612343077,1200,SAT-1-0,21.136532330275433,60.70596461234308,1200,right,0.0007204442043397979,417000,5404.754412090924
SAT-0-0,26.367229999999996,15.871354302601995,1200,SAT-7-0,21.334003927881298,330.87135430260196,1200,left,0.0007223742491474036,421000,5397.520866736124
SAT-0-0,26.367229999999996,15.871354302601995,1200,SAT-1-0,21.334003927881298,60.87135430260199,1200,right,0.0007223742489937127,421000,5397.520866736123
SAT-0-0,26.61774999999999,16.037189673800757,1200,SAT-7-0,21.531313306408094,331.03718967380075,1200,left,0.0007243276804022008,425000,5390.229227812132
SAT-0-0,26.61774999999999,16.037189673800757,1200,SAT-1-0,21.531313306408094,61.03718967380076,1200,right,0.0007243276800956481,425000,5390.229227812131
SAT-0-0,26.86826999999999,16.203476106633016,1200,SAT-7-0,21.728458371480563,331.20347610663305,1200,left,0.0007263046438631478,429000,5382.879817976521
SAT-0-0,26.86826999999999,16.203476106633016,1200,SAT-1-0,21.728458371480563,61.20347610663302,1200,right,0.0007263046441688661,429000,5382.87981797652
SAT-0-0,27.118789999999983,16.370219015294897,1200,SAT-7-0,21.925437011262474,331.3702190152949,1200,left,0.0007283052869227327,433000,5375.472963449409
SAT-0-0,27.118789999999983,16.370219015294897,1200,SAT-1-0,21.925437011262474,61.37021901529489,1200,right,0.0007283052869227327,433000,5375.472963449407
SAT-0-0,27.36930999999998,16.537423847823,1200,SAT-7-0,22.12224709620656,331.537423847823,1200,left,0.000730329757169071,437000,5368.008994029718
SAT-0-0,27.36930999999998,16.537423847823,1200,SAT-1-0,22.12224709620656,61.537423847823,1200,right,0.000730329756713021,437000,5368.008994029716
SAT-0-0,27.61982999999998,16.705096086431183,1200,SAT-7-0,22.318886478801932,331.7050960864312,1200,left,0.0007323782038512817,441000,5360.4882431116885
SAT-0-0,27.61982999999998,16.705096086431183,1200,SAT-1-0,22.318886478801932,61.70509608643118,1200,right,0.0007323782033965072,441000,5360.488243111687
SAT-0-0,27.870349999999977,16.87324124784602,1200,SAT-7-0,22.51535299331893,331.873241247846,1200,left,0.0007344507784126763,445000,5352.911047701603
SAT-0-0,27.870349999999977,16.87324124784602,1200,SAT-1-0,22.51535299331893,61.87324124784602,1200,right,0.0007344507784126763,445000,5352.911047701601
SAT-0-0,28.12086999999997,17.04186488364081,1200,SAT-7-0,22.711644455551458,332.04186488364076,1200,left,0.0007365476338078573,449000,5345.277748434753
SAT-0-0,28.12086999999997,17.04186488364081,1200,SAT-1-0,22.711644455551458,62.04186488364081,1200,right,0.000736547634109324,449000,5345.277748434751
SAT-0-0,28.371389999999966,17.210972580567926,1200,SAT-7-0,22.907758662556592,332.21097258056795,1200,left,0.000738668924130794,453000,5337.588689592646
SAT-0-0,28.371389999999966,17.210972580567926,1200,SAT-1-0,22.907758662556592,62.210972580567926,1200,right,0.0007386689242810945,453000,5337.588689592643
SAT-0-0,28.62190999999996,17.380569960889545,1200,SAT-7-0,23.10369339239173,332.38056996088955,1200,left,0.0007408148046978961,457000,5329.844219120435
SAT-0-0,28.62190999999996,17.380569960889545,1200,SAT-1-0,23.10369339239173,62.380569960889545,1200,right,0.0007408148046978961,457000,5329.844219120434
SAT-0-0,28.872429999999955,17.550662682706378,1200,SAT-7-0,23.299446403848943,332.5506626827064,1200,left,0.0007429854321287466,461000,5322.044688644608
SAT-0-0,28.872429999999955,17.550662682706378,1200,SAT-1-0,23.299446403848943,62.55066268270638,1200,right,0.0007429854321287466,461000,5322.044688644606
SAT-0-0,29.12294999999995,17.721256440284417,1200,SAT-7-0,23.495015436186737,332.72125644028444,1200,left,0.0007451809651694119,465000,5314.190453490894
SAT-0-0,29.12294999999995,17.721256440284417,1200,SAT-1-0,23.495015436186737,62.72125644028441,1200,right,0.0007451809651694119,465000,5314.190453490893
SAT-0-0,29.373469999999934,17.89235696437952,1200,SAT-7-0,23.690398208859122,332.89235696437953,1200,left,0.0007474015632719306,469000,5306.281872702425
SAT-0-0,29.373469999999934,17.89235696437952,1200,SAT-1-0,23.690398208859122,62.892356964379516,1200,right,0.0007474015632719306,469000,5306.281872702423
SAT-0-0,29.62398999999994,18.063970022559616,1200,SAT-7-0,23.88559242124196,333.0639700225596,1200,left,0.0007496473874194266,473000,5298.3193090581335
SAT-0-0,29.62398999999994,18.063970022559616,1200,SAT-1-0,23.88559242124196,63.063970022559616,1200,right,0.0007496473874194266,473000,5298.3193090581335
SAT-0-0,29.874509999999937,18.236101419524378,1200,SAT-7-0,24.080595752356484,333.2361014195244,1200,left,0.0007519186006402715,477000,5290.303129091402
SAT-0-0,29.874509999999937,18.236101419524378,1200,SAT-1-0,24.080595752356484,63.236101419524374,1200,right,0.0007519186004926195,477000,5290.303129091401
SAT-0-0,30.12502999999993,18.408756997422227,1200,SAT-7-0,24.27540586059022,333.40875699742224,1200,left,0.0007542153667453088,481000,5282.233703108941
SAT-0-0,30.12502999999993,18.408756997422227,1200,SAT-1-0,24.27540586059022,63.408756997422216,1200,right,0.0007542153661564992,481000,5282.23370310894
SAT-0-0,30.375549999999915,18.581942636164463,1200,SAT-7-0,24.47002038341502,333.58194263616446,1200,left,0.0007565378505544572,485000,5274.111405209927
SAT-0-0,30.375549999999915,18.581942636164463,1200,SAT-1-0,24.47002038341502,63.581942636164456,1200,right,0.0007565378505544572,485000,5274.111405209926
SAT-0-0,30.626069999999913,18.755664253736338,1200,SAT-7-0,24.664436937102327,333.7556642537363,1200,left,0.0007588862191424308,489000,5265.936613305383
SAT-0-0,30.626069999999913,18.755664253736338,1200,SAT-1-0,24.664436937102327,63.75566425373634,1200,right,0.0007588862191424308,489000,5265.936613305383
SAT-0-0,30.8765899999999,18.929927806504804,1200,SAT-7-0,24.858653116435573,333.9299278065048,1200,left,0.0007612606402893144,493000,5257.709709137801
SAT-0-0,30.8765899999999,18.929927806504804,1200,SAT-1-0,24.858653116435573,63.9299278065048,1200,right,0.0007612606404351545,493000,5257.709709137801
SAT-0-0,31.127109999999906,19.10473928952294,1200,SAT-7-0,25.05266649441986,334.10473928952297,1200,left,0.0007636612838664793,497000,5249.431078301017
SAT-0-0,31.127109999999906,19.10473928952294,1200,SAT-1-0,25.05266649441986,64.10473928952294,1200,right,0.0007636612838664793,497000,5249.431078301016
SAT-0-0,31.377629999999897,19.280104736830523,1200,SAT-7-0,25.246474621988625,334.28010473683054,1200,left,0.0007660883194274782,501000,5241.101110260345
SAT-0-0,31.377629999999897,19.280104736830523,1200,SAT-1-0,25.246474621988625,64.28010473683052,1200,right,0.0007660883195723993,501000,5241.101110260343
SAT-0-0,31.628149999999895,19.456030221750908,1200,SAT-7-0,25.440075027707568,334.4560302217509,1200,left,0.0007685419197664312,505000,5232.720198372932
SAT-0-0,31.628149999999895,19.456030221750908,1200,SAT-1-0,25.440075027707568,64.45603022175091,1200,right,0.0007685419196219727,505000,5232.72019837293
SAT-0-0,31.878669999999875,19.63252185718363,1200,SAT-7-0,25.63346521747559,334.63252185718363,1200,left,0.0007710222573518292,509000,5224.2887399084
SAT-0-0,31.878669999999875,19.63252185718363,1200,SAT-1-0,25.63346521747559,64.63252185718363,1200,right,0.0007710222572078355,509000,5224.288739908399
SAT-0-0,32.12918999999987,19.80958579589282,1200,SAT-7-0,25.826642674222953,334.8095857958928,1200,left,0.0007735295069992892,513000,5215.807136069707
SAT-0-0,32.12918999999987,19.80958579589282,1200,SAT-1-0,25.826642674222953,64.80958579589281,1200,right,0.0007735295072863432,513000,5215.807136069706
SAT-0-0,32.37970999999987,19.987228230790844,1200,SAT-7-0,26.01960485760631,334.98722823079083,1200,left,0.0007760638446291532,517000,5207.275792014282
SAT-0-0,32.37970999999987,19.987228230790844,1200,SAT-1-0,26.01960485760631,64.98722823079083,1200,right,0.0007760638446291532,517000,5207.27579201428
SAT-0-0,32.63022999999986,20.16545539521732,1200,SAT-7-0,26.21234920370104,335.16545539521735,1200,left,0.000778625446759934,521000,5198.695116875395
SAT-0-0,32.63022999999986,20.16545539521732,1200,SAT-1-0,26.21234920370104,65.16545539521732,1200,right,0.0007786254466173463,521000,5198.695116875394
SAT-0-0,32.88074999999986,20.344273563212884,1200,SAT-7-0,26.404873124690454,335.34427356321294,1200,left,0.0007812144912898968,525000,5190.065523783787
SAT-0-0,32.88074999999986,20.344273563212884,1200,SAT-1-0,26.404873124690454,65.34427356321288,1200,right,0.0007812144910056668,525000,5190.065523783786
SAT-0-0,33.13126999999986,20.523689049787695,1200,SAT-7-0,26.597174008552145,335.5236890497877,1200,left,0.0007838311571291499,529000,5181.387429889558
SAT-0-0,33.13126999999986,20.523689049787695,1200,SAT-1-0,26.597174008552145,65.52368904978769,1200,right,0.0007838311572707905,529000,5181.387429889556
SAT-0-0,33.38178999999985,20.703708211184257,1200,SAT-7-0,26.78924921874132,335.7037082111842,1200,left,0.0007864756253908368,533000,5172.661256384279
SAT-0-0,33.38178999999985,20.703708211184257,1200,SAT-1-0,26.78924921874132,65.70370821118425,1200,right,0.0007864756252496724,533000,5172.661256384276
SAT-0-0,33.632309999999855,20.884337445134324,1200,SAT-7-0,26.98109609387114,335.88433744513435,1200,left,0.0007891480771807156,537000,5163.887428523398
SAT-0-0,33.632309999999855,20.884337445134324,1200,SAT-1-0,26.98109609387114,65.88433744513432,1200,right,0.0007891480771807156,537000,5163.887428523398
SAT-0-0,33.88282999999985,21.065583191109656,1200,SAT-7-0,27.172711947390166,336.0655831911096,1200,left,0.0007918486949355525,541000,5155.066375648863
SAT-0-0,33.88282999999985,21.065583191109656,1200,SAT-1-0,27.172711947390166,66.06558319110967,1200,right,0.0007918486949355525,541000,5155.066375648862
SAT-0-0,34.133349999999844,21.247451930566175,1200,SAT-7-0,27.364094067256648,336.24745193056617,1200,left,0.0007945776621965517,545000,5146.198531212003
SAT-0-0,34.133349999999844,21.247451930566175,1200,SAT-1-0,27.364094067256648,66.24745193056617,1200,right,0.0007945776620568268,545000,5146.1985312120005
SAT-0-0,34.383869999999845,21.429950187181372,1200,SAT-7-0,27.555239715609993,336.42995018718136,1200,left,0.0007973351636648444,549000,5137.284332796668
SAT-0-0,34.383869999999845,21.429950187181372,1200,SAT-1-0,27.555239715609993,66.42995018718138,1200,right,0.0007973351639433278,549000,5137.284332796667
SAT-0-0,34.63438999999984,21.613084527084496,1200,SAT-7-0,27.746146128439076,336.6130845270845,1200,left,0.0008001213853935653,553000,5128.3242221426135
SAT-0-0,34.63438999999984,21.613084527084496,1200,SAT-1-0,27.746146128439076,66.6130845270845,1200,right,0.0008001213852548084,553000,5128.3242221426135
SAT-0-0,34.884909999999834,21.796861559079286,1200,SAT-7-0,27.93681051524763,336.7968615590793,1200,left,0.0008029365129007864,557000,5119.318645169128
SAT-0-0,34.884909999999834,21.796861559079286,1200,SAT-1-0,27.93681051524763,66.79686155907929,1200,right,0.0008029365133155975,557000,5119.318645169126
SAT-0-0,35.13542999999983,21.981287934858916,1200,SAT-7-0,28.127230058716595,336.98128793485887,1200,left,0.0008057807345569887,561000,5110.268051998919
SAT-0-0,35.13542999999983,21.981287934858916,1200,SAT-1-0,28.127230058716595,66.98128793485891,1200,right,0.0008057807345569887,561000,5110.268051998917
SAT-0-0,35.38594999999982,22.166370349212645,1200,SAT-7-0,28.317401914363494,337.1663703492126,1200,left,0.0008086542385847092,565000,5101.172896982226
SAT-0-0,35.38594999999982,22.166370349212645,1200,SAT-1-0,28.317401914363494,67.16637034921264,1200,right,0.0008086542385847092,565000,5101.172896982224
SAT-0-0,35.63646999999982,22.352115540224005,1200,SAT-7-0,28.50732321019869,337.352115540224,1200,left,0.0008115572136774458,569000,5092.033638721209
SAT-0-0,35.63646999999982,22.352115540224005,1200,SAT-1-0,28.50732321019869,67.352115540224,1200,right,0.000811557213951049,569000,5092.033638721207
SAT-0-0,35.88698999999981,22.53853028946005,1200,SAT-7-0,28.696991046378837,337.53853028946,1200,left,0.0008144898506953093,573000,5082.850740094544
SAT-0-0,35.88698999999981,22.53853028946005,1200,SAT-1-0,28.696991046378837,67.53853028946006,1200,right,0.0008144898505590002,573000,5082.850740094541
SAT-0-0,36.13750999999981,22.725621422151175,1200,SAT-7-0,28.886402494857066,337.72562142215116,1200,left,0.0008174523399770317,577000,5073.624668282283
SAT-0-0,36.13750999999981,22.725621422151175,1200,SAT-1-0,28.886402494857066,67.72562142215118,1200,right,0.0008174523397054017,577000,5073.62466828228
SAT-0-0,36.38802999999981,22.913395807361375,1200,SAT-7-0,29.075554599030472,337.9133958073614,1200,left,0.0008204448729040872,581000,5064.35589479095
SAT-0-0,36.38802999999981,22.913395807361375,1200,SAT-1-0,29.075554599030472,67.91339580736138,1200,right,0.0008204448729040872,581000,5064.355894790948
SAT-0-0,36.6385499999998,23.101860358148187,1200,SAT-7-0,29.264444373384368,338.1018603581482,1200,left,0.000823467641542685,585000,5055.044895478866
SAT-0-0,36.6385499999998,23.101860358148187,1200,SAT-1-0,29.264444373384368,68.10186035814819,1200,right,0.0008234676418123309,585000,5055.044895478865
SAT-0-0,36.889069999999805,23.29102203171219,1200,SAT-7-0,29.453068803133714,338.2910220317122,1200,left,0.0008265208392329604,589000,5045.692150581716
SAT-0-0,36.889069999999805,23.29102203171219,1200,SAT-1-0,29.453068803133714,68.29102203171219,1200,right,0.0008265208395016102,589000,5045.6921505817145
SAT-0-0,37.1395899999998,23.480887829535384,1200,SAT-7-0,29.641424843861518,338.48088782953533,1200,left,0.0008296046598259462,593000,5036.298144738338
SAT-0-0,37.1395899999998,23.480887829535384,1200,SAT-1-0,29.641424843861518,68.48088782953539,1200,right,0.0008296046598259462,593000,5036.298144738337
SAT-0-0,37.390109999999794,23.67146479750822,1200,SAT-7-0,29.829509421154352,338.6714647975082,1200,left,0.0008327192961365688,597000,5026.863367016756
SAT-0-0,37.390109999999794,23.67146479750822,1200,SAT-1-0,29.829509421154352,68.67146479750822,1200,right,0.0008327192962698938,597000,5026.863367016754
SAT-0-0,37.640629999999796,23.86276002604458,1200,SAT-7-0,30.017319430234902,338.86276002604455,1200,left,0.000835864943345305,601000,5017.388310940418
SAT-0-0,37.640629999999796,23.86276002604458,1200,SAT-1-0,30.017319430234902,68.86276002604458,1200,right,0.000835864943345305,601000,5017.388310940417
SAT-0-0,37.89114999999979,24.05478065018437,1200,SAT-7-0,30.204851735591575,339.05478065018434,1200,left,0.0008390417959713139,605000,5007.8734745146785
SAT-0-0,37.89114999999979,24.05478065018437,1200,SAT-1-0,30.204851735591575,69.05478065018437,1200,right,0.0008390417961036343,605000,5007.8734745146785
SAT-0-0,38.14166999999979,24.247533849683244,1200,SAT-7-0,30.392103170605374,339.24753384968324,1200,left,0.0008422500497901872,609000,4998.319360253482
SAT-0-0,38.14166999999979,24.247533849683244,1200,SAT-1-0,30.392103170605374,69.24753384968325,1200,right,0.0008422500497901872,609000,4998.31936025348
SAT-0-0,38.392189999999786,24.44102684908884,1200,SAT-7-0,30.579070537173706,339.44102684908887,1200,left,0.0008454898995055686,613000,4988.726475206261
SAT-0-0,38.392189999999786,24.44102684908884,1200,SAT-1-0,30.579070537173706,69.44102684908883,1200,right,0.0008454898995055686,613000,4988.72647520626
SAT-0-0,38.64270999999978,24.63526691780309,1200,SAT-7-0,30.765750605331558,339.6352669178031,1200,left,0.0008487615419672848,617000,4979.095330985063
SAT-0-0,38.64270999999978,24.63526691780309,1200,SAT-1-0,30.765750605331558,69.6352669178031,1200,right,0.0008487615418364797,617000,4979.095330985062
SAT-0-0,38.893229999999775,24.830261370130042,1200,SAT-7-0,30.952140112869767,339.83026137013,1200,left,0.0008520651722786782,621000,4969.426443791853
SAT-0-0,38.893229999999775,24.830261370130042,1200,SAT-1-0,30.952140112869767,69.83026137013005,1200,right,0.0008520651718877844,621000,4969.426443791851
SAT-0-0,39.14374999999978,25.026017565308628,1200,SAT-7-0,31.138235764950554,340.0260175653086,1200,left,0.0008554009867424366,625000,4959.720334446036
SAT-0-0,39.14374999999978,25.026017565308628,1200,SAT-1-0,31.138235764950554,70.02601756530863,1200,right,0.0008554009867424366,625000,4959.720334446035
SAT-0-0,39.39426999999977,25.222542907529757,1200,SAT-7-0,31.324034233720308,340.2225429075297,1200,left,0.0008587691819884944,629000,4949.977528412185
SAT-0-0,39.39426999999977,25.222542907529757,1200,SAT-1-0,31.324034233720308,70.22254290752976,1200,right,0.0008587691817299329,629000,4949.977528412182
SAT-0-0,39.64478999999977,25.41984484593731,1200,SAT-7-0,31.5095321579198,340.4198448459373,1200,left,0.0008621699534775974,633000,4940.198555827916
SAT-0-0,39.64478999999977,25.41984484593731,1200,SAT-1-0,31.5095321579198,70.4198448459373,1200,right,0.0008621699533488266,633000,4940.198555827916
SAT-0-0,39.89530999999977,25.617930874612224,1200,SAT-7-0,31.694726142491604,340.6179308746122,1200,left,0.0008656034975028737,637000,4930.383951531995
SAT-0-0,39.89530999999977,25.617930874612224,1200,SAT-1-0,31.694726142491604,70.61793087461223,1200,right,0.0008656034977593938,637000,4930.383951531995
SAT-0-0,40.14582999999976,25.816808532539145,1200,SAT-7-0,31.879612758185,340.81680853253914,1200,left,0.0008690700104610037,641000,4920.5342550925925
SAT-0-0,40.14582999999976,25.816808532539145,1200,SAT-1-0,31.879612758185,70.81680853253914,1200,right,0.0008690700104610037,641000,4920.534255092592
SAT-0-0,40.396349999999764,26.016485403555116,1200,SAT-7-0,32.0641885411584,341.0164854035551,1200,left,0.0008725696871221292,645000,4910.650010835712
SAT-0-0,40.396349999999764,26.016485403555116,1200,SAT-1-0,32.0641885411584,71.01648540355512,1200,right,0.0008725696871221292,645000,4910.65001083571
SAT-0-0,40.64686999999976,26.21696911627935,1200,SAT-7-0,32.24844999257914,341.21696911627936,1200,left,0.0008761027236298743,649000,4900.731767873792
SAT-0-0,40.64686999999976,26.21696911627935,1200,SAT-1-0,32.24844999257914,71.21696911627934,1200,right,0.0008761027233764284,649000,4900.731767873791
SAT-0-0,40.89738999999976,26.418267344023818,1200,SAT-7-0,32.43239357822102,341.41826734402383,1200,left,0.0008796693133611642,653000,4890.780080134445
SAT-0-0,40.89738999999976,26.418267344023818,1200,SAT-1-0,32.43239357822102,71.41826734402382,1200,right,0.0008796693134873733,653000,4890.780080134445
SAT-0-0,41.147909999999754,26.620387804683528,1200,SAT-7-0,32.61601572805933,341.62038780468356,1200,left,0.0008832696521874922,657000,4880.795506389372
SAT-0-0,41.147909999999754,26.620387804683528,1200,SAT-1-0,32.61601572805933,71.62038780468353,1200,right,0.0008832696521874922,657000,4880.795506389372
SAT-0-0,41.39842999999975,26.82333826060619,1200,SAT-7-0,32.79931283586366,341.8233382606062,1200,left,0.0008869039332180748,661000,4870.77861028338
SAT-0-0,41.39842999999975,26.82333826060619,1200,SAT-1-0,32.79931283586366,71.82333826060618,1200,right,0.000886903933468434,661000,4870.778610283379
SAT-0-0,41.64894999999975,27.027126518440248,1200,SAT-7-0,32.98228125878852,342.02712651844024,1200,left,0.0008905723495249095,665000,4860.729960363557
SAT-0-0,41.64894999999975,27.027126518440248,1200,SAT-1-0,32.98228125878852,72.02712651844024,1200,right,0.0008905723494002455,665000,4860.7299603635565
SAT-0-0,41.899469999999745,27.231760428960634,1200,SAT-7-0,33.16491731696163,342.2317604289606,1200,left,0.0008942750932010067,669000,4850.650130108562
SAT-0-0,41.899469999999745,27.231760428960634,1200,SAT-1-0,33.16491731696163,72.23176042896063,1200,right,0.000894275093076859,669000,4850.650130108561
SAT-0-0,42.14998999999974,27.43724788687158,1200,SAT-7-0,33.34721729307045,342.43724788687155,1200,left,0.000898012355554426,673000,4840.53969795801
SAT-0-0,42.14998999999974,27.43724788687158,1200,SAT-1-0,33.34721729307045,72.43724788687159,1200,right,0.000898012355554426,673000,4840.539697958008
SAT-0-0,42.400509999999734,27.643596830585484,1200,SAT-7-0,33.5291774319464,342.6435968305855,1200,left,0.0009017843272975933,677000,4830.3992473419785
SAT-0-0,42.400509999999734,27.643596830585484,1200,SAT-1-0,33.5291774319464,72.6435968305855,1200,right,0.0009017843275438214,677000,4830.399247341978
SAT-0-0,42.651029999999736,27.850815241977227,1200,SAT-7-0,33.71079394014745,342.8508152419772,1200,left,0.0009055911972607323,681000,4820.229366710593
SAT-0-0,42.651029999999736,27.850815241977227,1200,SAT-1-0,33.71079394014745,72.85081524197723,1200,right,0.0009055911972607323,681000,4820.229366710591
SAT-0-0,42.90154999999973,28.058911146113022,1200,SAT-7-0,33.89206298553872,343.058911146113,1200,left,0.0009094331539456566,685000,4810.030649563685
SAT-0-0,42.90154999999973,28.058911146113022,1200,SAT-1-0,33.89206298553872,73.05891114611302,1200,right,0.0009094331538235781,685000,4810.030649563684
SAT-0-0,43.15206999999973,28.26789261095297,1200,SAT-7-0,34.07298069687152,343.26789261095297,1200,left,0.0009133103832723057,689000,4799.803694480531
SAT-0-0,43.15206999999973,28.26789261095297,1200,SAT-1-0,34.07298069687152,73.26789261095297,1200,right,0.0009133103832723057,689000,4799.803694480529
SAT-0-0,43.402589999999726,28.47776774702646,1200,SAT-7-0,34.25354316336072,343.47776774702646,1200,left,0.0009172230707402647,693000,4789.549105149621
SAT-0-0,43.402589999999726,28.47776774702646,1200,SAT-1-0,34.25354316336072,73.47776774702645,1200,right,0.0009172230708613064,693000,4789.549105149619
SAT-0-0,43.65310999999972,28.688544707079494,1200,SAT-7-0,34.43374643426068,343.6885447070795,1200,left,0.0009211714004022108,697000,4779.267490398499
SAT-0-0,43.65310999999972,28.688544707079494,1200,SAT-1-0,34.43374643426068,73.6885447070795,1200,right,0.0009211714004022108,697000,4779.267490398496
SAT-0-0,43.90362999999972,28.900231685693157,1200,SAT-7-0,34.61358651843983,343.90023168569314,1200,left,0.0009251555530237279,701000,4768.959464223597
SAT-0-0,43.90362999999972,28.900231685693157,1200,SAT-1-0,34.61358651843983,73.90023168569316,1200,right,0.0009251555533837398,701000,4768.959464223595
SAT-0-0,44.15414999999972,29.11283691887209,1200,SAT-7-0,34.793059383954,344.1128369188721,1200,left,0.0009291757102655991,705000,4758.625645820103
SAT-0-0,44.15414999999972,29.11283691887209,1200,SAT-1-0,34.793059383954,74.11283691887208,1200,right,0.0009291757100266296,705000,4758.625645820101
SAT-0-0,44.40466999999972,29.326368683602237,1200,SAT-7-0,34.97216095761857,344.32636868360225,1200,left,0.000933232048527553,709000,4748.266659611816
SAT-0-0,44.40466999999972,29.326368683602237,1200,SAT-1-0,34.97216095761857,74.32636868360224,1200,right,0.0009332320488844491,709000,4748.266659611815
SAT-0-0,44.65518999999971,29.54083529737675,1200,SAT-7-0,35.15088712457984,344.54083529737676,1200,left,0.0009373247446785719,713000,4737.883135280989
SAT-0-0,44.65518999999971,29.54083529737675,1200,SAT-1-0,35.15088712457984,74.54083529737674,1200,right,0.0009373247449154637,713000,4737.8831352809875
SAT-0-0,44.90570999999971,29.75624511768918,1200,SAT-7-0,35.32923372788536,344.7562451176892,1200,left,0.0009414539725587771,717000,4727.475707798118
SAT-0-0,44.90570999999971,29.75624511768918,1200,SAT-1-0,35.32923372788536,74.75624511768918,1200,right,0.0009414539725587771,717000,4727.475707798116
SAT-0-0,45.15622999999971,29.97260654149279,1200,SAT-7-0,35.50719656805376,344.9726065414928,1200,left,0.0009456199028605711,721000,4717.045017451701
SAT-0-0,45.15622999999971,29.97260654149279,1200,SAT-1-0,35.50719656805376,74.97260654149278,1200,right,0.0009456199028605711,721000,4717.0450174517
SAT-0-0,45.406749999999704,30.18992800462512,1200,SAT-7-0,35.68477140264398,345.18992800462513,1200,left,0.0009498227044170191,725000,4706.5917098779155
SAT-0-0,45.406749999999704,30.18992800462512,1200,SAT-1-0,35.68477140264398,75.18992800462512,1200,right,0.0009498227044170191,725000,4706.591709877915
SAT-0-0,45.657269999999706,30.4082179811966,1200,SAT-7-0,35.86195394582409,345.4082179811966,1200,left,0.0009540625434791383,729000,4696.116436090205
SAT-0-0,45.657269999999706,30.4082179811966,1200,SAT-1-0,35.86195394582409,75.4082179811966,1200,right,0.0009540625431300344,729000,4696.116436090203
SAT-0-0,45.9077899999997,30.6274849829423,1200,SAT-7-0,36.03873986794012,345.6274849829423,1200,left,0.0009583395825499242,733000,4685.619852508756
SAT-0-0,45.9077899999997,30.6274849829423,1200,SAT-1-0,36.03873986794012,75.62748498294229,1200,right,0.0009583395825499242,733000,4685.619852508754
SAT-0-0,46.158309999999695,30.847737558535552,1200,SAT-7-0,36.21512479508466,345.8477375585355,1200,left,0.0009626539827108203,737000,4675.102620989847
SAT-0-0,46.158309999999695,30.847737558535552,1200,SAT-1-0,36.21512479508466,75.84773755853556,1200,right,0.0009626539823648321,737000,4675.102620989845
SAT-0-0,46.40882999999969,31.068984292862414,1200,SAT-7-0,36.39110430866586,346.0689842928624,1200,left,0.0009670058992282618,741000,4664.565408855054
SAT-0-0,46.40882999999969,31.068984292862414,1200,SAT-1-0,36.39110430866586,76.06898429286241,1200,right,0.0009670058989986411,741000,4664.565408855053
SAT-0-0,46.65934999999969,31.291233806255875,1200,SAT-7-0,36.56667394497665,346.29123380625583,1200,left,0.0009713954867660942,745000,4654.008888920265
SAT-0-0,46.65934999999969,31.291233806255875,1200,SAT-1-0,36.56667394497665,76.29123380625589,1200,right,0.0009713954867660942,745000,4654.008888920264
SAT-0-0,46.909869999999685,31.51449475368841,1200,SAT-7-0,36.74182919476461,346.5144947536884,1200,left,0.0009758228945609601,749000,4643.433739524526
SAT-0-0,46.909869999999685,31.51449475368841,1200,SAT-1-0,36.74182919476461,76.51449475368842,1200,right,0.000975822894105868,749000,4643.433739524526
SAT-0-0,47.16038999999969,31.738775823922143,1200,SAT-7-0,36.91656550280276,346.73877582392214,1200,left,0.0009802882680719181,753000,4632.840644558632
SAT-0-0,47.16038999999969,31.738775823922143,1200,SAT-1-0,36.91656550280276,76.73877582392214,1200,right,0.0009802882684116824,753000,4632.8406445586315
SAT-0-0,47.41090999999968,31.964085738614823,1200,SAT-7-0,37.09087826746116,346.9640857386148,1200,left,0.0009847917507004446,757000,4622.2302934935105
SAT-0-0,47.41090999999968,31.964085738614823,1200,SAT-1-0,37.09087826746116,76.96408573861483,1200,right,0.0009847917509259183,757000,4622.2302934935105
SAT-0-0,47.661429999999676,32.19043325138095,1200,SAT-7-0,37.2647628402799,347.19043325138097,1200,left,0.0009893334790685242,761000,4611.603381408312
SAT-0-0,47.661429999999676,32.19043325138095,1200,SAT-1-0,37.2647628402799,77.19043325138095,1200,right,0.0009893334794051822,761000,4611.603381408311
SAT-0-0,47.91194999999968,32.41782714680639,1200,SAT-7-0,37.43821452554365,347.4178271468064,1200,left,0.0009939135876995589,765000,4600.960609018206
SAT-0-0,47.91194999999968,32.41782714680639,1200,SAT-1-0,37.43821452554365,77.41782714680639,1200,right,0.0009939135876995589,765000,4600.960609018205
SAT-0-0,48.16246999999967,32.64627623941541,1200,SAT-7-0,37.611228579857745,347.6462762394154,1200,left,0.0009985322044558714,769000,4590.302682701866
SAT-0-0,48.16246999999967,32.64627623941541,1200,SAT-1-0,37.611228579857745,77.6462762394154,1200,right,0.0009985322046782423,769000,4590.302682701865
SAT-0-0,48.412989999999674,32.87578937258884,1200,SAT-7-0,37.78380021172659,347.8757893725889,1200,left,0.0010031894539618501,773000,4579.630314528582
SAT-0-0,48.412989999999674,32.87578937258884,1200,SAT-1-0,37.78380021172659,77.87578937258883,1200,right,0.0010031894540725196,773000,4579.630314528581
SAT-0-0,48.66350999999967,33.10637541743188,1200,SAT-7-0,37.955924581134,348.1063754174319,1200,left,0.0010078854553172193,777000,4568.944222285015
SAT-0-0,48.66350999999967,33.10637541743188,1200,SAT-1-0,37.955924581134,78.10637541743188,1200,right,0.0010078854553172193,777000,4568.944222285013
SAT-0-0,48.91402999999966,33.33804327159049,1200,SAT-7-0,38.12759679912642,348.3380432715905,1200,left,0.0010126203223978561,781000,4558.245129501512
SAT-0-0,48.91402999999966,33.33804327159049,1200,SAT-1-0,38.12759679912642,78.3380432715905,1200,right,0.0010126203223978561,781000,4558.245129501511
SAT-0-0,49.164549999999664,33.57080185801476,1200,SAT-7-0,38.29881192739878,348.57080185801476,1200,left,0.0010173941630599228,785000,4547.533765477992
SAT-0-0,49.164549999999664,33.57080185801476,1200,SAT-1-0,38.29881192739878,78.57080185801476,1200,right,0.0010173941630599228,785000,4547.5337654779905
SAT-0-0,49.41506999999966,33.80466012366793,1200,SAT-7-0,38.46956497788364,348.80466012366793,1200,left,0.0010222070804329336,789000,4536.810865309356
SAT-0-0,49.41506999999966,33.80466012366793,1200,SAT-1-0,38.46956497788364,78.80466012366793,1200,right,0.0010222070804329336,789000,4536.810865309354
SAT-0-0,49.66558999999966,34.03962703817996,1200,SAT-7-0,38.63985091234372,349.03962703817996,1200,left,0.0010270591708284758,793000,4526.077169910364
SAT-0-0,49.66558999999966,34.03962703817996,1200,SAT-1-0,38.63985091234372,79.03962703817996,1200,right,0.0010270591708284758,793000,4526.077169910363
SAT-0-0,49.916109999999655,34.275711592443734,1200,SAT-7-0,38.80966464196831,349.2757115924437,1200,left,0.0010319505247233672,797000,4515.333426039993
SAT-0-0,49.916109999999655,34.275711592443734,1200,SAT-1-0,38.80966464196831,79.27571159244373,1200,right,0.0010319505248309521,797000,4515.333426039991
SAT-0-0,50.16662999999965,34.5129227971529,1200,SAT-7-0,38.979001026973776,349.5129227971529,1200,left,0.0010368812263265904,801000,4504.580386325183
SAT-0-0,50.16662999999965,34.5129227971529,1200,SAT-1-0,38.979001026973776,79.5129227971529,1200,right,0.0010368812264336638,801000,4504.580386325181
SAT-0-0,50.417149999999644,34.75126968127976,1200,SAT-7-0,39.147854876208505,349.7512696812798,1200,left,0.0010418513527355967,805000,4493.818809283983
SAT-0-0,50.417149999999644,34.75126968127976,1200,SAT-1-0,39.147854876208505,79.75126968127975,1200,right,0.0010418513527355967,805000,4493.81880928398
SAT-0-0,50.667669999999646,34.99076129049162,1200,SAT-7-0,39.316220946762854,349.9907612904916,1200,left,0.001046860973862673,809000,4483.049459348019
SAT-0-0,50.667669999999646,34.99076129049162,1200,SAT-1-0,39.316220946762854,79.99076129049162,1200,right,0.001046860973862673,809000,4483.049459348017
SAT-0-0,50.91818999999964,35.23140668550437,1200,SAT-7-0,39.484093943584135,350.23140668550434,1200,left,0.0010519101530006363,813000,4472.273106884268
SAT-0-0,50.91818999999964,35.23140668550437,1200,SAT-1-0,39.484093943584135,80.23140668550437,1200,right,0.0010519101532117236,813000,4472.273106884266
SAT-0-0,51.168709999999635,35.47321494037164,1200,SAT-7-0,39.65146851909731,350.47321494037163,1200,left,0.0010569989452754675,817000,4461.490528216087
SAT-0-0,51.168709999999635,35.47321494037164,1200,SAT-1-0,39.65146851909731,80.47321494037165,1200,right,0.0010569989450653966,817000,4461.490528216085
SAT-0-0,51.41922999999964,35.71619514070804,1200,SAT-7-0,39.81833927283175,350.71619514070807,1200,left,0.001062127398342525,821000,4450.702505643457
SAT-0-0,51.41922999999964,35.71619514070804,1200,SAT-1-0,39.81833927283175,80.71619514070802,1200,right,0.0010621273981334684,821000,4450.702505643455
SAT-0-0,51.66974999999963,35.960356381845024,1200,SAT-7-0,39.984700751054284,350.96035638184503,1200,left,0.0010672955510906388,825000,4439.909827462391
SAT-0-0,51.66974999999963,35.960356381845024,1200,SAT-1-0,39.984700751054284,80.96035638184502,1200,right,0.0010672955509866166,825000,4439.90982746239
SAT-0-0,51.92026999999963,36.20570776691789,1200,SAT-7-0,40.15054744640924,351.2057077669179,1200,left,0.001072503434665456,829000,4429.113287983474
SAT-0-0,51.92026999999963,36.20570776691789,1200,SAT-1-0,40.15054744640924,81.2057077669179,1200,right,0.0010725034348724898,829000,4429.113287983474
SAT-0-0,52.17078999999963,36.452258404882244,1200,SAT-7-0,40.31587379756566,351.4522584048823,1200,left,0.0010777510715104773,833000,4418.3136875494665
SAT-0-0,52.17078999999963,36.452258404882244,1200,SAT-1-0,40.31587379756566,81.45225840488224,1200,right,0.0010777510715104773,833000,4418.313687549464
SAT-0-0,52.42130999999962,36.70001740845851,1200,SAT-7-0,40.480674188872335,351.7000174084585,1200,left,0.0010830384739278867,837000,4407.5118325519425
SAT-0-0,52.42130999999962,36.70001740845851,1200,SAT-1-0,40.480674188872335,81.7000174084585,1200,right,0.0010830384736203564,837000,4407.5118325519425
SAT-0-0,52.67182999999962,36.94899389200293,1200,SAT-7-0,40.64494295002111,351.94899389200293,1200,left,0.0010883656459506766,841000,4396.7085354469145
SAT-0-0,52.67182999999962,36.94899389200293,1200,SAT-1-0,40.64494295002111,81.94899389200293,1200,right,0.0010883656457466601,841000,4396.7085354469145
SAT-0-0,52.92234999999962,37.19919696930342,1200,SAT-7-0,40.80867435571872,352.1991969693034,1200,left,0.0010937325812063815,845000,4385.904614769368
SAT-0-0,52.92234999999962,37.19919696930342,1200,SAT-1-0,40.80867435571872,82.19919696930343,1200,right,0.0010937325812063815,845000,4385.904614769367
SAT-0-0,53.17286999999962,37.45063575129881,1200,SAT-7-0,40.971862625368026,352.4506357512988,1200,left,0.0010991392637775923,849000,4375.10089514667
SAT-0-0,53.17286999999962,37.45063575129881,1200,SAT-1-0,40.971862625368026,82.4506357512988,1200,right,0.0010991392635755755,849000,4375.100895146668
SAT-0-0,53.423389999999614,37.703319343719876,1200,SAT-7-0,41.13450192275883,352.70331934371984,1200,left,0.0011045856663288512,853000,4364.298207310812
SAT-0-0,53.423389999999614,37.703319343719876,1200,SAT-1-0,41.13450192275883,82.70331934371987,1200,right,0.0011045856663288512,853000,4364.2982073108105
SAT-0-0,53.67390999999961,37.95725684465064,1200,SAT-7-0,41.296586355768994,352.95725684465066,1200,left,0.0011100717518947017,857000,4353.497388109399
SAT-0-0,53.67390999999961,37.95725684465064,1200,SAT-1-0,41.296586355768994,82.95725684465064,1200,right,0.001110071752094729,857000,4353.497388109397
SAT-0-0,53.9244299999996,38.21245734200831,1200,SAT-7-0,41.45810997607634,353.2124573420083,1200,left,0.0011155974722370648,861000,4342.699280515349
SAT-0-0,53.9244299999996,38.21245734200831,1200,SAT-1-0,41.45810997607634,83.2124573420083,1200,right,0.0011155974724361014,861000,4342.699280515347
SAT-0-0,54.174949999999605,38.4689299109404,1200,SAT-7-0,41.6190667788819,353.4689299109404,1200,left,0.0011211627667517576,865000,4331.904733635236
SAT-0-0,54.174949999999605,38.4689299109404,1200,SAT-1-0,41.6190667788819,83.4689299109404,1200,right,0.0011211627667517576,865000,4331.904733635236
SAT-0-0,54.4254699999996,38.726683611137446,1200,SAT-7-0,41.77945070264504,353.72668361113745,1200,left,0.0011267675638768596,869000,4321.114602716226
SAT-0-0,54.4254699999996,38.726683611137446,1200,SAT-1-0,41.77945070264504,83.72668361113745,1200,right,0.001126767563679796,869000,4321.114602716225
SAT-0-0,54.6759899999996,38.985727484059765,1200,SAT-7-0,41.9392556288312,353.98572748405974,1200,left,0.0011324117789359425,873000,4310.329749151519
SAT-0-0,54.6759899999996,38.985727484059765,1200,SAT-1-0,41.9392556288312,83.98572748405977,1200,right,0.0011324117791320237,873000,4310.329749151516
SAT-0-0,54.926509999999595,39.24607055007678,1200,SAT-7-0,42.09847538167264,354.24607055007675,1200,left,0.0011380953159536153,877000,4299.551040484265
SAT-0-0,54.926509999999595,39.24607055007678,1200,SAT-1-0,42.09847538167264,84.2460705500768,1200,right,0.0011380953157585133,877000,4299.5510404842635
SAT-0-0,55.17702999999959,39.50772180551744,1200,SAT-7-0,42.257103727943054,354.50772180551746,1200,left,0.0011438180641818762,881000,4288.779350409868
SAT-0-0,55.17702999999959,39.50772180551744,1200,SAT-1-0,42.257103727943054,84.50772180551743,1200,right,0.0011438180641818762,881000,4288.779350409867
SAT-0-0,55.42754999999959,39.77069021963012,1200,SAT-7-0,42.41513437674643,354.7706902196301,1200,left,0.0011495799011106767,885000,4278.015558776609
SAT-0-0,55.42754999999959,39.77069021963012,1200,SAT-1-0,42.41513437674643,84.77069021963013,1200,right,0.0011495799011106767,885000,4278.015558776607
SAT-0-0,55.678069999999586,40.0349847314506,1200,SAT-7-0,42.57256097932106,355.0349847314506,1200,left,0.0011553806896297024,889000,4267.26055158453
SAT-0-0,55.678069999999586,40.0349847314506,1200,SAT-1-0,42.57256097932106,85.03498473145059,1200,right,0.0011553806896297024,889000,4267.260551584529
SAT-0-0,55.92858999999959,40.300614246576835,1200,SAT-7-0,42.729377128859234,355.3006142465768,1200,left,0.0011612202781498351,893000,4256.515220982515
SAT-0-0,55.92858999999959,40.300614246576835,1200,SAT-1-0,42.729377128859234,85.30061424657684,1200,right,0.0011612202781498351,893000,4256.515220982513
SAT-0-0,56.17910999999958,40.567587633848845,1200,SAT-7-0,42.88557636034329,355.56758763384886,1200,left,0.0011670985005378214,897000,4245.7804652634595
SAT-0-0,56.17910999999958,40.567587633848845,1200,SAT-1-0,42.88557636034329,85.56758763384885,1200,right,0.0011670985005378214,897000,4245.780465263459
SAT-0-0,56.42962999999958,40.835913721932414,1200,SAT-7-0,43.04115215039884,355.83591372193246,1200,left,0.0011730151766277666,901000,4235.057188857512
SAT-0-0,56.42962999999958,40.835913721932414,1200,SAT-1-0,43.04115215039884,85.8359137219324,1200,right,0.0011730151766277666,901000,4235.0571888575105
SAT-0-0,56.68014999999958,41.105601295805464,1200,SAT-7-0,43.19609791716572,356.10560129580546,1200,left,0.0011789701096164469,905000,4224.346302323248
SAT-0-0,56.68014999999958,41.105601295805464,1200,SAT-1-0,43.19609791716572,86.10560129580546,1200,right,0.001178970109428109,905000,4224.346302323247
SAT-0-0,56.93066999999957,41.37665909314541,1200,SAT-7-0,43.3504070201877,356.3766590931454,1200,left,0.0011849630865423595,909000,4213.648722336761
SAT-0-0,56.93066999999957,41.37665909314541,1200,SAT-1-0,43.3504070201877,86.3766590931454,1200,right,0.0011849630865423595,909000,4213.648722336761
SAT-0-0,57.181189999999575,41.649095800616685,1200,SAT-7-0,43.50407276032123,356.6490958006167,1200,left,0.0011909938795036242,913000,4202.965371678548
SAT-0-0,57.181189999999575,41.649095800616685,1200,SAT-1-0,43.50407276032123,86.64909580061669,1200,right,0.0011909938795036242,913000,4202.965371678545
SAT-0-0,57.431709999999576,41.92292005005666,1200,SAT-7-0,43.657088379664515,356.9229200500567,1200,left,0.0011970622421161076,917000,4192.2971792181115
SAT-0-0,57.431709999999576,41.92292005005666,1200,SAT-1-0,43.657088379664515,86.92292005005666,1200,right,0.0011970622424870901,917000,4192.29717921811
SAT-0-0,57.68222999999958,42.198140414559376,1200,SAT-7-0,43.80944706150739,357.1981404145594,1200,left,0.0012031679124529446,921000,4181.6450798962405
SAT-0-0,57.68222999999958,42.198140414559376,1200,SAT-1-0,43.80944706150739,87.19814041455938,1200,right,0.0012031679126374947,921000,4181.64507989624
SAT-0-0,57.93274999999959,42.474765404455475,1200,SAT-7-0,43.9611419303028,357.47476540445547,1200,left,0.0012093106093842986,925000,4171.01001470483
SAT-0-0,57.93274999999959,42.474765404455475,1200,SAT-1-0,43.9611419303028,87.47476540445548,1200,right,0.0012093106093842986,925000,4171.010014704829
SAT-0-0,58.18326999999959,42.75280346318761,1200,SAT-7-0,44.11216605166088,357.7528034631876,1200,left,0.0012154900343330196,929000,4160.392930664184
SAT-0-0,58.18326999999959,42.75280346318761,1200,SAT-1-0,44.11216605166088,87.75280346318762,1200,right,0.0012154900343330196,929000,4160.392930664183
SAT-0-0,58.4337899999996,43.032262963080136,1200,SAT-7-0,44.26251243236632,358.0322629630801,1200,left,0.001221705869804125,933000,4149.794780797716
SAT-0-0,58.4337899999996,43.032262963080136,1200,SAT-1-0,44.26251243236632,88.03226296308013,1200,right,0.001221705869804125,933000,4149.794780797713
SAT-0-0,58.6843099999996,43.313152201002225,1200,SAT-7-0,44.41217402041994,358.3131522010022,1200,left,0.001227957779593677,937000,4139.216524103947
SAT-0-0,58.6843099999996,43.313152201002225,1200,SAT-1-0,44.41217402041994,88.31315220100223,1200,right,0.0012279577797745013,937000,4139.216524103947
SAT-0-0,58.93482999999961,43.595479393923654,1200,SAT-7-0,44.561143705105174,358.59547939392365,1200,left,0.0012342454076495043,941000,4128.65912552573
SAT-0-0,58.93482999999961,43.595479393923654,1200,SAT-1-0,44.561143705105174,88.59547939392365,1200,right,0.0012342454076495043,941000,4128.659125525729
SAT-0-0,59.18534999999961,43.879252674362185,1200,SAT-7-0,44.70941431708075,358.8792526743622,1200,left,0.0012405683780478778,945000,4118.12355591658
SAT-0-0,59.18534999999961,43.879252674362185,1200,SAT-1-0,44.70941431708075,88.87925267436218,1200,right,0.0012405683780478778,945000,4118.123555916579
SAT-0-0,59.43586999999962,44.16448008572234,1200,SAT-7-0,44.85697862849991,359.16448008572235,1200,left,0.0012469262936427997,949000,4107.6107920040495
SAT-0-0,59.43586999999962,44.16448008572234,1200,SAT-1-0,44.85697862849991,89.16448008572235,1200,right,0.0012469262938208734,949000,4107.610792004049
SAT-0-0,59.68638999999962,44.451169577524446,1200,SAT-7-0,45.00382935315744,359.45116957752447,1200,left,0.001253318737775653,953000,4097.121816350037
SAT-0-0,59.68638999999962,44.451169577524446,1200,SAT-1-0,45.00382935315744,89.45116957752444,1200,right,0.0012533187379528184,953000,4097.121816350036
SAT-0-0,59.93690999999963,44.73932900052387,1200,SAT-7-0,45.14995914666556,359.73932900052387,1200,left,0.0012597452708284448,957000,4086.65761730794
SAT-0-0,59.93690999999963,44.73932900052387,1200,SAT-1-0,45.14995914666556,89.73932900052385,1200,right,0.0012597452708284448,957000,4086.6576173079407
SAT-0-0,60.18742999999963,45.02896610171976,1200,SAT-7-0,45.29536060665896,0.028966101719768184,1200,left,0.00126620543206229,961000,4076.219188976557
SAT-0-0,60.18742999999963,45.02896610171976,1200,SAT-1-0,45.29536060665896,90.02896610171977,1200,right,0.00126620543206229,961000,4076.2191889765563
SAT-0-0,60.43794999999964,45.32008851925326,1200,SAT-7-0,45.4400262730308,0.320088519253258,1200,left,0.001272698737568954,965000,4065.8075311506223
SAT-0-0,60.43794999999964,45.32008851925326,1200,SAT-1-0,45.4400262730308,90.32008851925326,1200,right,0.001272698737656188,965000,4065.8075311506213
SAT-0-0,60.68846999999964,45.61270377719472,1200,SAT-7-0,45.58394862819993,0.6127037771947327,1200,left,0.001279224681763233,969000,4055.4236492679197
SAT-0-0,60.68846999999964,45.61270377719472,1200,SAT-1-0,45.58394862819993,90.61270377719472,1200,right,0.0012792246816764443,969000,4055.423649267919
SAT-0-0,60.93898999999965,45.906819280220134,1200,SAT-7-0,45.72712009741059,0.906819280220161,1200,left,0.0012857827340013294,973000,4045.068554352827
SAT-0-0,60.93898999999965,45.906819280220134,1200,SAT-1-0,45.72712009741059,90.90681928022013,1200,right,0.0012857827340876755,973000,4045.068554352826
SAT-0-0,61.18950999999965,46.20244230817679,1200,SAT-7-0,45.869533049065744,1.202442308176781,1200,left,0.001292372341408143,977000,4034.7432629562163
SAT-0-0,61.18950999999965,46.20244230817679,1200,SAT-1-0,45.869533049065744,91.2024423081768,1200,right,0.0012923723412363315,977000,4034.743262956216
SAT-0-0,61.44002999999966,46.49958001053819,1200,SAT-7-0,46.01117979509448,1.4995800105381971,1200,left,0.0012989929253859518,981000,4024.4487970916084
SAT-0-0,61.44002999999966,46.49958001053819,1200,SAT-1-0,46.01117979509448,91.4995800105382,1200,right,0.0012989929253859518,981000,4024.4487970916075
SAT-0-0,61.69054999999966,46.79823940074884,1200,SAT-7-0,46.15205259135517,1.7982394007488451,1200,left,0.0013056438833373815,985000,4014.1861841674695
SAT-0-0,61.69054999999966,46.79823940074884,1200,SAT-1-0,46.15205259135517,91.79823940074884,1200,right,0.0013056438832523489,985000,4014.186184167468
SAT-0-0,61.94106999999966,47.098427350459296,1200,SAT-7-0,46.29214363807488,2.0984273504593007,1200,left,0.0013123245867889964,989000,4003.956456915565
SAT-0-0,61.94106999999966,47.098427350459296,1200,SAT-1-0,46.29214363807488,92.0984273504593,1200,right,0.0013123245868735963,989000,4003.956456915563
SAT-0-0,62.19158999999967,47.40015058365199,1200,SAT-7-0,46.431445080326185,2.4001505836519725,1200,left,0.0013190343819343257,993000,3993.7606533152352
SAT-0-0,62.19158999999967,47.40015058365199,1200,SAT-1-0,46.431445080326185,92.40015058365199,1200,right,0.0013190343820184951,993000,3993.760653315234
SAT-0-0,62.44210999999967,47.70341567065899,1200,SAT-7-0,46.569949008542594,2.703415670659014,1200,left,0.0013257725884073595,997000,3983.5998165135316
SAT-0-0,62.44210999999967,47.70341567065899,1200,SAT-1-0,46.569949008542594,92.70341567065898,1200,right,0.0013257725884911011,997000,3983.59981651353
SAT-0-0,62.69262999999968,48.00822902207233,1200,SAT-7-0,46.707647459073264,3.008229022072348,1200,left,0.0013325384991814807,1001000,3973.4749947410755
SAT-0-0,62.69262999999968,48.00822902207233,1200,SAT-1-0,46.707647459073264,93.00822902207233,1200,right,0.0013325384990981644,1001000,3973.474994741076
SAT-0-0,62.94314999999968,48.31459688254828,1200,SAT-7-0,46.84453241477832,3.314596882548255,1200,left,0.0013393313797302844,1005000,3963.3872412235523
SAT-0-0,62.94314999999968,48.31459688254828,1200,SAT-1-0,46.84453241477832,93.31459688254829,1200,right,0.0013393313797302844,1005000,3963.3872412235514
SAT-0-0,63.19366999999969,48.62252532450688,1200,SAT-7-0,46.980595805665715,3.622525324506868,1200,left,0.0013461504684553816,1009000,3953.3376140887244
SAT-0-0,63.19366999999969,48.62252532450688,1200,SAT-1-0,46.980595805665715,93.62252532450688,1200,right,0.0013461504685378556,1009000,3953.3376140887235
SAT-0-0,63.44418999999969,48.932020241728274,1200,SAT-7-0,47.11582950957054,3.93202024172827,1200,left,0.0013529949751359387,1013000,3943.3271762688846
SAT-0-0,63.44418999999969,48.932020241728274,1200,SAT-1-0,47.11582950957054,93.93202024172827,1200,right,0.0013529949752179955,1013000,3943.327176268884
SAT-0-0,63.6947099999997,49.24308734284756,1200,SAT-7-0,47.25022535287804,4.24308734284757,1200,left,0.0013598640812247393,1017000,3933.356995398608
SAT-0-0,63.6947099999997,49.24308734284756,1200,SAT-1-0,47.25022535287804,94.24308734284756,1200,right,0.0013598640812247393,1017000,3933.3569953986075
SAT-0-0,63.945229999999704,49.5557321447501,1200,SAT-7-0,47.38377511129108,4.555732144750087,1200,left,0.0013667569390825355,1021000,3923.4281437077357
SAT-0-0,63.945229999999704,49.5557321447501,1200,SAT-1-0,47.38377511129108,94.55573214475011,1200,right,0.0013667569390825355,1021000,3923.4281437077334
SAT-0-0,64.1957499999997,49.869959965869654,1200,SAT-7-0,47.516470510643444,4.869959965869643,1200,left,0.0013736726717230143,1025000,3913.54169790946
SAT-0-0,64.1957499999997,49.869959965869654,1200,SAT-1-0,47.516470510643444,94.86995996586965,1200,right,0.0013736726718846573,1025000,3913.5416979094575
SAT-0-0,64.4462699999997,50.18577591939129,1200,SAT-7-0,47.648303227759484,5.185775919391282,1200,left,0.0013806103728088162,1029000,3903.698739083429
SAT-0-0,64.4462699999997,50.18577591939129,1200,SAT-1-0,47.648303227759484,95.18577591939128,1200,right,0.0013806103726479854,1029000,3903.6987390834274
SAT-0-0,64.6967899999997,50.50318490636229,1200,SAT-7-0,47.77926489136174,5.503184906362295,1200,left,0.0013875691046488943,1033000,3893.9003525537637
SAT-0-0,64.6967899999997,50.50318490636229,1200,SAT-1-0,47.77926489136174,95.50318490636229,1200,right,0.0013875691048089184,1033000,3893.9003525537623
SAT-0-0,64.94730999999969,50.82219160871339,1200,SAT-7-0,47.909347083026866,5.822191608713364,1200,left,0.0013945479003170497,1037000,3884.1476277618704
SAT-0-0,64.94730999999969,50.82219160871339,1200,SAT-1-0,47.909347083026866,95.8221916087134,1200,right,0.0013945479002374379,1037000,3884.147627761868
SAT-0-0,65.19782999999968,51.14280048219367,1200,SAT-7-0,48.03854133819148,6.142800482193669,1200,left,0.0014015457607170722,1041000,3874.4416581339815
SAT-0-0,65.19782999999968,51.14280048219367,1200,SAT-1-0,48.03854133819148,96.14280048219366,1200,right,0.0014015457607170722,1041000,3874.4416581339806
SAT-0-0,65.44834999999968,51.46501574922255,1200,SAT-7-0,48.166839147208364,6.465015749222568,1200,left,0.001408561656306532,1045000,3864.783540943306
SAT-0-0,65.44834999999968,51.46501574922255,1200,SAT-1-0,48.166839147208364,96.46501574922254,1200,right,0.0014085616561488926,1045000,3864.7835409433046
SAT-0-0,65.69886999999967,51.78884139166224,1200,SAT-7-0,48.294231956454404,6.788841391662264,1200,left,0.0014155945253959935,1049000,3855.174377166696
SAT-0-0,65.69886999999967,51.78884139166224,1200,SAT-1-0,48.294231956454404,96.78884139166223,1200,right,0.0014155945255528496,1049000,3855.174377166694
SAT-0-0,65.94938999999967,52.114281143514916,1200,SAT-7-0,48.42071116949092,7.114281143514893,1200,left,0.0014226432747600469,1053000,3845.6152713357433
SAT-0-0,65.94938999999967,52.114281143514916,1200,SAT-1-0,48.42071116949092,97.11428114351492,1200,right,0.0014226432747600469,1053000,3845.615271335741
SAT-0-0,66.19990999999966,52.44133848354825,1200,SAT-7-0,48.54626814827745,7.441338483548271,1200,left,0.0014297067783641286,1057000,3836.1073313822126
SAT-0-0,66.19990999999966,52.44133848354825,1200,SAT-1-0,48.54626814827745,97.44133848354825,1200,right,0.0014297067782864745,1057000,3836.107331382213
SAT-0-0,66.45042999999967,52.77001662785431,1200,SAT-7-0,48.6708942144398,7.7700166278543055,1200,left,0.0014367838777483303,1061000,3826.651668477728
SAT-0-0,66.45042999999967,52.77001662785431,1200,SAT-1-0,48.6708942144398,97.7700166278543,1200,right,0.0014367838777483303,1061000,3826.651668477726
SAT-0-0,66.70094999999966,53.10031852234593,1200,SAT-7-0,48.79458065059335,8.100318522345946,1200,left,0.0014438733820114273,1065000,3817.249396867601
SAT-0-0,66.70094999999966,53.10031852234593,1200,SAT-1-0,48.79458065059335,98.10031852234592,1200,right,0.0014438733819345355,1065000,3817.2493968676
SAT-0-0,66.95146999999966,53.43224683519613,1200,SAT-7-0,48.91731870172233,8.432246835196112,1200,left,0.0014509740664896483,1069000,3807.901633698766
SAT-0-0,66.95146999999966,53.43224683519613,1200,SAT-1-0,48.91731870172233,98.43224683519614,1200,right,0.001450974066566164,1069000,3807.901633698765
SAT-0-0,67.20198999999965,53.765803949225585,1200,SAT-7-0,49.03909957661596,8.765803949225587,1200,left,0.0014580846738286666,1073000,3798.6094988417003
SAT-0-0,67.20198999999965,53.765803949225585,1200,SAT-1-0,49.03909957661596,98.76580394922559,1200,right,0.0014580846739048092,1073000,3798.6094988416976
SAT-0-0,67.45250999999965,54.10099195424365,1200,SAT-7-0,49.15991444936225,9.100991954243673,1200,left,0.0014652039128960441,1077000,3789.3741147062597
SAT-0-0,67.45250999999965,54.10099195424365,1200,SAT-1-0,49.15991444936225,99.10099195424365,1200,right,0.0014652039128202716,1077000,3789.374114706258
SAT-0-0,67.70302999999966,54.437812639349104,1200,SAT-7-0,49.27975446090009,9.43781263934912,1200,left,0.0014723304590748467,1081000,3780.1966060513923
SAT-0-0,67.70302999999966,54.437812639349104,1200,SAT-1-0,49.27975446090009,99.4378126393491,1200,right,0.0014723304590748467,1081000,3780.196606051392
SAT-0-0,67.95354999999965,54.77626748519662,1200,SAT-7-0,49.39861072063054,9.776267485196644,1200,left,0.0014794629535646003,1085000,3771.07809978862
SAT-0-0,67.95354999999965,54.77626748519662,1200,SAT-1-0,49.39861072063054,99.77626748519661,1200,right,0.0014794629536396425,1085000,3771.078099788619
SAT-0-0,68.20406999999965,55.116357656235635,1200,SAT-7-0,49.5164743080878,10.116357656235659,1200,left,0.0014866000044851148,1089000,3762.019724779238
SAT-0-0,68.20406999999965,55.116357656235635,1200,SAT-1-0,49.5164743080878,100.11635765623564,1200,right,0.0014866000041863865,1089000,3762.0197247792366
SAT-0-0,68.45458999999964,55.458083992928394,1200,SAT-7-0,49.633336274670576,10.458083992928398,1200,left,0.001493740184519058,1093000,3753.0226116251865
SAT-0-0,68.45458999999964,55.458083992928394,1200,SAT-1-0,49.633336274670576,100.4580839929284,1200,right,0.001493740184593383,1093000,3753.022611625185
SAT-0-0,68.70510999999964,55.80144700395424,1200,SAT-7-0,49.74918764543442,10.801447003954255,1200,left,0.0015008820341579742,1097000,3744.087892453534
SAT-0-0,68.70510999999964,55.80144700395424,1200,SAT-1-0,49.74918764543442,100.80144700395422,1200,right,0.0015008820340100314,1097000,3744.0878924535327
SAT-0-0,68.95562999999963,56.14644685840778,1200,SAT-7-0,49.86401942094559,11.146446858407803,1200,left,0.0015080240584382826,1101000,3735.216700694516
SAT-0-0,68.95562999999963,56.14644685840778,1200,SAT-1-0,49.86401942094559,101.14644685840777,1200,right,0.0015080240582910404,1101000,3735.2167006945156
SAT-0-0,69.20614999999964,56.49308337799866,1200,SAT-7-0,49.977822579196804,11.493083377998644,1200,left,0.001515164728738364,1105000,3726.4101708530934
SAT-0-0,69.20614999999964,56.49308337799866,1200,SAT-1-0,49.977822579196804,101.49308337799866,1200,right,0.00151516472866509,1105000,3726.410170853092
SAT-0-0,69.45666999999963,56.84135602926092,1200,SAT-7-0,50.09058807758541,11.841356029260945,1200,left,0.0015223024829785754,1109000,3717.669438273991
SAT-0-0,69.45666999999963,56.84135602926092,1200,SAT-1-0,50.09058807758541,101.84135602926092,1200,right,0.0015223024828327145,1109000,3717.6694382739893
SAT-0-0,69.70718999999963,57.191263915780695,1200,SAT-7-0,50.20230685495439,12.19126391578071,1200,left,0.0015294357244929697,1113000,3708.995638900203
SAT-0-0,69.70718999999963,57.191263915780695,1200,SAT-1-0,50.20230685495439,102.1912639157807,1200,right,0.00152943572456556,1113000,3708.995638900203
SAT-0-0,69.95770999999962,57.542805770450755,1200,SAT-7-0,50.312969833696236,12.542805770450753,1200,left,0.0015365628232996073,1117000,3700.389909024909
SAT-0-0,69.95770999999962,57.542805770450755,1200,SAT-1-0,50.312969833696236,102.54280577045076,1200,right,0.0015365628232273535,1117000,3700.389909024908
SAT-0-0,70.20822999999962,57.89597994776091,1200,SAT-7-0,50.422567921920326,12.895979947760935,1200,left,0.0015436821157350704,1121000,3691.8533850368085
SAT-0-0,70.20822999999962,57.89597994776091,1200,SAT-1-0,50.422567921920326,102.8959799477609,1200,right,0.001543682115806991,1121000,3691.853385036809
SAT-0-0,70.45874999999963,58.25078441613391,1200,SAT-7-0,50.5310920156835,13.250784416133888,1200,left,0.00155079190486706,1125000,3683.3872031588717
SAT-0-0,70.45874999999963,58.25078441613391,1200,SAT-1-0,50.5310920156835,103.25078441613391,1200,right,0.0015507919047954692,1125000,3683.3872031588708
SAT-0-0,70.70926999999962,58.60721675031626,1200,SAT-7-0,50.638533001284394,13.60721675031626,1200,left,0.001557890460233666,1129000,3674.992499180474
SAT-0-0,70.70926999999962,58.60721675031626,1200,SAT-1-0,50.638533001284394,103.60721675031625,1200,right,0.001557890460376195,1129000,3674.9924991804746
SAT-0-0,70.95978999999961,58.965274123834206,1200,SAT-7-0,50.74488175762119,13.965274123834195,1200,left,0.0015649760193414705,1133000,3666.6704081829525
SAT-0-0,70.95978999999961,58.965274123834206,1200,SAT-1-0,50.74488175762119,103.9652741238342,1200,right,0.0015649760193414705,1133000,3666.670408182952
SAT-0-0,71.21030999999961,59.32495330152502,1200,SAT-7-0,50.85012915861288,14.324953301525023,1200,left,0.001572046786557782,1137000,3658.42206425858
SAT-0-0,71.21030999999961,59.32495330152502,1200,SAT-1-0,50.85012915861288,104.32495330152503,1200,right,0.001572046786487159,1137000,3658.42206425858
SAT-0-0,71.4608299999996,59.686250632154106,1200,SAT-7-0,50.95426607568393,14.686250632154106,1200,left,0.0015791009344693257,1141000,3650.248600222991
SAT-0-0,71.4608299999996,59.686250632154106,1200,SAT-1-0,50.95426607568393,104.6862506321541,1200,right,0.001579100934328711,1141000,3650.2486002229907
SAT-0-0,71.71134999999961,60.04916204112901,1200,SAT-7-0,51.057283380312015,15.049162041129025,1200,left,0.0015861366039195118,1145000,3642.1511473210862
SAT-0-0,71.71134999999961,60.04916204112901,1200,SAT-1-0,51.057283380312015,105.04916204112901,1200,right,0.0015861366039895074,1145000,3642.1511473210853
SAT-0-0,71.9618699999996,60.41368302332111,1200,SAT-7-0,51.15917194663848,15.41368302332109,1200,left,0.0015931519049243467,1149000,3634.1308349264564
SAT-0-0,71.9618699999996,60.41368302332111,1200,SAT-1-0,51.15917194663848,105.41368302332111,1200,right,0.0015931519049243467,1149000,3634.130834926455
SAT-0-0,72.2123899999996,60.77980863600695,1200,SAT-7-0,51.25992265414139,15.77980863600696,1200,left,0.0016001449165654945,1153000,3626.188790234388
SAT-0-0,72.2123899999996,60.77980863600695,1200,SAT-1-0,51.25992265414139,105.77980863600695,1200,right,0.0016001449164961116,1153000,3626.1887902343865
SAT-0-0,72.4629099999996,61.14753349194025,1200,SAT-7-0,51.35952639037027,16.147533491940266,1200,left,0.0016071136879629764,1157000,3618.326137948495
SAT-0-0,72.4629099999996,61.14753349194025,1200,SAT-1-0,51.35952639037027,106.14753349194025,1200,right,0.0016071136879629764,1157000,3618.3261379484943
SAT-0-0,72.71342999999959,61.51685175256682,1200,SAT-7-0,51.45797405374225,16.51685175256685,1200,left,0.0016140562389867698,1161000,3610.5439999610658
SAT-0-0,72.71342999999959,61.51685175256682,1200,SAT-1-0,51.45797405374225,106.51685175256682,1200,right,0.0016140562391243393,1161000,3610.543999961065
SAT-0-0,72.96394999999958,61.887757121394486,1200,SAT-7-0,51.55525655639873,16.887757121394472,1200,left,0.001620970560919627,1165000,3602.8434950271953
SAT-0-0,72.96394999999958,61.887757121394486,1200,SAT-1-0,51.55525655639873,106.88775712139449,1200,right,0.001620970560919627,1165000,3602.843495027194
SAT-0-0,73.21446999999958,62.26024283752998,1200,SAT-7-0,51.651364827121846,17.260242837529955,1200,left,0.0016278546170715629,1169000,3595.2257384328
SAT-0-0,73.21446999999958,62.26024283752998,1200,SAT-1-0,51.651364827121846,107.26024283752997,1200,right,0.0016278546170033614,1169000,3595.2257384328
SAT-0-0,73.46498999999959,62.63430166939597,1200,SAT-7-0,51.74628981430988,17.63430166939598,1200,left,0.0016347063434143615,1173000,3587.691841656626
SAT-0-0,73.46498999999959,62.63430166939597,1200,SAT-1-0,51.74628981430988,107.63430166939597,1200,right,0.0016347063434143615,1173000,3587.691841656624
SAT-0-0,73.71550999999958,63.009925908640106,1200,SAT-7-0,51.8400224890104,18.00992590864013,1200,left,0.0016415236499785159,1177000,3580.2429120263473
SAT-0-0,73.71550999999958,63.009925908640106,1200,SAT-1-0,51.8400224890104,108.0099259086401,1200,right,0.0016415236498432484,1177000,3580.242912026347
SAT-0-0,73.96602999999958,63.38710736424954,1200,SAT-7-0,51.93255384801025,18.38710736424955,1200,left,0.0016483044210364123,1181000,3572.880052368913
SAT-0-0,73.96602999999958,63.38710736424954,1200,SAT-1-0,51.93255384801025,108.38710736424954,1200,right,0.0016483044211711233,1181000,3572.8800523689115
SAT-0-0,74.21654999999957,63.7658373568834,1200,SAT-7-0,52.02387491698098,18.76583735688338,1200,left,0.0016550465172586503,1185000,3565.604360655239
SAT-0-0,74.21654999999957,63.7658373568834,1200,SAT-1-0,52.02387491698098,108.76583735688341,1200,right,0.0016550465172586503,1185000,3565.6043606552366
SAT-0-0,74.46706999999957,64.14610671343662,1200,SAT-7-0,52.113976753678365,19.146106713436634,1200,left,0.001661747775310435,1189000,3558.4169296394416
SAT-0-0,74.46706999999957,64.14610671343662,1200,SAT-1-0,52.113976753678365,109.14610671343662,1200,right,0.001661747775310435,1189000,3558.4169296394402
SAT-0-0,74.71758999999957,64.52790576184805,1200,SAT-7-0,52.202850451194756,19.52790576184808,1200,left,0.001668406009750729,1193000,3551.318846492742
SAT-0-0,74.71758999999957,64.52790576184805,1200,SAT-1-0,52.202850451194756,109.52790576184805,1200,right,0.001668406009750729,1193000,3551.3188464927416
SAT-0-0,74.96810999999957,64.91122432616599,1200,SAT-7-0,52.290487141262304,19.911224326166025,1200,left,0.0016750190142528496,1197000,3544.3111924322334
SAT-0-0,74.96810999999957,64.91122432616599,1200,SAT-1-0,52.290487141262304,109.91122432616599,1200,right,0.0016750190142528496,1197000,3544.311192432233
SAT-0-0,75.21862999999956,65.29605172188478,1200,SAT-7-0,52.3768779976057,20.29605172188479,1200,left,0.001681584562363165,1201000,3537.3950423446854
SAT-0-0,75.21862999999956,65.29605172188478,1200,SAT-1-0,52.3768779976057,110.29605172188478,1200,right,0.0016815845624291875,1201000,3537.395042344685
SAT-0-0,75.46914999999956,65.682376751565,1200,SAT-7-0,52.46201423934245,20.682376751564988,1200,left,0.0016881004092569928,1205000,3530.5714644056093
SAT-0-0,75.46914999999956,65.682376751565,1200,SAT-1-0,52.46201423934245,110.682376751565,1200,right,0.0016881004091254574,1205000,3530.5714644056097
SAT-0-0,75.71966999999955,66.07018770075108,1200,SAT-7-0,52.545887134428654,21.070187700751067,1200,left,0.0016945642923680692,1209000,3523.841519693773
SAT-0-0,75.71966999999955,66.07018770075108,1200,SAT-1-0,52.545887134428654,111.07018770075108,1200,right,0.0016945642924991028,1209000,3523.8415196937726
SAT-0-0,75.97018999999956,66.45947233419926,1200,SAT-7-0,52.62848800314841,21.45947233419929,1200,left,0.001700973933793423,1213000,3517.2062618013997
SAT-0-0,75.97018999999956,66.45947233419926,1200,SAT-1-0,52.62848800314841,111.45947233419926,1200,right,0.0017009739336628833,1213000,3517.2062618013993
SAT-0-0,76.22070999999956,66.8502178924288,1200,SAT-7-0,52.709808221644515,21.85021789242882,1200,left,0.0017073270405253702,1217000,3510.6667364403033
SAT-0-0,76.22070999999956,66.8502178924288,1200,SAT-1-0,52.709808221644515,111.8502178924288,1200,right,0.0017073270405253702,1217000,3510.666736440301
SAT-0-0,76.47122999999955,67.24241108860963,1200,SAT-7-0,52.78983922548816,22.242411088609625,1200,left,0.0017136213069730041,1221000,3504.2239810441765
SAT-0-0,76.47122999999955,67.24241108860963,1200,SAT-1-0,52.78983922548816,112.24241108860963,1200,right,0.0017136213069730041,1221000,3504.223981044176
SAT-0-0,76.72174999999955,67.63603810579916,1200,SAT-7-0,52.86857251328525,22.636038105799166,1200,left,0.0017198544157767989,1225000,3497.8790243673516
SAT-0-0,76.72174999999955,67.63603810579916,1200,SAT-1-0,52.86857251328525,112.63603810579916,1200,right,0.0017198544158413523,1225000,3497.8790243673507
SAT-0-0,76.97226999999954,68.03108459454072,1200,SAT-7-0,52.94599965031668,23.031084594540683,1200,left,0.0017260240398547938,1229000,3491.6328860802378
SAT-0-0,76.97226999999954,68.03108459454072,1200,SAT-1-0,52.94599965031668,113.03108459454072,1200,right,0.0017260240399191162,1229000,3491.632886080237
SAT-0-0,77.22278999999953,68.4275356708362,1200,SAT-7-0,53.022112272210016,23.4275356708362,1200,left,0.0017321278440476388,1233000,3485.4865763617977
SAT-0-0,77.22278999999953,68.4275356708362,1200,SAT-1-0,53.022112272210016,113.4275356708362,1200,right,0.0017321278440476388,1233000,3485.486576361797
SAT-0-0,77.47330999999954,68.82537591450509,1200,SAT-7-0,53.09690208863962,23.82537591450509,1200,left,0.0017381634864372642,1237000,3479.4410954893083
SAT-0-0,77.47330999999954,68.82537591450509,1200,SAT-1-0,53.09690208863962,113.82537591450509,1200,right,0.0017381634863095174,1237000,3479.4410954893074
SAT-0-0,77.72382999999954,69.22458936794122,1200,SAT-7-0,53.170360887052475,24.224589367941245,1200,left,0.0017441286201754337,1241000,3473.4974334257618
SAT-0-0,77.72382999999954,69.22458936794122,1200,SAT-1-0,53.170360887052475,114.22458936794122,1200,right,0.0017441286201754337,1241000,3473.497433425761
SAT-0-0,77.97434999999953,69.62515953527966,1200,SAT-7-0,53.24248053641663,24.625159535279682,1200,left,0.0017500208959378301,1245000,3467.656569405193
SAT-0-0,77.97434999999953,69.62515953527966,1200,SAT-1-0,53.24248053641663,114.62515953527968,1200,right,0.0017500208960012707,1245000,3467.656569405192
SAT-0-0,78.22486999999953,70.0270693819839,1200,SAT-7-0,53.31325299098883,25.027069381983914,1200,left,0.0017558379629671124,1249000,3461.919471516305
SAT-0-0,78.22486999999953,70.0270693819839,1200,SAT-1-0,53.31325299098883,115.0270693819839,1200,right,0.001755837963093573,1249000,3461.9194715163053
SAT-0-0,78.47538999999952,70.43030133486492,1200,SAT-7-0,53.382670294098695,25.430301334864918,1200,left,0.0017615774713861953,1253000,3456.2870962847323
SAT-0-0,78.47538999999952,70.43030133486492,1200,SAT-1-0,53.382670294098695,115.43030133486492,1200,right,0.0017615774713231709,1253000,3456.287096284732
SAT-0-0,78.72590999999953,70.8348372825417,1200,SAT-7-0,53.45072458194534,25.834837282541688,1200,left,0.0017672370742464094,1257000,3450.76038825428
SAT-0-0,78.72590999999953,70.8348372825417,1200,SAT-1-0,53.45072458194534,115.83483728254168,1200,right,0.001767237074309232,1257000,3450.76038825428
SAT-0-0,78.97642999999952,71.2406585763537,1200,SAT-7-0,53.51740808740353,26.24065857635371,1200,left,0.0017728144289428146,1261000,3445.3402795675484
SAT-0-0,78.97642999999952,71.2406585763537,1200,SAT-1-0,53.51740808740353,116.24065857635371,1200,right,0.0017728144290054394,1261000,3445.3402795675465
SAT-0-0,79.22694999999952,71.64774603173407,1200,SAT-7-0,53.5827131438356,26.647746031734062,1200,left,0.0017783071999478164,1265000,3440.0276895462925
SAT-0-0,79.22694999999952,71.64774603173407,1200,SAT-1-0,53.5827131438356,116.64774603173406,1200,right,0.0017783072000102478,1265000,3440.0276895462916
SAT-0-0,79.47746999999951,72.05607993005258,1200,SAT-7-0,53.646632188905265,27.056079930052547,1200,left,0.001783713060533736,1269000,3434.82352427193
SAT-0-0,79.47746999999951,72.05607993005258,1200,SAT-1-0,53.646632188905265,117.05607993005258,1200,right,0.001783713060533736,1269000,3434.823524271929
SAT-0-0,79.72798999999951,72.46564002093643,1200,SAT-7-0,53.70915776839,27.46564002093643,1200,left,0.0017890296945013429,1273000,3429.72867616658
SAT-0-0,79.72798999999951,72.46564002093643,1200,SAT-1-0,53.70915776839,117.46564002093643,1200,right,0.0017890296943151708,1273000,3429.7286761665787
SAT-0-0,79.97850999999952,72.87640552507646,1200,SAT-7-0,53.77028253998764,27.876405525076454,1200,left,0.001794254799092053,1277000,3424.744023575056
SAT-0-0,79.97850999999952,72.87640552507646,1200,SAT-1-0,53.77028253998764,117.87640552507645,1200,right,0.0017942547991539296,1277000,3424.7440235750555
SAT-0-0,80.22902999999951,73.28835513752544,1200,SAT-7-0,53.8299992771137,28.28835513752546,1200,left,0.0017993860868412497,1281000,3419.8704303482355
SAT-0-0,80.22902999999951,73.28835513752544,1200,SAT-1-0,53.8299992771137,118.28835513752546,1200,right,0.0017993860868412497,1281000,3419.8704303482355
SAT-0-0,80.4795499999995,73.70146703149499,1200,SAT-7-0,53.88830087268513,28.701467031494992,1200,left,0.0018044212874431106,1285000,3415.1087454282083
SAT-0-0,80.4795499999995,73.70146703149499,1200,SAT-1-0,53.88830087268513,118.70146703149499,1200,right,0.0018044212874431106,1285000,3415.108745428208
SAT-0-0,80.7300699999995,74.11571886265608,1200,SAT-7-0,53.945180342886495,29.11571886265608,1200,left,0.0018093581500589558,1289000,3410.4598024356687
SAT-0-0,80.7300699999995,74.11571886265608,1200,SAT-1-0,53.945180342886495,119.11571886265608,1200,right,0.0018093581499362356,1289000,3410.4598024356674
SAT-0-0,80.9805899999995,74.53108777394833,1200,SAT-7-0,54.00063083091447,29.531087773948332,1200,left,0.0018141944458188934,1293000,3405.924419259968
SAT-0-0,80.9805899999995,74.53108777394833,1200,SAT-1-0,54.00063083091447,119.53108777394833,1200,right,0.0018141944458188934,1293000,3405.9244192599676
SAT-0-0,81.23110999999949,74.94755040090136,1200,SAT-7-0,54.05464561069649,29.947550400901388,1200,left,0.001818927970089467,1297000,3401.5033976522896
SAT-0-0,81.23110999999949,74.94755040090136,1200,SAT-1-0,54.05464561069649,119.94755040090136,1200,right,0.0018189279699673926,1297000,3401.5033976522886
SAT-0-0,81.4816299999995,75.36508287747175,1200,SAT-7-0,54.107218090579124,30.365082877471767,1200,left,0.0018235565440891397,1301000,3397.197522822373
SAT-0-0,81.4816299999995,75.36508287747175,1200,SAT-1-0,54.107218090579124,120.36508287747176,1200,right,0.001823556544150022,1301000,3397.197522822371
SAT-0-0,81.73214999999949,75.7836608423975,1200,SAT-7-0,54.15834181698208,30.783660842397477,1200,left,0.0018280780184780918,1305000,3393.007563039277
SAT-0-0,81.73214999999949,75.7836608423975,1200,SAT-1-0,54.15834181698208,120.78366084239748,1200,right,0.0018280780185388234,1305000,3393.0075630392766
SAT-0-0,81.98266999999949,76.20325944607133,1200,SAT-7-0,54.208010478013485,31.203259446071296,1200,left,0.0018324902738029055,1309000,3388.9342692366126
SAT-0-0,81.98266999999949,76.20325944607133,1200,SAT-1-0,54.208010478013485,121.20325944607133,1200,right,0.0018324902738029055,1309000,3388.9342692366113
SAT-0-0,82.23318999999948,76.62385335793336,1200,SAT-7-0,54.25621790704188,31.623853357933378,1200,left,0.0018367912239581224,1313000,3384.9783746227063
SAT-0-0,82.23318999999948,76.62385335793336,1200,SAT-1-0,54.25621790704188,121.62385335793337,1200,right,0.0018367912239581224,1313000,3384.9783746227045
SAT-0-0,82.48370999999948,77.04541677438245,1200,SAT-7-0,54.302958086220826,32.04541677438245,1200,left,0.0018409788186381944,1317000,3381.1405942961787
SAT-0-0,82.48370999999948,77.04541677438245,1200,SAT-1-0,54.302958086220826,122.04541677438246,1200,right,0.0018409788186381944,1317000,3381.140594296178
SAT-0-0,82.73422999999949,77.46792342720461,1200,SAT-7-0,54.348225149961685,32.467923427204596,1200,left,0.0018450510448011568,1321000,3377.421624867384
SAT-0-0,82.73422999999949,77.46792342720461,1200,SAT-1-0,54.348225149961685,122.4679234272046,1200,right,0.00184505104486133,1321000,3377.421624867384
SAT-0-0,82.98474999999948,77.89134659251644,1200,SAT-7-0,54.39201338834993,32.89134659251644,1200,left,0.001849005929324981,1325000,3373.822144086173
SAT-0-0,82.98474999999948,77.89134659251644,1200,SAT-1-0,54.39201338834993,122.89134659251644,1200,right,0.001849005929324981,1325000,3373.8221440861726
SAT-0-0,83.23526999999947,78.31565910021959,1200,SAT-7-0,54.43431725050108,33.315659100219605,1200,left,0.0018528415411049812,1329000,3370.3428104764494
SAT-0-0,83.23526999999947,78.31565910021959,1200,SAT-1-0,54.43431725050108,123.3156591002196,1200,right,0.0018528415411049812,1329000,3370.3428104764475
SAT-0-0,83.48578999999947,78.74083334396242,1200,SAT-7-0,54.475131347851445,33.740833343962436,1200,left,0.001856555993561938,1333000,3366.9842629779714
SAT-0-0,83.48578999999947,78.74083334396242,1200,SAT-1-0,54.475131347851445,123.74083334396244,1200,right,0.001856555993502138,1333000,3366.98426297797
SAT-0-0,83.73630999999946,79.16684129160264,1200,SAT-7-0,54.51445045737968,34.16684129160263,1200,left,0.001860147446127319,1337000,3363.7471205958695
SAT-0-0,83.73630999999946,79.16684129160264,1200,SAT-1-0,54.51445045737968,124.16684129160264,1200,right,0.001860147446187004,1337000,3363.7471205958686
SAT-0-0,83.98682999999947,79.59365449616536,1200,SAT-7-0,54.552269524754635,34.59365449616534,1200,left,0.001863614107583468,1341000,3360.6319820583085
SAT-0-0,83.98682999999947,79.59365449616536,1200,SAT-1-0,54.552269524754635,124.59365449616534,1200,right,0.0018636141076430416,1341000,3360.6319820583094
SAT-0-0,84.23734999999947,80.02124410728808,1200,SAT-7-0,54.58858366740544,35.02124410728809,1200,left,0.0018669542367196858,1345000,3357.639425482774
SAT-0-0,84.23734999999947,80.02124410728808,1200,SAT-1-0,54.58858366740544,125.0212441072881,1200,right,0.0018669542367196858,1345000,3357.639425482773
SAT-0-0,84.48786999999946,80.44958088314513,1200,SAT-7-0,54.623388177509604,35.44958088314513,1200,left,0.001870166145566946,1349000,3354.7700080513887
SAT-0-0,84.48786999999946,80.44958088314513,1200,SAT-1-0,54.623388177509604,125.44958088314513,1200,right,0.001870166145566946,1349000,3354.770008051388
SAT-0-0,84.73838999999946,80.87863520284128,1200,SAT-7-0,54.656678524894765,35.87863520284125,1200,left,0.0018732482006205212,1353000,3352.024265695721
SAT-0-0,84.73838999999946,80.87863520284128,1200,SAT-1-0,54.656678524894765,125.87863520284128,1200,right,0.0018732482006205212,1353000,3352.024265695721
SAT-0-0,84.98890999999945,81.30837707926429,1200,SAT-7-0,54.68845035985047,36.30837707926431,1200,left,0.0018761988255111088,1357000,3349.4027127915056
SAT-0-0,84.98890999999945,81.30837707926429,1200,SAT-1-0,54.68845035985047,126.30837707926429,1200,right,0.0018761988255702829,1357000,3349.402712791505
SAT-0-0,85.23942999999944,81.73877617238489,1200,SAT-7-0,54.71869951584569,36.738776172384895,1200,left,0.0018790165026901875,1361000,3346.9058418636782
SAT-0-0,85.23942999999944,81.73877617238489,1200,SAT-1-0,54.71869951584569,126.73877617238489,1200,right,0.0018790165028083582,1361000,3346.9058418636782
SAT-0-0,85.48994999999945,82.16980180299169,1200,SAT-7-0,54.74742201214834,37.16980180299167,1200,left,0.0018816997749710658,1365000,3344.534123302153
SAT-0-0,85.48994999999945,82.16980180299169,1200,SAT-1-0,54.74742201214834,127.16980180299167,1200,right,0.0018816997749710658,1365000,3344.534123302152
SAT-0-0,85.74046999999945,82.60142296684731,1200,SAT-7-0,54.77461405634298,37.60142296684728,1200,left,0.0018842472476382106,1369000,3342.2880050887215
SAT-0-0,85.74046999999945,82.60142296684731,1200,SAT-1-0,54.77461405634298,127.60142296684731,1200,right,0.0018842472477560532,1369000,3342.288005088721
SAT-0-0,85.99098999999944,83.03360834925172,1200,SAT-7-0,54.80027204674327,38.033608349251715,1200,left,0.0018866575904175618,1373000,3340.1679125354667
SAT-0-0,85.99098999999944,83.03360834925172,1200,SAT-1-0,54.80027204674327,128.03360834925172,1200,right,0.0018866575903587158,1373000,3340.1679125354667
SAT-0-0,86.24150999999944,83.4663263399971,1200,SAT-7-0,54.82439257469525,38.466326339997096,1200,left,0.0018889295384321835,1377000,3338.174248035059
SAT-0-0,86.24150999999944,83.4663263399971,1200,SAT-1-0,54.82439257469525,128.4663263399971,1200,right,0.0018889295384321835,1377000,3338.1742480350586
SAT-0-0,86.49202999999943,83.89954504869792,1200,SAT-7-0,54.84697242676854,38.89954504869794,1200,left,0.0018910618950325967,1381000,3336.307390823286
SAT-0-0,86.49202999999943,83.89954504869792,1200,SAT-1-0,54.84697242676854,128.89954504869792,1200,right,0.0018910618950325967,1381000,3336.307390823286
SAT-0-0,86.74254999999944,84.33323232047934,1200,SAT-7-0,54.86800858683178,39.33323232047931,1200,left,0.001893053531916503,1385000,3334.5676967541685
SAT-0-0,86.74254999999944,84.33323232047934,1200,SAT-1-0,54.86800858683178,129.33323232047934,1200,right,0.001893053531916503,1385000,3334.567696754167
SAT-0-0,86.99306999999943,84.76735575200584,1200,SAT-7-0,54.887498238009556,39.76735575200584,1200,left,0.001894903391483877,1389000,3332.955498087978
SAT-0-0,86.99306999999943,84.76735575200584,1200,SAT-1-0,54.887498238009556,129.76735575200584,1200,right,0.001894903391483877,1389000,3332.9554980879775
SAT-0-0,87.24358999999943,85.2018827078312,1200,SAT-7-0,54.90543876451768,40.201882707831174,1200,left,0.0018966104881954044,1393000,3331.4711032924693
SAT-0-0,87.24358999999943,85.2018827078312,1200,SAT-1-0,54.90543876451768,130.2018827078312,1200,right,0.0018966104880783299,1393000,3331.4711032924693
SAT-0-0,87.49410999999942,85.63678033705054,1200,SAT-7-0,54.921827753374096,40.63678033705056,1200,left,0.0018981739090620712,1397000,3330.11479685762
SAT-0-0,87.49410999999942,85.63678033705054,1200,SAT-1-0,54.921827753374096,130.63678033705054,1200,right,0.0018981739091790493,1397000,3330.11479685762
SAT-0-0,87.74462999999942,86.07201559023366,1200,SAT-7-0,54.936662995982815,41.07201559023369,1200,left,0.0018995928163715035,1401000,3328.8868391241463
SAT-0-0,87.74462999999942,86.07201559023366,1200,SAT-1-0,54.936662995982815,131.07201559023366,1200,right,0.001899592816313058,1401000,3328.886839124146
SAT-0-0,87.99514999999941,86.50755523661945,1200,SAT-7-0,54.949942489588544,41.50755523661947,1200,left,0.0019008664469187613,1405000,3327.7874661260503
SAT-0-0,87.99514999999941,86.50755523661945,1200,SAT-1-0,54.949942489588544,131.50755523661945,1200,right,0.0019008664469187613,1405000,3327.7874661260494
SAT-0-0,88.24566999999941,86.94336588154881,1200,SAT-7-0,54.96166443859961,41.94336588154883,1200,left,0.0019019941142992235,1409000,3326.8168894474425
SAT-0-0,88.24566999999941,86.94336588154881,1200,SAT-1-0,54.96166443859961,131.94336588154883,1200,right,0.0019019941142992235,1409000,3326.816889447442
SAT-0-0,88.49618999999942,87.3794139841151,1200,SAT-7-0,54.971827255777306,42.379413984115125,1200,left,0.001902975209643346,1413000,3325.9752960938363
SAT-0-0,88.49618999999942,87.3794139841151,1200,SAT-1-0,54.971827255777306,132.3794139841151,1200,right,0.001902975209643346,1413000,3325.9752960938363
SAT-0-0,88.74670999999941,87.8156658750081,1200,SAT-7-0,54.98042956328979,42.815665875008065,1200,left,0.0019038092019107418,1417000,3325.262848378124
SAT-0-0,88.74670999999941,87.8156658750081,1200,SAT-1-0,54.98042956328979,132.81566587500808,1200,right,0.0019038092019107418,1417000,3325.262848378123
SAT-0-0,88.9972299999994,88.25208777452946,1200,SAT-7-0,54.98747019362876,43.25208777452943,1200,left,0.0019044956391458256,1421000,3324.6796838213913
SAT-0-0,88.9972299999994,88.25208777452946,1200,SAT-1-0,54.98747019362876,133.25208777452946,1200,right,0.0019044956391458256,1421000,3324.679683821391
SAT-0-0,89.2477499999994,88.68864581075526,1200,SAT-7-0,54.992948190387665,43.68864581075523,1200,left,0.001905034148654611,1425000,3324.225915068737
SAT-0-0,89.2477499999994,88.68864581075526,1200,SAT-1-0,54.992948190387665,133.68864581075525,1200,right,0.001905034148654611,1425000,3324.2259150687355
SAT-0-0,89.4982699999994,89.12530603782184,1200,SAT-7-0,54.99686280890018,44.12530603782185,1200,left,0.001905424438087969,1429000,3323.901629820208
SAT-0-0,89.4982699999994,89.12530603782184,1200,SAT-1-0,54.99686280890018,134.12530603782184,1200,right,0.0019054244380297025,1429000,3323.9016298202077
SAT-0-0,89.7487899999994,89.56203445431117,1200,SAT-7-0,54.99921351673788,44.562034454311174,1200,left,0.0019056662949262322,1433000,3323.70689077697
SAT-0-0,89.7487899999994,89.56203445431117,1200,SAT-1-0,54.99921351673788,134.56203445431117,1200,right,0.001905666294867973,1433000,3323.706890776969
SAT-0-0,89.9993099999994,89.99879702171009,1200,SAT-7-0,54.9999999940664,44.99879702171006,1200,left,0.001905759587746752,1437000,3323.6417356027805
SAT-0-0,89.9993099999994,89.99879702171009,1200,SAT-1-0,54.9999999940664,134.9987970217101,1200,right,0.0019057595876884957,1437000,3323.64173560278
SAT-0-0,90.24982999999939,90.43555968292006,1200,SAT-7-0,54.99922213385954,45.435559682920044,1200,left,0.0019057042657205112,1441000,3323.706176900837
SAT-0-0,90.24982999999939,90.43555968292006,1200,SAT-1-0,54.99922213385954,135.43555968292006,1200,right,0.0019057042656622533,1441000,3323.706176900837
SAT-0-0,90.50034999999939,90.87228838079152,1200,SAT-7-0,54.996880041970904,45.87228838079151,1200,left,0.0019055003588440897,1445000,3323.900202206024
SAT-0-0,90.50034999999939,90.87228838079152,1200,SAT-1-0,54.996880041970904,135.8722883807915,1200,right,0.0019055003588440897,1445000,3323.900202206024
SAT-0-0,90.75086999999938,91.3089490766582,1200,SAT-7-0,54.992974037063064,46.3089490766582,1200,left,0.0019051479783244393,1449000,3324.2237739925827
SAT-0-0,90.75086999999938,91.3089490766582,1200,SAT-1-0,54.992974037063064,136.3089490766582,1200,right,0.0019051479783244393,1449000,3324.2237739925818
SAT-0-0,91.00138999999939,91.74550776884708,1200,SAT-7-0,54.98750465039419,46.7455077688471,1200,left,0.001904647315543249,1453000,3324.676829697177
SAT-0-0,91.00138999999939,91.74550776884708,1200,SAT-1-0,54.98750465039419,136.74550776884706,1200,right,0.0019046473156598294,1453000,3324.676829697176
SAT-0-0,91.25190999999938,92.18193051113805,1200,SAT-7-0,54.98047262546273,47.18193051113805,1200,left,0.0019039986429216485,1457000,3325.259281757331
SAT-0-0,91.25190999999938,92.18193051113805,1200,SAT-1-0,54.98047262546273,137.18193051113806,1200,right,0.0019039986430382687,1457000,3325.2592817573295
SAT-0-0,91.50242999999938,92.6181834311497,1200,SAT-7-0,54.97187891751047,47.61818343114969,1200,left,0.0019032023123720927,1461000,3325.971017665184
SAT-0-0,91.50242999999938,92.6181834311497,1200,SAT-1-0,54.97187891751047,137.61818343114967,1200,right,0.0019032023123720927,1461000,3325.971017665183
SAT-0-0,91.75294999999937,93.05423274862578,1200,SAT-7-0,54.96172469288486,48.054232748625786,1200,left,0.0019022587558240357,1465000,3326.8119000364622
SAT-0-0,91.75294999999937,93.05423274862578,1200,SAT-1-0,54.96172469288486,138.0542327486258,1200,right,0.0019022587558240357,1465000,3326.8119000364613
SAT-0-0,92.00346999999937,93.49004479359853,1200,SAT-7-0,54.95001132826153,48.49004479359853,1200,left,0.0019011684840328847,1469000,3327.781766694583
SAT-0-0,92.00346999999937,93.49004479359853,1200,SAT-1-0,54.95001132826153,138.4900447935985,1200,right,0.0019011684840328847,1469000,3327.781766694582
SAT-0-0,92.25398999999936,93.92558602440488,1200,SAT-7-0,54.93674040972845,48.92558602440489,1200,left,0.001899932086060465,1473000,3328.880430769754
SAT-0-0,92.25398999999936,93.92558602440488,1200,SAT-1-0,54.93674040972845,138.92558602440488,1200,right,0.001899932086060465,1473000,3328.880430769754
SAT-0-0,92.50450999999937,94.36082304553167,1200,SAT-7-0,54.92191373173269,49.36082304553171,1200,left,0.001898550228667534,1477000,3330.107680812919
SAT-0-0,92.50450999999937,94.36082304553167,1200,SAT-1-0,54.92191373173269,139.36082304553167,1200,right,0.001898550228784489,1477000,3330.1076808129187
SAT-0-0,92.75502999999937,94.79572262526693,1200,SAT-7-0,54.90553329589188,49.79572262526691,1200,left,0.0018970236555576393,1481000,3331.46328092438
SAT-0-0,92.75502999999937,94.79572262526693,1200,SAT-1-0,54.90553329589188,139.79572262526693,1200,right,0.0018970236554405903,1481000,3331.463280924379
SAT-0-0,93.00554999999936,95.23025171313432,1200,SAT-7-0,54.88760130967198,50.23025171313433,1200,left,0.0018953531853565227,1485000,3332.9469708968945
SAT-0-0,93.00554999999936,95.23025171313432,1200,SAT-1-0,54.88760130967198,140.23025171313432,1200,right,0.0018953531852393705,1485000,3332.9469708968936
SAT-0-0,93.25606999999935,95.66437745708865,1200,SAT-7-0,54.86812018493341,50.66437745708864,1200,left,0.0018935397120687838,1489000,3334.558466373059
SAT-0-0,93.25606999999935,95.66437745708865,1200,SAT-1-0,54.86812018493341,140.66437745708865,1200,right,0.0018935397120687838,1489000,3334.5584663730574
SAT-0-0,93.50658999999935,96.098067220451,1200,SAT-7-0,54.84709253634777,51.09806722045101,1200,left,0.001891584202743026,1493000,3336.297459016703
SAT-0-0,93.50658999999935,96.098067220451,1200,SAT-1-0,54.84709253634777,141.09806722045101,1200,right,0.001891584202743026,1493000,3336.2974590167023
SAT-0-0,93.75710999999936,96.53128859856224,1200,SAT-7-0,54.82452117968769,51.53128859856223,1200,left,0.0018894876969063944,1497000,3338.163616698088
SAT-0-0,93.75710999999936,96.53128859856224,1200,SAT-1-0,54.82452117968769,141.53128859856224,1200,right,0.0018894876967888786,1497000,3338.163616698087
SAT-0-0,94.00762999999935,96.96400943513463,1200,SAT-7-0,54.800409129992175,51.964009435134614,1200,left,0.001887251304248542,1501000,3340.15658369259
SAT-0-0,94.00762999999935,96.96400943513463,1200,SAT-1-0,54.800409129992175,141.9640094351346,1200,right,0.0018872513043661973,1501000,3340.1565836925893
SAT-0-0,94.25814999999935,97.39619783828239,1200,SAT-7-0,54.77475959961032,52.39619783828241,1200,left,0.0018848762050727287,1505000,3342.275980892615
SAT-0-0,94.25814999999935,97.39619783828239,1200,SAT-1-0,54.77475959961032,142.3961978382824,1200,right,0.001884876205013827,1505000,3342.2759808926144
SAT-0-0,94.50866999999934,97.82782219621198,1200,SAT-7-0,54.7475759961266,52.82782219621199,1200,left,0.001882363646398237,1509000,3344.521406032417
SAT-0-0,94.50866999999934,97.82782219621198,1200,SAT-1-0,54.7475759961266,142.827822196212,1200,right,0.001882363646221296,1509000,3344.521406032416
SAT-0-0,94.75918999999934,98.25885119255425,1200,SAT-7-0,54.718861920170255,53.258851192554246,1200,left,0.001879714941880175,1513000,3346.8924339254922
SAT-0-0,94.75918999999934,98.25885119255425,1200,SAT-1-0,54.718861920170255,143.25885119255426,1200,right,0.0018797149417620481,1513000,3346.892433925492
SAT-0-0,95.00970999999934,98.68925382132143,1200,SAT-7-0,54.68862116311256,53.689253821321444,1200,left,0.0018769314701368755,1517000,3349.388616714219
SAT-0-0,95.00970999999934,98.68925382132143,1200,SAT-1-0,54.68862116311256,143.68925382132144,1200,right,0.0018769314701368755,1517000,3349.388616714218
SAT-0-0,95.26022999999934,99.1189994014725,1200,SAT-7-0,54.65685770465507,54.11899940147249,1200,left,0.0018740146725321606,1521000,3352.0094841313826
SAT-0-0,95.26022999999934,99.1189994014725,1200,SAT-1-0,54.65685770465507,144.11899940147248,1200,right,0.0018740146725321606,1521000,3352.009484131382
SAT-0-0,95.51074999999933,99.54805759107177,1200,SAT-7-0,54.623575710312416,54.54805759107178,1200,left,0.0018709660512921534,1525000,3354.7545437732106
SAT-0-0,95.51074999999933,99.54805759107177,1200,SAT-1-0,54.623575710312416,144.54805759107177,1200,right,0.0018709660512921534,1525000,3354.754543773209
SAT-0-0,95.76126999999933,99.97639840102612,1200,SAT-7-0,54.58877952879337,54.97639840102611,1200,left,0.0018677871680744967,1529000,3357.6232813835363
SAT-0-0,95.76126999999933,99.97639840102612,1200,SAT-1-0,54.58877952879337,144.9763984010261,1200,right,0.0018677871680150562,1529000,3357.6232813835345
SAT-0-0,96.01178999999932,100.40399220838734,1200,SAT-7-0,54.55247368928378,55.40399220838732,1200,left,0.001864479641919273,1533000,3360.6151611487035
SAT-0-0,96.01178999999932,100.40399220838734,1200,SAT-1-0,54.55247368928378,145.4039922083873,1200,right,0.001864479642038365,1533000,3360.6151611487026
SAT-0-0,96.26230999999932,100.83080976920728,1200,SAT-7-0,54.51466289863548,55.830809769207285,1200,left,0.001861045147226007,1537000,3363.7296260027965
SAT-0-0,96.26230999999932,100.83080976920728,1200,SAT-1-0,54.51466289863548,145.8308097692073,1200,right,0.001861045147106695,1537000,3363.729626002795
SAT-0-0,96.51282999999933,101.25682223093405,1200,SAT-7-0,54.4753520384648,56.256822230934034,1200,left,0.0018574854112144588,1541000,3366.9660979427736
SAT-0-0,96.51282999999933,101.25682223093405,1200,SAT-1-0,54.4753520384648,146.25682223093403,1200,right,0.0018574854112144588,1541000,3366.966097942773
SAT-0-0,96.76334999999932,101.68200114433878,1200,SAT-7-0,54.43454616216505,56.6820011443388,1200,left,0.0018538022132529401,1545000,3370.323978353096
SAT-0-0,96.76334999999932,101.68200114433878,1200,SAT-1-0,54.43454616216505,146.68200114433878,1200,right,0.001853802213133162,1545000,3370.3239783530958
SAT-0-0,97.01386999999932,102.10631847496363,1200,SAT-7-0,54.39225049183693,57.106318474963636,1200,left,0.0018499973809746864,1549000,3373.802648339402
SAT-0-0,97.01386999999932,102.10631847496363,1200,SAT-1-0,54.39225049183693,147.10631847496364,1200,right,0.0018499973810346985,1549000,3373.802648339401
SAT-0-0,97.26438999999931,102.52974661408231,1200,SAT-7-0,54.348470415140994,57.52974661408231,1200,left,0.0018460727898674447,1553000,3377.401469070789
SAT-0-0,97.26438999999931,102.52974661408231,1200,SAT-1-0,54.348470415140994,147.5297466140823,1200,right,0.0018460727896870254,1553000,3377.4014690707886
SAT-0-0,97.5149099999993,102.95225838916566,1200,SAT-7-0,54.303211482076506,57.95225838916568,1200,left,0.001842030359391077,1557000,3381.119782130261
SAT-0-0,97.5149099999993,102.95225838916566,1200,SAT-1-0,54.303211482076506,147.95225838916568,1200,right,0.0018420303594513486,1557000,3381.11978213026
SAT-0-0,97.76542999999931,103.37382707384593,1200,SAT-7-0,54.2564794016911,58.37382707384594,1200,left,0.0018378720524524475,1561000,3384.956909872878
SAT-0-0,97.76542999999931,103.37382707384593,1200,SAT-1-0,54.2564794016911,148.37382707384594,1200,right,0.0018378720524524475,1561000,3384.9569098728775
SAT-0-0,98.01594999999931,103.79442639737408,1200,SAT-7-0,54.20828003872521,58.794426397374075,1200,left,0.0018335998719279005,1565000,3388.9121557911694
SAT-0-0,98.01594999999931,103.79442639737408,1200,SAT-1-0,54.20828003872521,148.79442639737408,1200,right,0.001833599871806803,1565000,3388.912155791169
SAT-0-0,98.2664699999993,104.214030553566,1200,SAT-7-0,54.158619410195975,59.21403055356601,1200,left,0.0018292158589762939,1569000,3392.9848048873237
SAT-0-0,98.2664699999993,104.214030553566,1200,SAT-1-0,54.158619410195975,149.214030553566,1200,right,0.0018292158589762939,1569000,3392.9848048873228
SAT-0-0,98.5169899999993,104.63261420923395,1200,SAT-7-0,54.10750368192491,59.63261420923394,1200,left,0.0018247220909161845,1573000,3397.1741240517235
SAT-0-0,98.5169899999993,104.63261420923395,1200,SAT-1-0,54.10750368192491,149.63261420923394,1200,right,0.001824722090977028,1573000,3397.174124051723
SAT-0-0,98.76750999999929,105.05015251210055,1200,SAT-7-0,54.05493916501345,60.05015251210057,1200,left,0.0018201206784118002,1577000,3401.4793624473386
SAT-0-0,98.76750999999929,105.05015251210055,1200,SAT-1-0,54.05493916501345,150.05015251210057,1200,right,0.0018201206784118002,1577000,3401.4793624473377
SAT-0-0,99.0180299999993,105.46662109819451,1200,SAT-7-0,54.000932312271246,60.466621098194516,1200,left,0.001815413763724632,1581000,3405.899751899526
SAT-0-0,99.0180299999993,105.46662109819451,1200,SAT-1-0,54.000932312271246,150.4666210981945,1200,right,0.0018154137636634767,1581000,3405.8997518995247
SAT-0-0,99.2685499999993,105.88199609872653,1200,SAT-7-0,53.945489714601116,60.88199609872654,1200,left,0.0018106035182060807,1585000,3410.4345072907727
SAT-0-0,99.2685499999993,105.88199609872653,1200,SAT-1-0,53.945489714601116,150.88199609872655,1200,right,0.0018106035180834449,1585000,3410.434507290772
SAT-0-0,99.51906999999929,106.29625414644683,1200,SAT-7-0,53.888618097345265,61.296254146446834,1200,left,0.0018056921401199875,1589000,3415.082826959914
SAT-0-0,99.51906999999929,106.29625414644683,1200,SAT-1-0,53.888618097345265,151.29625414644684,1200,right,0.0018056921402429568,1589000,3415.082826959914
SAT-0-0,99.76958999999928,106.70937238148488,1200,SAT-7-0,53.83032431659706,61.709372381484876,1200,left,0.001800681852488971,1593000,3419.843893105388
SAT-0-0,99.76958999999928,106.70937238148488,1200,SAT-1-0,53.83032431659706,151.70937238148488,1200,right,0.0018006818526122826,1593000,3419.8438931053865
SAT-0-0,100.02010999999928,107.12132845667364,1200,SAT-7-0,53.770615355482455,62.12132845667362,1200,left,0.0017955749007758388,1597000,3424.716872192032
SAT-0-0,100.02010999999928,107.12132845667364,1200,SAT-1-0,53.770615355482455,152.1213284566736,1200,right,0.0017955749007758388,1597000,3424.7168721920316
SAT-0-0,100.27062999999927,107.53210054236156,1200,SAT-7-0,53.70949832041581,62.532100542361555,1200,left,0.001790373550207134,1601000,3429.700915361029
SAT-0-0,100.27062999999927,107.53210054236156,1200,SAT-1-0,53.70949832041581,152.53210054236155,1200,right,0.001790373550207134,1601000,3429.7009153610275
SAT-0-0,100.52114999999928,107.94166733071603,1200,SAT-7-0,53.64698043733372,62.941667330716015,1200,left,0.001785080084282653,1605000,3434.7951588424953
SAT-0-0,100.52114999999928,107.94166733071603,1200,SAT-1-0,53.64698043733372,152.941667330716,1200,right,0.0017850800841582638,1605000,3434.7951588424944
SAT-0-0,100.77166999999928,108.35000803952283,1200,SAT-7-0,53.58306904791121,63.350008039522855,1200,left,0.0017796968021840406,1609000,3439.9987243703144
SAT-0-0,100.77166999999928,108.35000803952283,1200,SAT-1-0,53.58306904791121,153.35000803952283,1200,right,0.0017796968021216578,1609000,3439.998724370315
SAT-0-0,101.02218999999927,108.75710241548737,1200,SAT-7-0,53.51777160576481,63.75710241548735,1200,left,0.0017742260165580755,1613000,3445.310719598771
SAT-0-0,101.02218999999927,108.75710241548737,1200,SAT-1-0,53.51777160576481,153.75710241548737,1200,right,0.0017742260164955006,1613000,3445.3107195987704
SAT-0-0,101.27270999999926,109.1629307370435,1200,SAT-7-0,53.45109567264562,64.16293073704348,1200,left,0.0017686700518049707,1617000,3450.730238520543
SAT-0-0,101.27270999999926,109.1629307370435,1200,SAT-1-0,53.45109567264562,154.1629307370435,1200,right,0.0017686700518677423,1617000,3450.730238520542
SAT-0-0,101.52322999999926,109.56747381667698,1200,SAT-7-0,53.38304891462725,64.567473816677,1200,left,0.0017630312416206397,1621000,3456.2563618856607
SAT-0-0,101.52322999999926,109.56747381667698,1200,SAT-1-0,53.38304891462725,154.567473816677,1200,right,0.0017630312416836121,1621000,3456.2563618856598
SAT-0-0,101.77374999999927,109.97071300277103,1200,SAT-7-0,53.313639098291816,64.97071300277102,1200,left,0.001757311926531794,1625000,3461.888157620999
SAT-0-0,101.77374999999927,109.97071300277103,1200,SAT-1-0,53.313639098291816,154.97071300277102,1200,right,0.0017573119266581486,1625000,3461.8881576209983
SAT-0-0,102.02426999999926,110.37263018098211,1200,SAT-7-0,53.24287408691809,65.37263018098213,1200,left,0.0017515144530688967,1629000,3467.624681249916
SAT-0-0,102.02426999999926,110.37263018098211,1200,SAT-1-0,53.24287408691809,155.3726301809821,1200,right,0.0017515144531322832,1629000,3467.624681249915
SAT-0-0,102.27478999999926,110.7732077751548,1200,SAT-7-0,53.17076183667531,65.77320777515483,1200,left,0.0017456411700972872,1633000,3473.464976311632
SAT-0-0,102.27478999999926,110.7732077751548,1200,SAT-1-0,53.17076183667531,155.7732077751548,1200,right,0.0017456411700972872,1633000,3473.4649763116313
SAT-0-0,102.52530999999925,111.17242874778499,1200,SAT-7-0,53.097310392826394,66.17242874778498,1200,left,0.0017396944286191304,1637000,3479.408074779995
SAT-0-0,102.52530999999925,111.17242874778499,1200,SAT-1-0,53.097310392826394,156.17242874778498,1200,right,0.0017396944286191304,1637000,3479.4080747799944
SAT-0-0,102.77582999999925,111.57027660004117,1200,SAT-7-0,53.02252788594389,66.57027660004115,1200,left,0.0017336765785311021,1641000,3485.4529974812212
SAT-0-0,102.77582999999925,111.57027660004117,1200,SAT-1-0,53.02252788594389,156.57027660004115,1200,right,0.0017336765785311021,1641000,3485.4529974812212
SAT-0-0,103.02634999999925,111.96673537135415,1200,SAT-7-0,52.946422528142,66.96673537135413,1200,left,0.0017275899674678607,1645000,3491.598754510284
SAT-0-0,103.02634999999925,111.96673537135415,1200,SAT-1-0,52.946422528142,156.96673537135413,1200,right,0.0017275899674035963,1645000,3491.598754510283
SAT-0-0,103.27686999999925,112.36178963858589,1200,SAT-7-0,52.869002609328156,67.36178963858588,1200,left,0.0017214369384270748,1649000,3497.8443456455884
SAT-0-0,103.27686999999925,112.36178963858589,1200,SAT-1-0,52.869002609328156,157.36178963858586,1200,right,0.0017214369384270748,1649000,3497.844345645588
SAT-0-0,103.52738999999924,112.75542451478887,1200,SAT-7-0,52.7902764934771,67.75542451478888,1200,left,0.00171521982879808,1653000,3504.188760761593
SAT-0-0,103.52738999999924,112.75542451478887,1200,SAT-1-0,52.7902764934771,157.7554245147889,1200,right,0.00171521982879808,1653000,3504.1887607615918
SAT-0-0,103.77790999999924,113.14762564756711,1200,SAT-7-0,52.71025261493048,68.14762564756712,1200,left,0.0017089409678401474,1657000,3510.6309802390488
SAT-0-0,103.77790999999924,113.14762564756711,1200,SAT-1-0,52.71025261493048,158.1476256475671,1200,right,0.0017089409678401474,1657000,3510.630980239048
SAT-0-0,104.02842999999923,113.53837921705086,1200,SAT-7-0,52.62893947472514,68.53837921705086,1200,left,0.0017026026755038168,1661000,3517.1699753725566
SAT-0-0,104.02842999999923,113.53837921705086,1200,SAT-1-0,52.62893947472514,158.53837921705087,1200,right,0.0017026026755038168,1661000,3517.169975372555
SAT-0-0,104.27894999999923,113.92767193349718,1200,SAT-7-0,52.54634563695255,68.9276719334972,1200,left,0.0016962072606001675,1665000,3523.804708775129
SAT-0-0,104.27894999999923,113.92767193349718,1200,SAT-1-0,52.54634563695255,158.92767193349718,1200,right,0.001696207260665621,1665000,3523.804708775129
SAT-0-0,104.52946999999922,114.31549103452856,1200,SAT-7-0,52.46247972515236,69.31549103452858,1200,left,0.0016897570193514476,1669000,3530.534134779461
SAT-0-0,104.52946999999922,114.31549103452856,1200,SAT-1-0,52.46247972515236,159.31549103452858,1200,right,0.0016897570192200414,1669000,3530.534134779461
SAT-0-0,104.77998999999923,114.70182428202263,1200,SAT-7-0,52.3773504187425,69.70182428202261,1200,left,0.0016832542338049642,1673000,3537.3571998356565
SAT-0-0,104.77998999999923,114.70182428202263,1200,SAT-1-0,52.3773504187425,159.70182428202264,1200,right,0.0016832542339368782,1673000,3537.3571998356556
SAT-0-0,105.03050999999923,115.0866599586651,1200,SAT-7-0,52.290966449488195,70.0866599586651,1200,left,0.001676701170503404,1677000,3544.2728429051144
SAT-0-0,105.03050999999923,115.0866599586651,1200,SAT-1-0,52.290966449488195,160.08665995866508,1200,right,0.0016767011706358334,1677000,3544.2728429051126
SAT-0-0,105.28102999999922,115.46998686417942,1200,SAT-7-0,52.20333659801241,70.46998686417945,1200,left,0.0016701000790859393,1681000,3551.2799958503583
SAT-0-0,105.28102999999922,115.46998686417942,1200,SAT-1-0,52.20333659801241,160.46998686417942,1200,right,0.0016701000790859393,1681000,3551.279995850359
SAT-0-0,105.53154999999921,115.85179431124614,1200,SAT-7-0,52.11446969034975,70.85179431124617,1200,left,0.001663453190484386,1685000,3558.3775838205393
SAT-0-0,105.53154999999921,115.85179431124614,1200,SAT-1-0,52.11446969034975,160.85179431124615,1200,right,0.00166345319061787,1685000,3558.377583820538
SAT-0-0,105.78206999999921,116.23207212112467,1200,SAT-7-0,52.02437459454595,71.23207212112467,1200,left,0.0016567627167132736,1689000,3565.564525632399
SAT-0-0,105.78206999999921,116.23207212112467,1200,SAT-1-0,52.02437459454595,161.23207212112467,1200,right,0.0016567627167802853,1689000,3565.564525632399
SAT-0-0,106.03258999999922,116.61081061899154,1200,SAT-7-0,51.933060217304956,71.61081061899154,1200,left,0.0016500308484639565,1693000,3572.839734146496
SAT-0-0,106.03258999999922,116.61081061899154,1200,SAT-1-0,51.933060217304956,161.61081061899154,1200,right,0.0016500308484639565,1693000,3572.839734146495
SAT-0-0,106.28310999999921,116.98800062900698,1200,SAT-7-0,51.840535500685256,71.98800062900698,1200,left,0.0016432597545614986,1697000,3580.2021166384598
SAT-0-0,106.28310999999921,116.98800062900698,1200,SAT-1-0,51.840535500685256,161.988000629007,1200,right,0.0016432597546290608,1697000,3580.202116638458
SAT-0-0,106.5336299999992,117.36363346912502,1200,SAT-7-0,51.746809418847384,72.36363346912502,1200,left,0.0016364515808281208,1701000,3587.6505751651143
SAT-0-0,106.5336299999992,117.36363346912502,1200,SAT-1-0,51.746809418847384,162.363633469125,1200,right,0.0016364515809638074,1701000,3587.650575165114
SAT-0-0,106.7841499999992,117.73770094565806,1200,SAT-7-0,51.65189097485406,72.73770094565806,1200,left,0.0016296084494265661,1705000,3595.1840069252876
SAT-0-0,106.7841499999992,117.73770094565806,1200,SAT-1-0,51.65189097485406,162.73770094565805,1200,right,0.0016296084494265661,1705000,3595.1840069252853
SAT-0-0,107.0346699999992,118.11019534761095,1200,SAT-7-0,51.55578919752442,73.11019534761098,1200,left,0.00162273245644039,1709000,3602.8013046151295
SAT-0-0,107.0346699999992,118.11019534761095,1200,SAT-1-0,51.55578919752442,163.11019534761095,1200,right,0.00162273245644039,1709000,3602.8013046151286
SAT-0-0,107.28518999999922,118.48110944079656,1200,SAT-7-0,51.45851313834381,73.48110944079657,1200,left,0.001615825672929836,1713000,3610.501356777816
SAT-0-0,107.28518999999922,118.48110944079656,1200,SAT-1-0,51.45851313834381,163.48110944079656,1200,right,0.001615825672929836,1713000,3610.5013567778155
SAT-0-0,107.53570999999921,118.85043646174583,1200,SAT-7-0,51.36007186843023,73.85043646174583,1200,left,0.0016088901425297827,1717000,3618.2830481474707
SAT-0-0,107.53570999999921,118.85043646174583,1200,SAT-1-0,51.36007186843023,163.85043646174583,1200,right,0.001608890142322766,1717000,3618.2830481474716
SAT-0-0,107.78622999999922,119.218170111426,1200,SAT-7-0,51.26047447555865,74.21817011142598,1200,left,0.0016019278810305447,1721000,3626.145259987195
SAT-0-0,107.78622999999922,119.218170111426,1200,SAT-1-0,51.26047447555865,164.218170111426,1200,right,0.0016019278808919338,1721000,3626.145259987194
SAT-0-0,108.03674999999922,119.58430454877829,1200,SAT-7-0,51.15973006124423,74.58430454877826,1200,left,0.0015949408762624467,1725000,3634.086870421082
SAT-0-0,108.03674999999922,119.58430454877829,1200,SAT-1-0,51.15973006124423,164.58430454877828,1200,right,0.0015949408763320557,1725000,3634.086870421081
SAT-0-0,108.28726999999921,119.94883438408878,1200,SAT-7-0,51.05784773788528,74.94883438408876,1200,left,0.001587931086476826,1729000,3642.1067547601237
SAT-0-0,108.28726999999921,119.94883438408878,1200,SAT-1-0,51.05784773788528,164.9488343840888,1200,right,0.0015879310866166588,1729000,3642.106754760121
SAT-0-0,108.5377899999992,120.31175467220422,1200,SAT-7-0,50.95483662596686,75.31175467220419,1200,left,0.0015809004401976217,1733000,3650.2037858218937
SAT-0-0,108.5377899999992,120.31175467220422,1200,SAT-1-0,50.95483662596686,165.31175467220422,1200,right,0.0015809004401976217,1733000,3650.2037858218932
SAT-0-0,108.7883099999992,120.67306090560477,1200,SAT-7-0,50.85070585132556,75.6730609056048,1200,left,0.0015738508357563818,1737000,3658.3768342439553
SAT-0-0,108.7883099999992,120.67306090560477,1200,SAT-1-0,50.85070585132556,165.67306090560476,1200,right,0.0015738508357563818,1737000,3658.3768342439544
SAT-0-0,109.03882999999921,121.03274900734587,1200,SAT-7-0,50.74546454247623,76.03274900734587,1200,left,0.001566784139793334,1741000,3666.6247687908863
SAT-0-0,109.03882999999921,121.03274900734587,1200,SAT-1-0,50.74546454247623,166.03274900734587,1200,right,0.001566784139864194,1741000,3666.6247687908844
SAT-0-0,109.2893499999992,121.39081532388066,1200,SAT-7-0,50.63912182800119,76.39081532388069,1200,left,0.0015597021881807323,1745000,3674.9464566548927
SAT-0-0,109.2893499999992,121.39081532388066,1200,SAT-1-0,50.63912182800119,166.39081532388067,1200,right,0.0015597021881807323,1745000,3674.946456654892
SAT-0-0,109.5398699999992,121.74725661777461,1200,SAT-7-0,50.53168683400203,76.74725661777461,1200,left,0.0015526067843699698,1749000,3683.34076374994
SAT-0-0,109.5398699999992,121.74725661777461,1200,SAT-1-0,50.53168683400203,166.7472566177746,1200,right,0.0015526067843699698,1749000,3683.340763749939
SAT-0-0,109.79038999999919,122.10207006032304,1200,SAT-7-0,50.42316868161471,77.10207006032304,1200,left,0.0015454996996784832,1753000,3691.8065549993644
SAT-0-0,109.79038999999919,122.10207006032304,1200,SAT-1-0,50.42316868161471,167.10207006032303,1200,right,0.001545499699822155,1753000,3691.806554999364
SAT-0-0,110.04090999999919,122.45525322408302,1200,SAT-7-0,50.31357648458785,77.45525322408305,1200,left,0.0015383826727657533,1757000,3700.3426946169325
SAT-0-0,110.04090999999919,122.45525322408302,1200,SAT-1-0,50.31357648458785,167.45525322408304,1200,right,0.0015383826728379215,1757000,3700.342694616931
SAT-0-0,110.2914299999992,122.80680407532945,1200,SAT-7-0,50.20291934692471,77.80680407532945,1200,left,0.001531257408853359,1761000,3708.948046381325
SAT-0-0,110.2914299999992,122.80680407532945,1200,SAT-1-0,50.20291934692471,167.80680407532947,1200,right,0.001531257408925863,1761000,3708.9480463813234
SAT-0-0,110.5419499999992,123.15672096644646,1200,SAT-7-0,50.091206360588465,78.15672096644649,1200,left,0.0015241255805030231,1765000,3717.6214739040297
SAT-0-0,110.5419499999992,123.15672096644646,1200,SAT-1-0,50.091206360588465,168.15672096644644,1200,right,0.0015241255806487098,1765000,3717.6214739040297
SAT-0-0,110.79246999999923,123.50500262826337,1200,SAT-7-0,49.978446603271315,78.50500262826334,1200,left,0.0015169888262727045,1769000,3726.3618408906405
SAT-0-0,110.79246999999923,123.50500262826337,1200,SAT-1-0,49.978446603271315,168.50500262826338,1200,right,0.0015169888262727045,1769000,3726.3618408906405
SAT-0-0,111.04298999999924,123.85164816234551,1200,SAT-7-0,49.86464913622672,78.85164816234551,1200,left,0.0015098487510054905,1773000,3735.1680113955485
SAT-0-0,111.04298999999924,123.85164816234551,1200,SAT-1-0,49.86464913622672,168.85164816234553,1200,right,0.0015098487510054905,1773000,3735.1680113955476
SAT-0-0,111.29350999999924,124.19665703324901,1200,SAT-7-0,49.74982300216517,79.19665703324901,1200,left,0.0015027069258120285,1777000,3744.0388500700647
SAT-0-0,111.29350999999924,124.19665703324901,1200,SAT-1-0,49.74982300216517,169.196657033249,1200,right,0.00150270692588591,1777000,3744.0388500700624
SAT-0-0,111.54402999999927,124.54002906074824,1200,SAT-7-0,49.63397722321287,79.54002906074821,1200,left,0.001495564888257165,1781000,3752.973222403952
SAT-0-0,111.54402999999927,124.54002906074824,1200,SAT-1-0,49.63397722321287,169.54002906074825,1200,right,0.001495564888257165,1781000,3752.973222403951
SAT-0-0,111.79454999999928,124.88176441204556,1200,SAT-7-0,49.51712079893324,79.88176441204556,1200,left,0.001488424141267089,1785000,3761.9699949604233
SAT-0-0,111.79454999999928,124.88176441204556,1200,SAT-1-0,49.51712079893324,169.88176441204556,1200,right,0.0014884241413416796,1785000,3761.969994960423
SAT-0-0,112.04506999999928,125.22186359397114,1200,SAT-7-0,49.39926270441074,80.22186359397114,1200,left,0.0014812861540128342,1789000,3771.02803560462
SAT-0-0,112.04506999999928,125.22186359397114,1200,SAT-1-0,49.39926270441074,170.22186359397114,1200,right,0.0014812861539378842,1789000,3771.02803560462
SAT-0-0,112.29558999999928,125.56032744518086,1200,SAT-7-0,49.28041188839677,80.56032744518083,1200,left,0.0014741523614492853,1793000,3780.146213725602
SAT-0-0,112.29558999999928,125.56032744518086,1200,SAT-1-0,49.28041188839677,170.56032744518086,1200,right,0.0014741523614492853,1793000,3780.146213725601
SAT-0-0,112.54610999999929,125.89715712836086,1200,SAT-7-0,49.160577271516864,80.89715712836086,1200,left,0.0014670241649624917,1797000,3789.3234004519054
SAT-0-0,112.54610999999929,125.89715712836086,1200,SAT-1-0,49.160577271516864,170.89715712836087,1200,right,0.0014670241649624917,1797000,3789.3234004519036
SAT-0-0,112.79662999999928,126.23235412244526,1200,SAT-7-0,49.03976774453917,81.23235412244523,1200,left,0.0014599029313505758,1801000,3798.55846886071
SAT-0-0,112.79662999999928,126.23235412244526,1200,SAT-1-0,49.03976774453917,171.23235412244526,1200,right,0.0014599029313505758,1801000,3798.5584688607096
SAT-0-0,113.04714999999928,126.56592021485496,1200,SAT-7-0,48.917992166702966,81.56592021485498,1200,left,0.0014527899943617229,1805000,3807.8502941806673
SAT-0-0,113.04714999999928,126.56592021485496,1200,SAT-1-0,48.917992166702966,171.56592021485497,1200,right,0.0014527899944381428,1805000,3807.850294180666
SAT-0-0,113.29766999999927,126.89785749376396,1200,SAT-7-0,48.79525936410716,81.89785749376396,1200,left,0.0014456866537331547,1809000,3817.197753988449
SAT-0-0,113.29766999999927,126.89785749376396,1200,SAT-1-0,48.79525936410716,171.89785749376395,1200,right,0.001445686653502768,1809000,3817.197753988448
SAT-0-0,113.54818999999927,127.22816834039986,1200,SAT-7-0,48.67157812815783,82.22816834039986,1200,left,0.001438594174887036,1813000,3826.599728399084
SAT-0-0,113.54818999999927,127.22816834039986,1200,SAT-1-0,48.67157812815783,172.22816834039986,1200,right,0.00143859417496421,1813000,3826.5997283990832
SAT-0-0,113.79870999999928,127.55685542138475,1200,SAT-7-0,48.54695721407409,82.55685542138478,1200,left,0.0014315137914012864,1817000,3836.0551002501425
SAT-0-0,113.79870999999928,127.55685542138475,1200,SAT-1-0,48.54695721407409,172.55685542138477,1200,right,0.0014315137914788425,1817000,3836.055100250141
SAT-0-0,114.04922999999927,127.88392168112232,1200,SAT-7-0,48.42140533945171,82.88392168112229,1200,left,0.0014244467024028405,1821000,3845.5627552798464
SAT-0-0,114.04922999999927,127.88392168112232,1200,SAT-1-0,48.42140533945171,172.8839216811223,1200,right,0.0014244467024807812,1821000,3845.562755279846
SAT-0-0,114.29974999999926,128.20937033423684,1200,SAT-7-0,48.29493118288344,83.20937033423688,1200,left,0.0014173940750463738,1825000,3855.1215822991862
SAT-0-0,114.29974999999926,128.20937033423684,1200,SAT-1-0,48.29493118288344,173.20937033423684,1200,right,0.0014173940750463738,1825000,3855.121582299186
SAT-0-0,114.55026999999926,128.53320485806955,1200,SAT-7-0,48.16754338263545,83.53320485806958,1200,left,0.0014103570429687912,1829000,3864.7304733581036
SAT-0-0,114.55026999999926,128.53320485806955,1200,SAT-1-0,48.16754338263545,173.53320485806955,1200,right,0.0014103570430475105,1829000,3864.7304733581022
SAT-0-0,114.80078999999927,128.85542898523687,1200,SAT-7-0,48.039250535378955,83.85542898523687,1200,left,0.0014033367084111358,1833000,3874.388323905848
SAT-0-0,114.80078999999927,128.85542898523687,1200,SAT-1-0,48.039250535378955,173.85542898523687,1200,right,0.0014033367082529097,1833000,3874.3883239058473
SAT-0-0,115.05130999999928,129.17604669625578,1200,SAT-7-0,47.91006119497616,84.17604669625578,1200,left,0.0013963341404255292,1837000,3884.0940329455725
SAT-0-0,115.05130999999928,129.17604669625578,1200,SAT-1-0,47.91006119497616,174.17604669625578,1200,right,0.0013963341405845492,1837000,3884.0940329455716
SAT-0-0,115.30182999999933,129.49506221224047,1200,SAT-7-0,47.779983871319544,84.4950622122405,1200,left,0.0013893503774202133,1841000,3893.8465031832716
SAT-0-0,115.30182999999933,129.49506221224047,1200,SAT-1-0,47.779983871319544,174.49506221224047,1200,right,0.0013893503775001229,1841000,3893.8465031832707
SAT-0-0,115.55234999999934,129.8124799876743,1200,SAT-7-0,47.64902702922389,84.81247998767431,1200,left,0.0013823864258446052,1845000,3903.6446411711345
SAT-0-0,115.55234999999934,129.8124799876743,1200,SAT-1-0,47.64902702922389,174.8124799876743,1200,right,0.0013823864259249173,1845000,3903.644641171133
SAT-0-0,115.80286999999939,130.12830470326153,1200,SAT-7-0,47.51719908736938,85.1283047032615,1200,left,0.0013754432610125688,1849000,3913.487357445438
SAT-0-0,115.80286999999939,130.12830470326153,1200,SAT-1-0,47.51719908736938,175.12830470326153,1200,right,0.0013754432610125688,1849000,3913.487357445437
SAT-0-0,116.0533899999994,130.44254125886155,1200,SAT-7-0,47.38450841729596,85.44254125886155,1200,left,0.001368521827869308,1853000,3923.373566659029
SAT-0-0,116.0533899999994,130.44254125886155,1200,SAT-1-0,47.38450841729596,175.44254125886155,1200,right,0.0013685218279504338,1853000,3923.3735666590287
SAT-0-0,116.30390999999945,130.75519476651,1200,SAT-7-0,47.2509633424467,85.75519476650994,1200,left,0.0013616230406404172,1857000,3933.302187708541
SAT-0-0,116.30390999999945,130.75519476651,1200,SAT-1-0,47.2509633424467,175.75519476651,1200,right,0.0013616230405588804,1857000,3933.3021877085407
SAT-0-0,116.55442999999946,131.06627054352845,1200,SAT-7-0,47.11657213726026,86.06627054352845,1200,left,0.0013547477840282283,1861000,3943.2721438563995
SAT-0-0,116.55442999999946,131.06627054352845,1200,SAT-1-0,47.11657213726026,176.06627054352845,1200,right,0.0013547477839462778,1861000,3943.2721438564
SAT-0-0,116.80494999999948,131.37577410572777,1200,SAT-7-0,46.981343026310675,86.3757741057278,1200,left,0.0013478969128814095,1865000,3953.2823628477595
SAT-0-0,116.80494999999948,131.37577410572777,1200,SAT-1-0,46.981343026310675,176.37577410572777,1200,right,0.0013478969128814095,1865000,3953.2823628477577
SAT-0-0,117.05546999999952,131.68371116070486,1200,SAT-7-0,46.845284183494066,86.68371116070487,1200,left,0.001341071253429534,1869000,3963.3317770224326
SAT-0-0,117.05546999999952,131.68371116070486,1200,SAT-1-0,46.845284183494066,176.68371116070486,1200,right,0.001341071253429534,1869000,3963.3317770224307
SAT-0-0,117.30598999999954,131.99008760123795,1200,SAT-7-0,46.70840373126077,86.99008760123796,1200,left,0.0013342716028109205,1873000,3973.4193234219406
SAT-0-0,117.30598999999954,131.99008760123795,1200,SAT-1-0,46.70840373126077,176.99008760123795,1200,right,0.0013342716029773368,1873000,3973.4193234219397
SAT-0-0,117.55650999999958,132.29490949878064,1200,SAT-7-0,46.57070973989213,87.29490949878065,1200,left,0.0013274987301782222,1877000,3983.5439438917833
SAT-0-0,117.55650999999958,132.29490949878064,1200,SAT-1-0,46.57070973989213,177.29490949878064,1200,right,0.001327498730261855,1877000,3983.543943891782
SAT-0-0,117.80702999999959,132.59818309705776,1200,SAT-7-0,46.43221022682096,87.59818309705777,1200,left,0.0013207533768331279,1881000,3993.7045851790112
SAT-0-0,117.80702999999959,132.59818309705776,1200,SAT-1-0,46.43221022682096,177.59818309705776,1200,right,0.0013207533768331279,1881000,3993.7045851790103
SAT-0-0,118.05754999999964,132.8999148057644,1200,SAT-7-0,46.292913155994356,87.89991480576441,1200,left,0.001314036256538385,1885000,4003.900199025246
SAT-0-0,118.05754999999964,132.8999148057644,1200,SAT-1-0,46.292913155994356,177.8999148057644,1200,right,0.0013140362564538952,1885000,4003.9001990252445
SAT-0-0,118.30806999999965,133.20011119436944,1200,SAT-7-0,46.15282643727839,88.20011119436941,1200,left,0.0013073480564385926,1889000,4014.1297422551934
SAT-0-0,118.30806999999965,133.20011119436944,1200,SAT-1-0,46.15282643727839,178.20011119436944,1200,right,0.0013073480565235142,1889000,4014.129742255193
SAT-0-0,118.5585899999997,133.49877898602543,1200,SAT-7-0,46.01195792590282,88.49877898602543,1200,left,0.0013006894375876931,1893000,4024.3921768608275
SAT-0-0,118.5585899999997,133.49877898602543,1200,SAT-1-0,46.01195792590282,178.49877898602543,1200,right,0.0013006894375876931,1893000,4024.392176860825
SAT-0-0,118.8091099999997,133.7959250515856,1200,SAT-7-0,45.87031542194581,88.79592505158561,1200,left,0.0012940610343827642,1897000,4034.6864700812616
SAT-0-0,118.8091099999997,133.7959250515856,1200,SAT-1-0,45.87031542194581,178.7959250515856,1200,right,0.0012940610343827642,1897000,4034.686470081261
SAT-0-0,119.05962999999976,134.0915564037294,1200,SAT-7-0,45.72790666985664,89.09155640372938,1200,left,0.0012874634565731298,1901000,4045.011594478511
SAT-0-0,119.05962999999976,134.0915564037294,1200,SAT-1-0,45.72790666985664,179.0915564037294,1200,right,0.0012874634564868964,1901000,4045.01159447851
SAT-0-0,119.31014999999977,134.3856801911965,1200,SAT-7-0,45.58473935801622,89.38568019119653,1200,left,0.0012808972878706676,1905000,4055.366528009142
SAT-0-0,119.31014999999977,134.3856801911965,1200,SAT-1-0,45.58473935801622,179.3856801911965,1200,right,0.0012808972877839922,1905000,4055.3665280091404
SAT-0-0,119.56066999999979,134.67830369313134,1200,SAT-7-0,45.44082111833376,89.67830369313137,1200,left,0.0012743630885310123,1909000,4065.750254092016
SAT-0-0,119.56066999999979,134.67830369313134,1200,SAT-1-0,45.44082111833376,179.67830369313134,1200,right,0.0012743630884438925,1909000,4065.7502540920136
SAT-0-0,119.81118999999983,134.96943431353728,1200,SAT-7-0,45.29615952587903,89.96943431353725,1200,left,0.001267861394431053,1913000,4076.161761672144
SAT-0-0,119.81118999999983,134.96943431353728,1200,SAT-1-0,45.29615952587903,179.96943431353728,1200,right,0.0012678613943434864,1913000,4076.1617616721433
SAT-0-0,120.06170999999985,135.25907957584167,1200,SAT-7-0,45.150762098548995,90.25907957584164,1200,left,0.0012613927177088538,1917000,4086.6000452808116
SAT-0-0,120.06170999999985,135.25907957584167,1200,SAT-1-0,45.150762098548995,180.25907957584167,1200,right,0.0012613927177088538,1917000,4086.600045280811
SAT-0-0,120.31222999999989,135.54724711757166,1200,SAT-7-0,45.00463629676785,90.54724711757167,1200,left,0.0012549575476959493,1921000,4097.0641050920485
SAT-0-0,120.31222999999989,135.54724711757166,1200,SAT-1-0,45.00463629676785,180.54724711757166,1200,right,0.0012549575476959493,1921000,4097.064105092048
SAT-0-0,120.5627499999999,135.8339446851408,1200,SAT-7-0,44.85778952321965,90.8339446851408,1200,left,0.0012485563508186784,1925000,4107.552946975542
SAT-0-0,120.5627499999999,135.8339446851408,1200,SAT-1-0,44.85778952321965,180.8339446851408,1200,right,0.0012485563511743605,1925000,4107.55294697554
SAT-0-0,120.81326999999995,136.1191801287468,1200,SAT-7-0,44.71022912261216,91.11918012874676,1200,left,0.0012421895722020207,1929000,4118.06558254612
SAT-0-0,120.81326999999995,136.1191801287468,1200,SAT-1-0,44.71022912261216,181.1191801287468,1200,right,0.0012421895723807733,1929000,4118.065582546119
SAT-0-0,121.06378999999995,136.40296139737922,1200,SAT-7-0,44.56196238147158,91.4029613973792,1200,left,0.00123585763472531,1933000,4128.601029209855
SAT-0-0,121.06378999999995,136.40296139737922,1200,SAT-1-0,44.56196238147158,181.40296139737922,1200,right,0.00123585763472531,1933000,4128.6010292098545
SAT-0-0,121.31431,136.68529653393875,1200,SAT-7-0,44.41299652796655,91.68529653393877,1200,left,0.0012295609397719304,1937000,4139.158310206951
SAT-0-0,121.31431,136.68529653393875,1200,SAT-1-0,44.41299652796655,181.68529653393875,1200,right,0.0012295609397719304,1937000,4139.15831020695
SAT-0-0,121.56483000000001,136.966193670465,1200,SAT-7-0,44.263338731761046,91.96619367046502,1200,left,0.0012232998690992272,1941000,4149.7364546514245
SAT-0-0,121.56483000000001,136.966193670465,1200,SAT-1-0,44.263338731761046,181.966193670465,1200,right,0.0012232998690992272,1941000,4149.736454651424
SAT-0-0,121.81535000000007,137.24566102347526,1200,SAT-7-0,44.112996103894744,92.24566102347528,1200,left,0.001217074783033838,1945000,4160.334497567776
SAT-0-0,121.81535000000007,137.24566102347526,1200,SAT-1-0,44.112996103894744,182.24566102347526,1200,right,0.0012170747833987205,1945000,4160.334497567776
SAT-0-0,122.06587000000007,137.5237068894107,1200,SAT-7-0,43.96197569669057,92.52370688941072,1200,left,0.0012108860241204073,1949000,4170.951479924649
SAT-0-0,122.06587000000007,137.5237068894107,1200,SAT-1-0,43.96197569669057,182.5237068894107,1200,right,0.001210886024303781,1949000,4170.951479924649
SAT-0-0,122.31639000000013,137.80033964019213,1200,SAT-7-0,43.810284503687726,92.80033964019215,1200,left,0.0012047339137947444,1953000,4181.586448665639
SAT-0-0,122.31639000000013,137.80033964019213,1200,SAT-1-0,43.810284503687726,182.80033964019213,1200,right,0.0012047339137947444,1953000,4181.586448665637
SAT-0-0,122.56691000000014,138.075567718882,1200,SAT-7-0,43.65792945960023,93.07556771888201,1200,left,0.0011986187556313106,1957000,4192.238456737297
SAT-0-0,122.56691000000014,138.075567718882,1200,SAT-1-0,43.65792945960023,183.075567718882,1200,right,0.0011986187556313106,1957000,4192.2384567372965
SAT-0-0,122.81743000000016,138.349399635454,1200,SAT-7-0,43.50491744029924,93.34939963545399,1200,left,0.0011925408347888444,1961000,4202.906563114462
SAT-0-0,122.81743000000016,138.349399635454,1200,SAT-1-0,43.50491744029924,183.349399635454,1200,right,0.0011925408347888444,1961000,4202.906563114462
SAT-0-0,123.0679500000002,138.6218439626675,1200,SAT-7-0,43.351255262818995,93.62184396266751,1200,left,0.0011865004182888053,1965000,4213.589832822953
SAT-0-0,123.0679500000002,138.6218439626675,1200,SAT-1-0,43.351255262818995,183.6218439626675,1200,right,0.0011865004182888053,1965000,4213.589832822953
SAT-0-0,123.3184700000002,138.8929093320471,1200,SAT-7-0,43.196949685385114,93.8929093320471,1200,left,0.001180497756721084,1969000,4224.287336959768
SAT-0-0,123.3184700000002,138.8929093320471,1200,SAT-1-0,43.196949685385114,183.8929093320471,1200,right,0.001180497756721084,1969000,4224.287336959768
SAT-0-0,123.56899000000026,139.1626044299658,1200,SAT-7-0,43.042007407464595,94.16260442996577,1200,left,0.0011745330822288188,1973000,4234.998152710831
SAT-0-0,123.56899000000026,139.1626044299658,1200,SAT-1-0,43.042007407464595,184.1626044299658,1200,right,0.001174533082417868,1973000,4234.998152710831
SAT-0-0,123.81951000000026,139.43093799383018,1200,SAT-7-0,42.886435069836836,94.4309379938302,1200,left,0.0011686066121395925,1977000,4245.721363366381
SAT-0-0,123.81951000000026,139.43093799383018,1200,SAT-1-0,42.886435069836836,184.43093799383018,1200,right,0.0011686066121395925,1977000,4245.72136336638
SAT-0-0,124.07003000000032,139.69791880836766,1200,SAT-7-0,42.73023925468438,94.69791880836766,1200,left,0.0011627185465090386,1981000,4256.456058334111
SAT-0-0,124.07003000000032,139.69791880836766,1200,SAT-1-0,42.73023925468438,184.69791880836766,1200,right,0.0011627185463180683,1981000,4256.456058334111
SAT-0-0,124.32055000000032,139.96355570201305,1200,SAT-7-0,42.573426485703514,94.96355570201308,1200,left,0.0011568690701073744,1985000,4267.201333150089
SAT-0-0,124.32055000000032,139.96355570201305,1200,SAT-1-0,42.573426485703514,184.96355570201305,1200,right,0.0011568690702993102,1985000,4267.201333150088
SAT-0-0,124.57107000000038,140.22785754339458,1200,SAT-7-0,42.41600322823293,95.22785754339459,1200,left,0.001151058353317,1989000,4277.956289487592
SAT-0-0,124.57107000000038,140.22785754339458,1200,SAT-1-0,42.41600322823293,185.22785754339458,1200,right,0.0011510583535099047,1989000,4277.956289487593
SAT-0-0,124.82159000000038,140.4908332379168,1200,SAT-7-0,42.25797588940061,95.49083323791682,1200,left,0.0011452865504473493,1993000,4288.720035163877
SAT-0-0,124.82159000000038,140.4908332379168,1200,SAT-1-0,42.25797588940061,185.4908332379168,1200,right,0.0011452865502534723,1993000,4288.720035163875
SAT-0-0,125.07211000000044,140.75249172444032,1200,SAT-7-0,42.09935081828749,95.75249172444029,1200,left,0.001139553802195306,1997000,4299.4916841450195
SAT-0-0,125.07211000000044,140.75249172444032,1200,SAT-1-0,42.09935081828749,185.75249172444032,1200,right,0.0011395538020004536,1997000,4299.491684145018
SAT-0-0,125.32263000000044,141.01284197205564,1200,SAT-7-0,41.94013430610782,96.01284197205567,1200,left,0.001133860235544117,2001000,4310.270356548845
SAT-0-0,125.32263000000044,141.01284197205564,1200,SAT-1-0,41.94013430610782,186.01284197205564,1200,right,0.0011338602353482862,2001000,4310.270356548842
SAT-0-0,125.57315000000047,141.27189297695105,1200,SAT-7-0,41.780332586405045,96.27189297695105,1200,left,0.0011282059635677683,2005000,4321.055178646059
SAT-0-0,125.57315000000047,141.27189297695105,1200,SAT-1-0,41.780332586405045,186.27189297695105,1200,right,0.0011282059635677683,2005000,4321.055178646058
SAT-0-0,125.8236700000005,141.52965375937166,1200,SAT-7-0,41.61995183526277,96.52965375937166,1200,left,0.0011225910863244214,2009000,4331.845282859629
SAT-0-0,125.8236700000005,141.52965375937166,1200,SAT-1-0,41.61995183526277,186.52965375937166,1200,right,0.0011225910863244214,2009000,4331.845282859627
SAT-0-0,126.07419000000051,141.78613336066948,1200,SAT-7-0,41.45899817153024,96.7861333606695,1200,left,0.0011170156910881002,2013000,4342.63980776248
SAT-0-0,126.07419000000051,141.78613336066948,1200,SAT-1-0,41.45899817153024,186.78613336066948,1200,right,0.001117015691286884,2013000,4342.639807762479
SAT-0-0,126.32471000000056,142.04134084044244,1200,SAT-7-0,41.297477657061286,97.04134084044247,1200,left,0.0011114798529936886,2017000,4353.437898073613
SAT-0-0,126.32471000000056,142.04134084044244,1200,SAT-1-0,41.297477657061286,187.04134084044244,1200,right,0.0011114798531934623,2017000,4353.437898073611
SAT-0-0,126.57523000000057,142.2952852737602,1200,SAT-7-0,41.1353962969668,97.29528527376017,1200,left,0.0011059836355071801,2021000,4364.2387046526355
SAT-0-0,126.57523000000057,142.2952852737602,1200,SAT-1-0,41.1353962969668,187.2952852737602,1200,right,0.0011059836354067967,2021000,4364.238704652635
SAT-0-0,126.82575000000062,142.5479757484769,1200,SAT-7-0,40.97276003987926,97.54797574847687,1200,left,0.0011005270895040817,2025000,4375.041384492873
SAT-0-0,126.82575000000062,142.5479757484769,1200,SAT-1-0,40.97276003987926,187.5479757484769,1200,right,0.0011005270893023197,2025000,4375.041384492871
SAT-0-0,127.07627000000063,142.79942136262747,1200,SAT-7-0,40.809574778229674,97.79942136262746,1200,left,0.0010951102553681694,2029000,4385.845100712996
SAT-0-0,127.07627000000063,142.79942136262747,1200,SAT-1-0,40.809574778229674,187.79942136262747,1200,right,0.0010951102551654093,2029000,4385.845100712994
SAT-0-0,127.32679000000068,143.04963122190742,1200,SAT-7-0,40.645846348535336,98.0496312219074,1200,left,0.0010897331621028265,2033000,4396.649022547363
SAT-0-0,127.32679000000068,143.04963122190742,1200,SAT-1-0,40.645846348535336,188.04963122190742,1200,right,0.001089733162306587,2033000,4396.649022547361
SAT-0-0,127.5773100000007,143.29861443723334,1200,SAT-7-0,40.48158053169898,98.29861443723335,1200,left,0.0010843958293909597,2037000,4407.452325335001
SAT-0-0,127.5773100000007,143.29861443723334,1200,SAT-1-0,40.48158053169898,188.29861443723334,1200,right,0.0010843958293909597,2037000,4407.452325334999
SAT-0-0,127.82783000000074,143.54638012238388,1200,SAT-7-0,40.31678305331756,98.54638012238384,1200,left,0.00107909826540073,2041000,4418.254190507409
SAT-0-0,127.82783000000074,143.54638012238388,1200,SAT-1-0,40.31678305331756,188.54638012238388,1200,right,0.0010790982651949612,2041000,4418.254190507407
SAT-0-0,128.07835000000074,143.7929373917181,1200,SAT-7-0,40.151459584001344,98.79293739171813,1200,left,0.0010738404690810695,2045000,4429.053805575123
SAT-0-0,128.07835000000074,143.7929373917181,1200,SAT-1-0,40.151459584001344,188.7929373917181,1200,right,0.0010738404688742933,2045000,4429.053805575122
SAT-0-0,128.32887000000082,144.03829535797152,1200,SAT-7-0,39.98561573970157,99.03829535797153,1200,left,0.0010686224299335583,2049000,4439.850364113209
SAT-0-0,128.32887000000082,144.03829535797152,1200,SAT-1-0,39.98561573970157,189.03829535797152,1200,right,0.0010686224301413442,2049000,4439.8503641132065
SAT-0-0,128.5793900000009,144.28246313012605,1200,SAT-7-0,39.81925708204756,99.28246313012603,1200,left,0.001063444128304797,2053000,4450.643065745624
SAT-0-0,128.5793900000009,144.28246313012605,1200,SAT-1-0,39.81925708204756,189.28246313012605,1200,right,0.0010634441280959995,2053000,4450.643065745623
SAT-0-0,128.82991000000095,144.52544981135455,1200,SAT-7-0,39.65238911869138,99.52544981135458,1200,left,0.0010583055347484708,2057000,4461.431116128606
SAT-0-0,128.82991000000095,144.52544981135455,1200,SAT-1-0,39.65238911869138,189.52544981135455,1200,right,0.0010583055349582822,2057000,4461.431116128604
SAT-0-0,129.080430000001,144.7672644970368,1200,SAT-7-0,39.485017303660555,99.76726449703686,1200,left,0.0010532066133797703,2061000,4472.21372693306
SAT-0-0,129.080430000001,144.7672644970368,1200,SAT-1-0,39.485017303660555,189.7672644970368,1200,right,0.0010532066133797703,2061000,4472.213726933059
SAT-0-0,129.33095000000105,145.00791627284607,1200,SAT-7-0,39.31714703771814,100.00791627284603,1200,left,0.0010481473177061029,2065000,4482.990115826027
SAT-0-0,129.33095000000105,145.00791627284607,1200,SAT-1-0,39.31714703771814,190.00791627284607,1200,right,0.001048147317494258,2065000,4482.990115826026
SAT-0-0,129.5814700000011,145.24741421290454,1200,SAT-7-0,39.148783668729514,100.24741421290453,1200,left,0.0010431275944299235,2069000,4493.759506451285
SAT-0-0,129.5814700000011,145.24741421290454,1200,SAT-1-0,39.148783668729514,190.24741421290454,1200,right,0.0010431275944299235,2069000,4493.759506451285
SAT-0-0,129.83199000000116,145.48576737800636,1200,SAT-7-0,38.979932492035644,100.48576737800632,1200,left,0.0010381473834101883,2073000,4504.521128409099
SAT-0-0,129.83199000000116,145.48576737800636,1200,SAT-1-0,38.979932492035644,190.48576737800636,1200,right,0.0010381473834101883,2073000,4504.521128409099
SAT-0-0,130.08251000000124,145.72298481390635,1200,SAT-7-0,38.81059875083238,100.72298481390632,1200,left,0.001033206615692409,2077000,4515.27421723521
SAT-0-0,130.08251000000124,145.72298481390635,1200,SAT-1-0,38.81059875083238,190.72298481390635,1200,right,0.0010332066159073172,2077000,4515.274217235209
SAT-0-0,130.33303000000132,145.95907554967306,1200,SAT-7-0,38.64078763655537,100.95907554967309,1200,left,0.0010283052158049223,2081000,4526.018014379056
SAT-0-0,130.33303000000132,145.95907554967306,1200,SAT-1-0,38.64078763655537,190.95907554967306,1200,right,0.0010283052155889896,2081000,4526.018014379054
SAT-0-0,130.58355000000137,146.1940485961051,1200,SAT-7-0,38.47050428927017,101.19404859610505,1200,left,0.0010234431016306364,2085000,4536.7517671813
SAT-0-0,130.58355000000137,146.1940485961051,1200,SAT-1-0,38.47050428927017,191.1940485961051,1200,right,0.0010234431013051988,2085000,4536.751767181299
SAT-0-0,130.83407000000142,146.42791294420852,1200,SAT-7-0,38.299753798067144,101.42791294420852,1200,left,0.00101862018395187,2089000,4547.474728850716
SAT-0-0,130.83407000000142,146.42791294420852,1200,SAT-1-0,38.299753798067144,191.42791294420852,1200,right,0.0010186201838428771,2089000,4547.474728850714
SAT-0-0,131.08459000000147,146.66067756373423,1200,SAT-7-0,38.12854120146107,101.66067756373423,1200,left,0.0010138363682857467,2093000,4558.186158440408
SAT-0-0,131.08459000000147,146.66067756373423,1200,SAT-1-0,38.12854120146107,191.66067756373423,1200,right,0.0010138363682857467,2093000,4558.186158440409
SAT-0-0,131.33511000000152,146.89235140177416,1200,SAT-7-0,37.95687148779462,101.89235140177416,1200,left,0.0010090915534747588,2097000,4568.885320823491
SAT-0-0,131.33511000000152,146.89235140177416,1200,SAT-1-0,37.95687148779462,191.89235140177416,1200,right,0.0010090915533647368,2097000,4568.885320823491
SAT-0-0,131.58563000000157,147.1229433814142,1200,SAT-7-0,37.784749595645884,102.12294338141417,1200,left,0.0010043856322303672,2101000,4579.571486668191
SAT-0-0,131.58563000000157,147.1229433814142,1200,SAT-1-0,37.784749595645884,192.1229433814142,1200,right,0.0010043856322303672,2101000,4579.571486668191
SAT-0-0,131.83615000000165,147.3524624004432,1200,SAT-7-0,37.61218041423913,102.35246240044324,1200,left,0.0009997184922508912,2105000,4590.243932412447
SAT-0-0,131.83615000000165,147.3524624004432,1200,SAT-1-0,37.61218041423913,192.3524624004432,1200,right,0.0009997184922508912,2105000,4590.243932412446
SAT-0-0,132.08667000000173,147.5809173301158,1200,SAT-7-0,37.43916878385894,102.5809173301158,1200,left,0.0009950900162583652,2109000,4600.901940238037
SAT-0-0,132.08667000000173,147.5809173301158,1200,SAT-1-0,37.43916878385894,192.5809173301158,1200,right,0.0009950900159236549,2109000,4600.901940238035
SAT-0-0,132.33719000000178,147.80831701396863,1200,SAT-7-0,37.26571949626716,102.80831701396869,1200,left,0.0009905000806941884,2113000,4611.54479804424
SAT-0-0,132.33719000000178,147.80831701396863,1200,SAT-1-0,37.26571949626716,192.80831701396863,1200,right,0.0009905000806941884,2113000,4611.544798044239
SAT-0-0,132.58771000000183,148.03467026668807,1200,SAT-7-0,37.09183729512214,103.03467026668808,1200,left,0.0009859485580973762,2117000,4622.171799421117
SAT-0-0,132.58771000000183,148.03467026668807,1200,SAT-1-0,37.09183729512214,193.03467026668807,1200,right,0.0009859485583225854,2117000,4622.171799421116
SAT-0-0,132.8382300000019,148.25998587302772,1200,SAT-7-0,36.91752687640075,103.25998587302766,1200,left,0.0009814353164976644,2121000,4632.782243622371
SAT-0-0,132.8382300000019,148.25998587302772,1200,SAT-1-0,36.91752687640075,193.25998587302772,1200,right,0.0009814353164976644,2121000,4632.7822436223705
SAT-0-0,133.08875000000194,148.48427258677538,1200,SAT-7-0,36.74279288882203,103.48427258677536,1200,left,0.0009769602185667806,2125000,4643.375435537883
SAT-0-0,133.08875000000194,148.48427258677538,1200,SAT-1-0,36.74279288882203,193.48427258677538,1200,right,0.0009769602185667806,2125000,4643.3754355378815
SAT-0-0,133.339270000002,148.7075391297675,1200,SAT-7-0,36.56763993427272,103.70753912976753,1200,left,0.0009725231240595728,2129000,4653.950685665911
SAT-0-0,133.339270000002,148.7075391297675,1200,SAT-1-0,36.56763993427272,193.7075391297675,1200,right,0.0009725231239454138,2129000,4653.95068566591
SAT-0-0,133.58979000000207,148.92979419094988,1200,SAT-7-0,36.39207256823424,103.92979419094986,1200,left,0.0009681238873935124,2133000,4664.507310084996
SAT-0-0,133.58979000000207,148.92979419094988,1200,SAT-1-0,36.39207256823424,193.92979419094988,1200,right,0.0009681238875081902,2133000,4664.507310084994
SAT-0-0,133.84031000000218,149.15104642548354,1200,SAT-7-0,36.21609530021107,104.15104642548351,1200,left,0.0009637623597718603,2137000,4675.044630425591
SAT-0-0,133.84031000000218,149.15104642548354,1200,SAT-1-0,36.21609530021107,194.15104642548354,1200,right,0.0009637623598870571,2137000,4675.044630425589
SAT-0-0,134.09083000000226,149.3713044538945,1200,SAT-7-0,36.03971259416,104.37130445389451,1200,left,0.0009594383887057092,2141000,4685.56197384146
SAT-0-0,134.09083000000226,149.3713044538945,1200,SAT-1-0,36.03971259416,194.3713044538945,1200,right,0.0009594383887057092,2141000,4685.56197384146
SAT-0-0,134.34135000000236,149.59057686126616,1200,SAT-7-0,35.86292886892026,104.59057686126611,1200,left,0.0009551518188034091,2145000,4696.058672980845
SAT-0-0,134.34135000000236,149.59057686126616,1200,SAT-1-0,35.86292886892026,194.59057686126616,1200,right,0.0009551518185709386,2145000,4696.058672980842
SAT-0-0,134.59187000000244,149.80887219647346,1200,SAT-7-0,35.685748498644166,104.80887219647346,1200,left,0.0009509024902480029,2149000,4706.534065957435
SAT-0-0,134.59187000000244,149.80887219647346,1200,SAT-1-0,35.685748498644166,194.80887219647346,1200,right,0.0009509024902480029,2149000,4706.534065957434
SAT-0-0,134.84239000000255,150.02619897145675,1200,SAT-7-0,35.50817581322833,105.02619897145672,1200,left,0.0009466902409882486,2153000,4716.987496321181
SAT-0-0,134.84239000000255,150.02619897145675,1200,SAT-1-0,35.50817581322833,195.02619897145675,1200,right,0.0009466902408709743,2153000,4716.98749632118
SAT-0-0,135.09291000000263,150.24256566053563,1200,SAT-7-0,35.33021509874485,105.24256566053558,1200,left,0.0009425149058097924,2157000,4727.418313028938
SAT-0-0,135.09291000000263,150.24256566053563,1200,SAT-1-0,35.33021509874485,195.24256566053563,1200,right,0.0009425149055742049,2157000,4727.418313028938
SAT-0-0,135.34343000000268,150.45798069976001,1200,SAT-7-0,35.15187059787271,105.45798069976,1200,left,0.0009383763164476232,2161000,4737.825870414988
SAT-0-0,135.34343000000268,150.45798069976001,1200,SAT-1-0,35.15187059787271,195.45798069976001,1200,right,0.0009383763164476232,2161000,4737.825870414987
SAT-0-0,135.59395000000274,150.67245248629916,1200,SAT-7-0,34.973146510328675,105.67245248629919,1200,left,0.0009342743024160623,2165000,4748.209528161457
SAT-0-0,135.59395000000274,150.67245248629916,1200,SAT-1-0,34.973146510328675,195.67245248629916,1200,right,0.0009342743025348949,2165000,4748.209528161455
SAT-0-0,135.8444700000028,150.8859893778654,1200,SAT-7-0,34.7940469932983,105.88598937786544,1200,left,0.0009302086907878469,2169000,4758.56865126863
SAT-0-0,135.8444700000028,150.8859893778654,1200,SAT-1-0,34.7940469932983,195.8859893778654,1200,right,0.0009302086909071989,2169000,4758.568651268631
SAT-0-0,136.09499000000284,151.09859969217362,1200,SAT-7-0,34.61457616186601,106.09859969217358,1200,left,0.0009261793063280598,2173000,4768.902610025215
SAT-0-0,136.09499000000284,151.09859969217362,1200,SAT-1-0,34.61457616186601,196.09859969217362,1200,right,0.0009261793060883172,2173000,4768.902610025214
SAT-0-0,136.3455100000029,151.31029170643433,1200,SAT-7-0,34.43473808944477,106.31029170643438,1200,left,0.0009221859711510928,2177000,4779.2107799785235
SAT-0-0,136.3455100000029,151.31029170643433,1200,SAT-1-0,34.43473808944477,196.31029170643433,1200,right,0.000922185970910312,2177000,4779.210779978522
SAT-0-0,136.59603000000297,151.52107365687908,1200,SAT-7-0,34.25453680820476,106.52107365687912,1200,left,0.0009182285056997686,2181000,4789.492541904647
SAT-0-0,136.59603000000297,151.52107365687908,1200,SAT-1-0,34.25453680820476,196.52107365687908,1200,right,0.0009182285056997686,2181000,4789.492541904646
SAT-0-0,136.84655000000305,151.73095373831836,1200,SAT-7-0,34.0739763095012,106.73095373831839,1200,left,0.0009143067285365993,2185000,4799.747281778601
SAT-0-0,136.84655000000305,151.73095373831836,1200,SAT-1-0,34.0739763095012,196.73095373831836,1200,right,0.0009143067281723157,2185000,4799.747281778598
SAT-0-0,137.0970700000031,151.9399401037296,1200,SAT-7-0,33.89306054430107,106.93994010372957,1200,left,0.0009104204568620052,2189000,4809.974390744445
SAT-0-0,137.0970700000031,151.9399401037296,1200,SAT-1-0,33.89306054430107,196.9399401037296,1200,right,0.000910420456740059,2189000,4809.9743907444445
SAT-0-0,137.34759000000315,152.1480408638758,1200,SAT-7-0,33.71179342360842,107.14804086387579,1200,left,0.0009065695055769157,2193000,4820.173265085464
SAT-0-0,137.34759000000315,152.1480408638758,1200,SAT-1-0,33.71179342360842,197.1480408638758,1200,right,0.0009065695055769157,2193000,4820.173265085461
SAT-0-0,137.5981100000032,152.35526408695245,1200,SAT-7-0,33.53017881888858,107.35526408695243,1200,left,0.0009027536885356997,2197000,4830.343306194319
SAT-0-0,137.5981100000032,152.35526408695245,1200,SAT-1-0,33.53017881888858,197.35526408695245,1200,right,0.0009027536885356997,2197000,4830.343306194319
SAT-0-0,137.84863000000325,152.5616177982629,1200,SAT-7-0,33.34822056249071,107.56161779826293,1200,left,0.0008989728178556968,2201000,4840.48392054328
SAT-0-0,137.84863000000325,152.5616177982629,1200,SAT-1-0,33.34822056249071,197.5616177982629,1200,right,0.0008989728178556968,2201000,4840.483920543279
SAT-0-0,138.0991500000033,152.76710997992066,1200,SAT-7-0,33.165922448068876,107.76710997992066,1200,left,0.0008952267049458637,2205000,4850.594519654487
SAT-0-0,138.0991500000033,152.76710997992066,1200,SAT-1-0,33.165922448068876,197.76710997992066,1200,right,0.0008952267048218479,2205000,4850.594519654486
SAT-0-0,138.34967000000339,152.97174857057834,1200,SAT-7-0,32.9832882310013,107.97174857057833,1200,left,0.0008915151595692193,2209000,4860.674520070292
SAT-0-0,138.34967000000339,152.97174857057834,1200,SAT-1-0,32.9832882310013,197.97174857057834,1200,right,0.0008915151594446871,2209000,4860.67452007029
SAT-0-0,138.60019000000347,153.17554146518154,1200,SAT-7-0,32.800321628807936,108.17554146518155,1200,left,0.0008878379905076313,2213000,4870.723343323666
SAT-0-0,138.60019000000347,153.17554146518154,1200,SAT-1-0,32.800321628807936,198.17554146518154,1200,right,0.0008878379907577272,2213000,4870.723343323664
SAT-0-0,138.85071000000352,153.37849651474764,1200,SAT-7-0,32.61702632156618,108.37849651474762,1200,left,0.0008841950059924609,2217000,4880.740415908705
SAT-0-0,138.85071000000352,153.37849651474764,1200,SAT-1-0,32.61702632156618,198.37849651474764,1200,right,0.0008841950059924609,2217000,4880.740415908704
SAT-0-0,139.10123000000357,153.58062152616876,1200,SAT-7-0,32.43340595232434,108.58062152616873,1200,left,0.0008805860131373337,2221000,4890.725169251236
SAT-0-0,139.10123000000357,153.58062152616876,1200,SAT-1-0,32.43340595232434,198.58062152616876,1200,right,0.000880586013011256,2221000,4890.725169251235
SAT-0-0,139.35175000000362,153.78192426203705,1200,SAT-7-0,32.249464127513406,108.78192426203702,1200,left,0.0008770108182430786,2225000,4900.677039679526
SAT-0-0,139.35175000000362,153.78192426203705,1200,SAT-1-0,32.249464127513406,198.78192426203705,1200,right,0.000877010818496262,2225000,4900.677039679525
SAT-0-0,139.60227000000367,153.98241244049277,1200,SAT-7-0,32.06520441735641,108.9824124404928,1200,left,0.0008734692274916249,2229000,4910.595468395115
SAT-0-0,139.60227000000367,153.98241244049277,1200,SAT-1-0,32.06520441735641,198.98241244049277,1200,right,0.00087346922736452,2229000,4910.595468395113
SAT-0-0,139.85279000000372,154.1820937350938,1200,SAT-7-0,31.880630356275653,109.1820937350938,1200,left,0.0008699610456148489,2233000,4920.47990144378
SAT-0-0,139.85279000000372,154.1820937350938,1200,SAT-1-0,31.880630356275653,199.1820937350938,1200,right,0.0008699610457424664,2233000,4920.479901443779
SAT-0-0,140.1033100000038,154.38097577470577,1200,SAT-7-0,31.69574544329763,109.3809757747058,1200,left,0.0008664860778623863,2237000,4930.329789686642
SAT-0-0,140.1033100000038,154.38097577470577,1200,SAT-1-0,31.69574544329763,199.38097577470577,1200,right,0.0008664860776061275,2237000,4930.32978968664
SAT-0-0,140.35383000000388,154.5790661434127,1200,SAT-7-0,31.510553142455553,109.57906614341272,1200,left,0.0008630441284150015,2241000,4940.144588771405
SAT-0-0,140.35383000000388,154.5790661434127,1200,SAT-1-0,31.510553142455553,199.5790661434127,1200,right,0.0008630441285436419,2241000,4940.144588771405
SAT-0-0,140.604350000004,154.77637238044636,1200,SAT-7-0,31.325056883189657,109.77637238044635,1200,left,0.0008596350019882242,2245000,4949.92375910377
SAT-0-0,140.604350000004,154.77637238044636,1200,SAT-1-0,31.325056883189657,199.77637238044636,1200,right,0.0008596350017299231,2245000,4949.923759103769
SAT-0-0,140.85487000000407,154.97290198013525,1200,SAT-7-0,31.139260060744597,109.97290198013528,1200,left,0.0008562585018436233,2249000,4959.666765818999
SAT-0-0,140.85487000000407,154.97290198013525,1200,SAT-1-0,31.139260060744597,199.97290198013525,1200,right,0.0008562585018436233,2249000,4959.666765818999
SAT-0-0,141.10539000000418,155.16866239187075,1200,SAT-7-0,30.95316603656476,110.16866239187077,1200,left,0.0008529144325687629,2253000,4969.373078753649
SAT-0-0,141.10539000000418,155.16866239187075,1200,SAT-1-0,30.95316603656476,200.16866239187075,1200,right,0.0008529144325687629,2253000,4969.373078753648
SAT-0-0,141.35591000000426,155.3636610200915,1200,SAT-7-0,30.766778138686647,110.36366102009148,1200,left,0.0008496025973035076,2257000,4979.042172417491
SAT-0-0,141.35591000000426,155.3636610200915,1200,SAT-1-0,30.766778138686647,200.3636610200915,1200,right,0.0008496025974341832,2257000,4979.042172417489
SAT-0-0,141.60643000000437,155.55790522428396,1200,SAT-7-0,30.58009966212887,110.55790522428394,1200,left,0.0008463228006726303,2261000,4988.673525965603
SAT-0-0,141.60643000000437,155.55790522428396,1200,SAT-1-0,30.58009966212887,200.55790522428396,1200,right,0.0008463228004102664,2261000,4988.673525965603
SAT-0-0,141.85695000000445,155.75140231899965,1200,SAT-7-0,30.39313386927926,110.75140231899964,1200,left,0.000843074846124018,2265000,4998.266623170658
SAT-0-0,141.85695000000445,155.75140231899965,1200,SAT-1-0,30.39313386927926,200.75140231899965,1200,right,0.000843074846124018,2265000,4998.266623170659
SAT-0-0,142.10747000000455,155.9441595738877,1200,SAT-7-0,30.205883990279425,110.94415957388769,1200,left,0.0008398585379633154,2269000,5007.820952395406
SAT-0-0,142.10747000000455,155.9441595738877,1200,SAT-1-0,30.205883990279425,200.9441595738877,1200,right,0.0008398585378311237,2269000,5007.8209523954065
SAT-0-0,142.3579900000046,156.1361842137427,1200,SAT-7-0,30.01835322340643,111.13618421374272,1200,left,0.0008366736803832644,2273000,5017.33600656535
SAT-0-0,142.3579900000046,156.1361842137427,1200,SAT-1-0,30.01835322340643,201.1361842137427,1200,right,0.0008366736805159592,2273000,5017.336006565349
SAT-0-0,142.60851000000466,156.3274834185668,1200,SAT-7-0,29.830544735451664,111.32748341856679,1200,left,0.0008335200787344106,2277000,5026.8112831416365
SAT-0-0,142.60851000000466,156.3274834185668,1200,SAT-1-0,29.830544735451664,201.3274834185668,1200,right,0.0008335200784680167,2277000,5026.811283141636
SAT-0-0,142.8590300000047,156.51806432364603,1200,SAT-7-0,29.642461662097034,111.51806432364599,1200,left,0.0008303975373479385,2281000,5036.246284094152
SAT-0-0,142.8590300000047,156.51806432364603,1200,SAT-1-0,29.642461662097034,201.51806432364603,1200,right,0.0008303975373479385,2281000,5036.246284094151
SAT-0-0,143.10955000000476,156.70793401963988,1200,SAT-7-0,29.45410710828815,111.7079340196399,1200,left,0.0008273058617370932,2285000,5045.6405158748275
SAT-0-0,143.10955000000476,156.70793401963988,1200,SAT-1-0,29.45410710828815,201.70793401963988,1200,right,0.0008273058614686984,2285000,5045.640515874827
SAT-0-0,143.3600700000048,156.89709955268364,1200,SAT-7-0,29.265484148604685,111.89709955268363,1200,left,0.0008242448577497618,2289000,5054.993489391173
SAT-0-0,143.3600700000048,156.89709955268364,1200,SAT-1-0,29.265484148604685,201.89709955268364,1200,right,0.0008242448580191534,2289000,5054.993489391171
SAT-0-0,143.61059000000486,157.0855679245037,1200,SAT-7-0,29.076595827627866,112.08556792450369,1200,left,0.0008212143325938658,2293000,5064.3047199800185
SAT-0-0,143.61059000000486,157.0855679245037,1200,SAT-1-0,29.076595827627866,202.0855679245037,1200,right,0.0008212143327290586,2293000,5064.3047199800185
SAT-0-0,143.86111000000497,157.27334609254416,1200,SAT-7-0,28.887445160304953,112.2733460925441,1200,left,0.0008182140923567628,2297000,5073.573727381501
SAT-0-0,143.86111000000497,157.27334609254416,1200,SAT-1-0,28.887445160304953,202.27334609254416,1200,right,0.0008182140922210743,2297000,5073.573727381498
SAT-0-0,144.11163000000505,157.46044097010534,1200,SAT-7-0,28.698035132310864,112.46044097010535,1200,left,0.0008152439450527084,2301000,5082.800035713253
SAT-0-0,144.11163000000505,157.46044097010534,1200,SAT-1-0,28.698035132310864,202.46044097010534,1200,right,0.0008152439450527084,2301000,5082.800035713252
SAT-0-0,144.36215000000516,157.6468594264931,1200,SAT-7-0,28.508368700406884,112.64685942649314,1200,left,0.0008123036989530071,2305000,5091.983173444852
SAT-0-0,144.36215000000516,157.6468594264931,1200,SAT-1-0,28.508368700406884,202.6468594264931,1200,right,0.0008123036988163312,2305000,5091.98317344485
SAT-0-0,144.61267000000524,157.8326082871789,1200,SAT-7-0,28.31844879279612,112.83260828717893,1200,left,0.0008093931630732882,2309000,5101.122673372476
SAT-0-0,144.61267000000524,157.8326082871789,1200,SAT-1-0,28.31844879279612,202.8326082871789,1200,right,0.0008093931629361208,2309000,5101.122673372475
SAT-0-0,144.86319000000535,158.0176943339698,1200,SAT-7-0,28.128278309476382,113.01769433396983,1200,left,0.0008065121468446829,2313000,5110.218072593826
SAT-0-0,144.86319000000535,158.0176943339698,1200,SAT-1-0,28.128278309476382,203.0176943339698,1200,right,0.0008065121467070255,2313000,5110.218072593825
SAT-0-0,145.11371000000543,158.20212430518833,1200,SAT-7-0,27.937860122589733,113.20212430518835,1200,left,0.0008036604611585939,2317000,5119.268912483256
SAT-0-0,145.11371000000543,158.20212430518833,1200,SAT-1-0,27.937860122589733,203.20212430518833,1200,right,0.0008036604611585939,2317000,5119.268912483255
SAT-0-0,145.36423000000553,158.3859048958617,1200,SAT-7-0,27.74719707676929,113.3859048958617,1200,left,0.0008008379179079173,2321000,5128.274738667165
SAT-0-0,145.36423000000553,158.3859048958617,1200,SAT-1-0,27.74719707676929,203.3859048958617,1200,right,0.0008008379176306519,2321000,5128.274738667163
SAT-0-0,145.6147500000056,158.56904275792,1200,SAT-7-0,27.556291989482762,113.56904275792002,1200,left,0.0007980443278479619,2325000,5137.235100999628
SAT-0-0,145.6147500000056,158.56904275792,1200,SAT-1-0,27.556291989482762,203.56904275792,1200,right,0.0007980443282653159,2325000,5137.235100999627
SAT-0-0,145.86527000000572,158.75154450040253,1200,SAT-7-0,27.365147651373267,113.75154450040252,1200,left,0.0007952795060898473,2329000,5146.149553538266
SAT-0-0,145.86527000000572,158.75154450040253,1200,SAT-1-0,27.365147651373267,203.75154450040253,1200,right,0.000795279506229449,2329000,5146.149553538264
SAT-0-0,146.1157900000058,158.93341668967312,1200,SAT-7-0,27.173766826596882,113.93341668967307,1200,left,0.0007925432656606748,2333000,5155.017654520367
SAT-0-0,146.1157900000058,158.93341668967312,1200,SAT-1-0,27.173766826596882,203.93341668967312,1200,right,0.0007925432658007584,2333000,5155.017654520366
SAT-0-0,146.3663100000059,159.1146658496424,1200,SAT-7-0,26.982152253157384,114.11466584964236,1200,left,0.0007898354218924089,2337000,5163.838966339251
SAT-0-0,146.3663100000059,159.1146658496424,1200,SAT-1-0,26.982152253157384,204.1146658496424,1200,right,0.0007898354218924089,2337000,5163.838966339249
SAT-0-0,146.616830000006,159.29529846199827,1200,SAT-7-0,26.790306643237784,114.29529846199831,1200,left,0.0007871557909773101,2341000,5172.613055520888
SAT-0-0,146.616830000006,159.29529846199827,1200,SAT-1-0,26.790306643237784,204.29529846199827,1200,right,0.0007871557908362678,2341000,5172.613055520886
SAT-0-0,146.8673500000061,159.47532096644306,1200,SAT-7-0,26.598232683529112,114.47532096644306,1200,left,0.0007845041900490998,2345000,5181.339492700757
SAT-0-0,146.8673500000061,159.47532096644306,1200,SAT-1-0,26.598232683529112,204.47532096644306,1200,right,0.0007845041900490998,2345000,5181.339492700754
SAT-0-0,147.11787000000618,159.65473976093784,1200,SAT-7-0,26.40593303555587,114.65473976093786,1200,left,0.0007818804371228708,2349000,5190.017852600965
SAT-0-0,147.11787000000618,159.65473976093784,1200,SAT-1-0,26.40593303555587,204.65473976093784,1200,right,0.0007818804374068588,2349000,5190.017852600963
SAT-0-0,147.3683900000063,159.8335612019529,1200,SAT-7-0,26.21341033599884,114.83356120195285,1200,left,0.0007792843524575315,2353000,5198.647714007609
SAT-0-0,147.3683900000063,159.8335612019529,1200,SAT-1-0,26.21341033599884,204.8335612019529,1200,right,0.0007792843523150645,2353000,5198.647714007608
SAT-0-0,147.61891000000637,160.01179160472483,1200,SAT-7-0,26.020667197014685,115.01179160472482,1200,left,0.0007767157556562412,2357000,5207.228659748393
SAT-0-0,147.61891000000637,160.01179160472483,1200,SAT-1-0,26.020667197014685,205.01179160472483,1200,right,0.0007767157556562412,2357000,5207.228659748391
SAT-0-0,147.86943000000647,160.18943724351928,1200,SAT-7-0,25.827706206552495,115.18943724351924,1200,left,0.0007741744690180455,2361000,5215.760276670493
SAT-0-0,147.86943000000647,160.18943724351928,1200,SAT-1-0,25.827706206552495,205.18943724351928,1200,right,0.0007741744685878235,2361000,5215.760276670491
SAT-0-0,148.11995000000655,160.36650435189918,1200,SAT-7-0,25.634529928667725,115.36650435189924,1200,left,0.0007716603147683513,2365000,5224.242155618678
SAT-0-0,148.11995000000655,160.36650435189918,1200,SAT-1-0,25.634529928667725,205.36650435189918,1200,right,0.0007716603147683513,2365000,5224.242155618679
SAT-0-0,148.37047000000666,160.542999122999,1200,SAT-7-0,25.441140903832697,115.54299912299894,1200,left,0.0007691731171413829,2369000,5232.6738914136795
SAT-0-0,148.37047000000666,160.542999122999,1200,SAT-1-0,25.441140903832697,205.542999122999,1200,right,0.0007691731174300626,2369000,5232.673891413679
SAT-0-0,148.62099000000674,160.71892770980313,1200,SAT-7-0,25.24754164924459,115.7189277098031,1200,left,0.0007667127017511035,2373000,5241.0550828308105
SAT-0-0,148.62099000000674,160.71892770980313,1200,SAT-1-0,25.24754164924459,205.71892770980313,1200,right,0.0007667127021855127,2373000,5241.0550828308105
SAT-0-0,148.87151000000685,160.89429622543,1200,SAT-7-0,25.05373465913014,115.89429622543004,1200,left,0.0007642788949486546,2377000,5249.385332578846
SAT-0-0,148.87151000000685,160.89429622543,1200,SAT-1-0,25.05373465913014,205.89429622543,1200,right,0.0007642788949486546,2377000,5249.385332578845
SAT-0-0,149.12203000000693,161.06911074342008,1200,SAT-7-0,24.859722405047734,116.06911074342005,1200,left,0.0007618715246237211,2381000,5257.664247279131
SAT-0-0,149.12203000000693,161.06911074342008,1200,SAT-1-0,24.859722405047734,206.06911074342008,1200,right,0.0007618715246237211,2381000,5257.66424727913
SAT-0-0,149.37255000000704,161.24337729802883,1200,SAT-7-0,24.66550733618627,116.24337729802886,1200,left,0.0007594904194122079,2385000,5265.891437444985
SAT-0-0,149.37255000000704,161.24337729802883,1200,SAT-1-0,24.66550733618627,206.24337729802883,1200,right,0.0007594904194122079,2385000,5265.891437444983
SAT-0-0,149.62307000000712,161.4171018845232,1200,SAT-7-0,24.471091879661504,116.41710188452315,1200,left,0.0007571354100874569,2389000,5274.06651746129
SAT-0-0,149.62307000000712,161.4171018845232,1200,SAT-1-0,24.471091879661504,206.4171018845232,1200,right,0.0007571354100874569,2389000,5274.066517461288
SAT-0-0,149.87359000000723,161.59029045948247,1200,SAT-7-0,24.2764784408091,116.59029045948247,1200,left,0.0007548063283288742,2393000,5282.1891055643955
SAT-0-0,149.87359000000723,161.59029045948247,1200,SAT-1-0,24.2764784408091,206.59029045948247,1200,right,0.0007548063283288742,2393000,5282.189105564394
SAT-0-0,150.12411000000733,161.76294894110245,1200,SAT-7-0,24.08166940347524,116.76294894110244,1200,left,0.0007525030070893681,2397000,5290.258823822229
SAT-0-0,150.12411000000733,161.76294894110245,1200,SAT-1-0,24.08166940347524,206.76294894110245,1200,right,0.0007525030069418308,2397000,5290.258823822227
SAT-0-0,150.37463000000741,161.93508320950335,1200,SAT-7-0,23.88666713030404,116.93508320950336,1200,left,0.000750225280376692,2401000,5298.275298114669
SAT-0-0,150.37463000000741,161.93508320950335,1200,SAT-1-0,23.88666713030404,206.93508320950335,1200,right,0.0007502252806726626,2401000,5298.275298114667
SAT-0-0,150.62515000000752,162.10669910704067,1200,SAT-7-0,23.691473963022464,117.10669910704067,1200,left,0.0007479729846625499,2405000,5306.238158114163
SAT-0-0,150.62515000000752,162.10669910704067,1200,SAT-1-0,23.691473963022464,207.10669910704067,1200,right,0.0007479729846625499,2405000,5306.238158114162
SAT-0-0,150.8756700000076,162.2778024386196,1200,SAT-7-0,23.496092222722094,117.2778024386196,1200,left,0.000745745956296437,2409000,5314.1470372666
SAT-0-0,150.8756700000076,162.2778024386196,1200,SAT-1-0,23.496092222722094,207.2778024386196,1200,right,0.000745745956296437,2409000,5314.147037266599
SAT-0-0,151.1261900000077,162.44839897201172,1200,SAT-7-0,23.300524210138512,117.4483989720117,1200,left,0.0007435440343965664,2413000,5322.001572772416
SAT-0-0,151.1261900000077,162.44839897201172,1200,SAT-1-0,23.300524210138512,207.44839897201172,1200,right,0.0007435440343965664,2413000,5322.001572772415
SAT-0-0,151.3767100000078,162.61849443817474,1200,SAT-7-0,23.104772205927507,117.6184944381747,1200,left,0.0007413670586998126,2417000,5329.8014055679505
SAT-0-0,151.3767100000078,162.61849443817474,1200,SAT-1-0,23.104772205927507,207.61849443817474,1200,right,0.0007413670584003056,2417000,5329.801405567948
SAT-0-0,151.6272300000079,162.78809453157479,1200,SAT-7-0,22.908838470938957,117.7880945315748,1200,left,0.0007392148699255629,2421000,5337.546180307044
SAT-0-0,151.6272300000079,162.78809453157479,1200,SAT-1-0,22.908838470938957,207.78809453157479,1200,right,0.0007392148697753733,2421000,5337.546180307043
SAT-0-0,151.87775000000798,162.95720491051094,1200,SAT-7-0,22.712725246487608,117.95720491051091,1200,left,0.0007370873116514386,2425000,5345.235545342885
SAT-0-0,151.87775000000798,162.95720491051094,1200,SAT-1-0,22.712725246487608,207.95720491051094,1200,right,0.0007370873116514386,2425000,5345.2355453428845
SAT-0-0,152.1282700000081,163.12583119744184,1200,SAT-7-0,22.516434754621518,118.12583119744187,1200,left,0.0007349842276887601,2429000,5352.869152710089
SAT-0-0,152.1282700000081,163.12583119744184,1200,SAT-1-0,22.516434754621518,208.12583119744184,1200,right,0.0007349842272355981,2429000,5352.869152710088
SAT-0-0,152.37879000000817,163.29397897931463,1200,SAT-7-0,22.319969198387483,118.29397897931459,1200,left,0.0007329054631986394,2433000,5360.446658107014
SAT-0-0,152.37879000000817,163.29397897931463,1200,SAT-1-0,22.319969198387483,208.29397897931463,1200,right,0.000732905463047157,2433000,5360.446658107012
SAT-0-0,152.62931000000827,163.4616538078954,1200,SAT-7-0,22.123330762094163,118.46165380789544,1200,left,0.0007308508659783561,2437000,5367.9677208783305
SAT-0-0,152.62931000000827,163.4616538078954,1200,SAT-1-0,22.123330762094163,208.4616538078954,1200,right,0.0007308508658264478,2437000,5367.967720878329
SAT-0-0,152.87983000000835,163.62886120010182,1200,SAT-7-0,21.926521611572227,118.62886120010182,1200,left,0.0007288202841122784,2441000,5375.432003997811
SAT-0-0,152.87983000000835,163.62886120010182,1200,SAT-1-0,21.926521611572227,208.62886120010182,1200,right,0.0007288202841122784,2441000,5375.432003997809
SAT-0-0,153.13035000000846,163.79560663833695,1200,SAT-7-0,21.72954389443227,118.79560663833693,1200,left,0.0007268135672482939,2445000,5382.839174051367
SAT-0-0,153.13035000000846,163.79560663833695,1200,SAT-1-0,21.72954389443227,208.79560663833695,1200,right,0.000726813567401046,2445000,5382.839174051367
SAT-0-0,153.38087000000854,163.9618955708247,1200,SAT-7-0,21.53239974031977,118.9618955708247,1200,left,0.0007248305675883901,2449000,5390.188901220316
SAT-0-0,153.38087000000854,163.9618955708247,1200,SAT-1-0,21.53239974031977,208.9618955708247,1200,right,0.0007248305672820501,2449000,5390.188901220315
SAT-0-0,153.63139000000865,164.1277334119467,1200,SAT-7-0,21.335091261167893,119.1277334119467,1200,left,0.0007228711375153889,2453000,5397.480859264871
SAT-0-0,153.63139000000865,164.1277334119467,1200,SAT-1-0,21.335091261167893,209.1277334119467,1200,right,0.0007228711372082185,2453000,5397.480859264868
SAT-0-0,153.88191000000873,164.29312554258027,1200,SAT-7-0,21.13762055144734,119.29312554258021,1200,left,0.0007209351311838219,2457000,5404.714725507877
SAT-0-0,153.88191000000873,164.29312554258027,1200,SAT-1-0,21.13762055144734,209.29312554258027,1200,right,0.0007209351310298243,2457000,5404.714725507875
SAT-0-0,154.13243000000884,164.45807731043735,1200,SAT-7-0,20.93998968841415,119.4580773104374,1200,left,0.0007190224049005475,2461000,5411.8901808187775
SAT-0-0,154.13243000000884,164.45807731043735,1200,SAT-1-0,20.93998968841415,209.45807731043735,1200,right,0.0007190224049005475,2461000,5411.8901808187775
SAT-0-0,154.38295000000892,164.62259403040485,1200,SAT-7-0,20.742200732354597,119.6225940304049,1200,left,0.000717132815807269,2465000,5419.006909597787
SAT-0-0,154.38295000000892,164.62259403040485,1200,SAT-1-0,20.742200732354597,209.62259403040485,1200,right,0.0007171328156524547,2465000,5419.006909597785
SAT-0-0,154.63347000000903,164.7866809848853,1200,SAT-7-0,20.544255726827988,119.78668098488531,1200,left,0.0007152662224037064,2469000,5426.064599760313
SAT-0-0,154.63347000000903,164.7866809848853,1200,SAT-1-0,20.544255726827988,209.7866809848853,1200,right,0.0007152662224037064,2469000,5426.0645997603115
SAT-0-0,154.8839900000091,164.9503434241388,1200,SAT-7-0,20.34615669890675,119.9503434241388,1200,left,0.000713422485545048,2473000,5433.062942721592
SAT-0-0,154.8839900000091,164.9503434241388,1200,SAT-1-0,20.34615669890675,209.9503434241388,1200,right,0.000713422485545048,2473000,5433.062942721591
SAT-0-0,155.13451000000921,165.1135865666251,1200,SAT-7-0,20.147905659414413,120.11358656662512,1200,left,0.0007116014671135168,2477000,5440.001633381548
SAT-0-0,155.13451000000921,165.1135865666251,1200,SAT-1-0,20.147905659414413,210.1135865666251,1200,right,0.0007116014668014817,2477000,5440.0016333815465
SAT-0-0,155.3850300000093,165.27641559934676,1200,SAT-7-0,19.949504603160886,120.27641559934672,1200,left,0.0007098030294504,2481000,5446.880370109876
SAT-0-0,155.3850300000093,165.27641559934676,1200,SAT-1-0,19.949504603160886,210.27641559934673,1200,right,0.0007098030294504,2481000,5446.880370109874
SAT-0-0,155.6355500000094,165.43883567819245,1200,SAT-7-0,19.75095550917573,120.4388356781924,1200,left,0.0007080270385420938,2485000,5453.698854731341
SAT-0-0,155.6355500000094,165.43883567819245,1200,SAT-1-0,19.75095550917573,210.43883567819245,1200,right,0.000708027038698899,2485000,5453.69885473134
SAT-0-0,155.88607000000948,165.6008519282807,1200,SAT-7-0,19.552260340938783,120.60085192828072,1200,left,0.0007062733598649823,2489000,5460.456792511305
SAT-0-0,155.88607000000948,165.6008519282807,1200,SAT-1-0,19.552260340938783,210.6008519282807,1200,right,0.0007062733600221769,2489000,5460.456792511303
SAT-0-0,156.1365900000096,165.76246944430406,1200,SAT-7-0,19.353421046608823,120.76246944430403,1200,left,0.0007045418615733572,2493000,5467.153892141446
SAT-0-0,156.1365900000096,165.76246944430406,1200,SAT-1-0,19.353421046608823,210.76246944430406,1200,right,0.0007045418614157764,2493000,5467.153892141444
SAT-0-0,156.38711000000967,165.92369329087333,1200,SAT-7-0,19.154439559249642,120.92369329087332,1200,left,0.0007028324128369562,2497000,5473.789865725721
SAT-0-0,156.38711000000967,165.92369329087333,1200,SAT-1-0,19.154439559249642,210.92369329087333,1200,right,0.0007028324133108486,2497000,5473.789865725719
SAT-0-0,156.63763000000978,166.08452850286207,1200,SAT-7-0,18.955317797054175,121.08452850286207,1200,left,0.0007011448850031775,2501000,5480.36442876652
SAT-0-0,156.63763000000978,166.08452850286207,1200,SAT-1-0,18.955317797054175,211.08452850286207,1200,right,0.0007011448851615219,2501000,5480.364428766518
SAT-0-0,156.88815000000986,166.24498008575105,1200,SAT-7-0,18.756057663566143,121.24498008575105,1200,left,0.0006994791497594724,2505000,5486.8773001510435
SAT-0-0,156.88815000000986,166.24498008575105,1200,SAT-1-0,18.756057663566143,211.24498008575105,1200,right,0.0006994791494420296,2505000,5486.877300151043
SAT-0-0,157.13867000000997,166.40505301597273,1200,SAT-7-0,18.55666104789979,121.40505301597268,1200,left,0.0006978350810867887,2509000,5493.328202137877
SAT-0-0,157.13867000000997,166.40505301597273,1200,SAT-1-0,18.55666104789979,211.40505301597273,1200,right,0.0006978350809276933,2509000,5493.328202137876
SAT-0-0,157.38919000001005,166.56475224125586,1200,SAT-7-0,18.35712982495717,121.56475224125585,1200,left,0.0006962125540506132,2513000,5499.716860343787
SAT-0-0,157.38919000001005,166.56475224125586,1200,SAT-1-0,18.35712982495717,211.56475224125586,1200,right,0.0006962125540506132,2513000,5499.716860343785
SAT-0-0,157.63971000001015,166.7240826809696,1200,SAT-7-0,18.157465855643615,121.72408268096966,1200,left,0.0006946114459715009,2517000,5506.043003730701
SAT-0-0,157.63971000001015,166.7240826809696,1200,SAT-1-0,18.157465855643615,211.7240826809696,1200,right,0.0006946114458116672,2517000,5506.0430037307
SAT-0-0,157.89023000001023,166.88304922646776,1200,SAT-7-0,17.957670987080768,121.88304922646778,1200,left,0.0006930316350477165,2521000,5512.306364592923
SAT-0-0,157.89023000001023,166.88304922646776,1200,SAT-1-0,17.957670987080768,211.88304922646776,1200,right,0.0006930316350477165,2521000,5512.306364592922
SAT-0-0,158.14075000001034,167.04165674143255,1200,SAT-7-0,17.757747052817866,122.04165674143256,1200,left,0.0006914730005635782,2525000,5518.506678544518
SAT-0-0,158.14075000001034,167.04165674143255,1200,SAT-1-0,17.757747052817866,212.04165674143255,1200,right,0.0006914730007241374,2525000,5518.506678544514
SAT-0-0,158.39127000001042,167.19991006221827,1200,SAT-7-0,17.55769587304068,122.1999100622183,1200,left,0.0006899354243873019,2529000,5524.643684506911
SAT-0-0,158.39127000001042,167.19991006221827,1200,SAT-1-0,17.55769587304068,212.19991006221827,1200,right,0.0006899354245482189,2529000,5524.643684506909
SAT-0-0,158.64179000001053,167.3578139981944,1200,SAT-7-0,17.357519254778698,122.35781399819435,1200,left,0.000688418789585049,2533000,5530.717124696695
SAT-0-0,158.64179000001053,167.3578139981944,1200,SAT-1-0,17.357519254778698,212.3578139981944,1200,right,0.0006884187897463205,2533000,5530.717124696695
SAT-0-0,158.8923100000106,167.51537333208844,1200,SAT-7-0,17.157218992110046,122.51537333208839,1200,left,0.0006869229798235913,2537000,5536.726744613615
SAT-0-0,158.8923100000106,167.51537333208844,1200,SAT-1-0,17.157218992110046,212.51537333208844,1200,right,0.0006869229796619686,2537000,5536.726744613614
SAT-0-0,159.14283000001072,167.67259282032822,1200,SAT-7-0,16.956796866364698,122.67259282032818,1200,left,0.0006854478810321029,2541000,5542.672293028754
SAT-0-0,159.14283000001072,167.67259282032822,1200,SAT-1-0,16.956796866364698,212.67259282032822,1200,right,0.0006854478811940734,2541000,5542.6722930287515
SAT-0-0,159.3933500000108,167.82947719338375,1200,SAT-7-0,16.756254646325598,122.82947719338371,1200,left,0.0006839933808122765,2545000,5548.553521972916
SAT-0-0,159.3933500000108,167.82947719338375,1200,SAT-1-0,16.756254646325598,212.82947719338375,1200,right,0.0006839933808122765,2545000,5548.5535219729145
SAT-0-0,159.6438700000109,167.98603115610854,1200,SAT-7-0,16.55559408842779,122.98603115610858,1200,left,0.0006825593681650978,2549000,5554.370186725206
SAT-0-0,159.6438700000109,167.98603115610854,1200,SAT-1-0,16.55559408842779,212.98603115610854,1200,right,0.000682559367839786,2549000,5554.370186725205
SAT-0-0,159.894390000011,168.14225938808016,1200,SAT-7-0,16.35481693695595,123.14225938808016,1200,left,0.000681145732398309,2553000,5560.122045801775
SAT-0-0,159.894390000011,168.14225938808016,1200,SAT-1-0,16.35481693695595,213.14225938808016,1200,right,0.000681145732398309,2553000,5560.122045801773
SAT-0-0,160.1449100000111,168.29816654394065,1200,SAT-7-0,16.15392492423967,123.2981665439407,1200,left,0.0006797523661028136,2557000,5565.808860944781
SAT-0-0,160.1449100000111,168.29816654394065,1200,SAT-1-0,16.15392492423967,213.29816654394065,1200,right,0.0006797523662661412,2557000,5565.80886094478
SAT-0-0,160.39543000001117,168.4537572537356,1200,SAT-7-0,15.952919770847327,123.45375725373557,1200,left,0.0006783791626005342,2561000,5571.430397111513
SAT-0-0,160.39543000001117,168.4537572537356,1200,SAT-1-0,15.952919770847327,213.4537572537356,1200,right,0.0006783791626005342,2561000,5571.430397111513
SAT-0-0,160.64595000001128,168.60903612325325,1200,SAT-7-0,15.751803185777689,123.6090361232532,1200,left,0.0006770260159837893,2565000,5576.986422463724
SAT-0-0,160.64595000001128,168.60903612325325,1200,SAT-1-0,15.751803185777689,213.60903612325325,1200,right,0.0006770260159837893,2565000,5576.986422463722
SAT-0-0,160.89647000001136,168.76400773436225,1200,SAT-7-0,15.550576866650234,123.76400773436222,1200,left,0.0006756928227977311,2569000,5582.476708357109
SAT-0-0,160.89647000001136,168.76400773436225,1200,SAT-1-0,15.550576866650234,213.76400773436225,1200,right,0.0006756928227977311,2569000,5582.476708357107
SAT-0-0,161.14699000001147,168.91867664534922,1200,SAT-7-0,15.349242499893219,123.91867664534928,1200,left,0.0006743794802847273,2573000,5587.901029331006
SAT-0-0,161.14699000001147,168.91867664534922,1200,SAT-1-0,15.349242499893219,213.91867664534922,1200,right,0.0006743794802847273,2573000,5587.901029331003
SAT-0-0,161.39751000001155,169.07304739125513,1200,SAT-7-0,15.147801760930495,124.07304739125507,1200,left,0.0006730858884009937,2577000,5593.259163098244
SAT-0-0,161.39751000001155,169.07304739125513,1200,SAT-1-0,15.147801760930495,214.07304739125513,1200,right,0.0006730858882360485,2577000,5593.259163098241
SAT-0-0,161.64803000001166,169.22712448421106,1200,SAT-7-0,14.946256314366169,124.22712448421109,1200,left,0.0006718119468979648,2581000,5598.550890535183
SAT-0-0,161.64803000001166,169.22712448421106,1200,SAT-1-0,14.946256314366169,214.22712448421106,1200,right,0.0006718119468979648,2581000,5598.550890535181
SAT-0-0,161.89855000001174,169.38091241377316,1200,SAT-7-0,14.744607814168031,124.3809124137732,1200,left,0.0006705575578332778,2585000,5603.775995671925
SAT-0-0,161.89855000001174,169.38091241377316,1200,SAT-1-0,14.744607814168031,214.38091241377316,1200,right,0.0006705575584955465,2585000,5603.775995671924
SAT-0-0,162.14907000001185,169.5344156472568,1200,SAT-7-0,14.542857903848908,124.53441564725684,1200,left,0.0006693226259531506,2589000,5608.934265682705
SAT-0-0,162.14907000001185,169.5344156472568,1200,SAT-1-0,14.542857903848908,214.5344156472568,1200,right,0.000669322625787278,2589000,5608.934265682703
SAT-0-0,162.39959000001195,169.68763863006964,1200,SAT-7-0,14.341008216646795,124.68763863006961,1200,left,0.0006681070549234189,2593000,5614.025490876438
SAT-0-0,162.39959000001195,169.68763863006964,1200,SAT-1-0,14.341008216646795,214.68763863006964,1200,right,0.0006681070545910701,2593000,5614.0254908764355
SAT-0-0,162.65011000001203,169.84058578604424,1200,SAT-7-0,14.139060375703021,124.84058578604423,1200,left,0.0006669107508434916,2597000,5619.049464687458
SAT-0-0,162.65011000001203,169.84058578604424,1200,SAT-1-0,14.139060375703021,214.84058578604424,1200,right,0.0006669107508434916,2597000,5619.049464687456
SAT-0-0,162.90063000001214,169.9932615177692,1200,SAT-7-0,13.937015994239193,124.99326151776921,1200,left,0.0006657336231296466,2601000,5624.00598366641
SAT-0-0,162.90063000001214,169.9932615177692,1200,SAT-1-0,13.937015994239193,214.9932615177692,1200,right,0.0006657336231296466,2601000,5624.005983666407
SAT-0-0,163.15115000001222,170.1456702069202,1200,SAT-7-0,13.734876675732256,125.1456702069202,1200,left,0.0006645755798934768,2605000,5628.894847471311
SAT-0-0,163.15115000001222,170.1456702069202,1200,SAT-1-0,13.734876675732256,215.1456702069202,1200,right,0.0006645755800605343,2605000,5628.89484747131
SAT-0-0,163.40167000001233,170.29781621458912,1200,SAT-7-0,13.532644014088373,125.29781621458908,1200,left,0.0006634365321404186,2609000,5633.715858858793
SAT-0-0,163.40167000001233,170.29781621458912,1200,SAT-1-0,13.532644014088373,215.29781621458912,1200,right,0.0006634365319730743,2609000,5633.71585885879
SAT-0-0,163.6521900000124,170.44970388161315,1200,SAT-7-0,13.330319593814973,125.44970388161317,1200,left,0.0006623163918091088,2613000,5638.468823675477
SAT-0-0,163.6521900000124,170.44970388161315,1200,SAT-1-0,13.330319593814973,215.44970388161315,1200,right,0.0006623163921443635,2613000,5638.4688236754755
SAT-0-0,163.90271000001252,170.60133752890243,1200,SAT-7-0,13.127904990191658,125.60133752890242,1200,left,0.000661215072812102,2617000,5643.153550849551
SAT-0-0,163.90271000001252,170.60133752890243,1200,SAT-1-0,13.127904990191658,215.60133752890243,1200,right,0.0006612150731479151,2617000,5643.153550849548
SAT-0-0,164.1532300000126,170.75272145776697,1200,SAT-7-0,12.925401769439356,125.75272145776702,1200,left,0.0006601324900681286,2621000,5647.7698523824665
SAT-0-0,164.1532300000126,170.75272145776697,1200,SAT-1-0,12.925401769439356,215.75272145776697,1200,right,0.0006601324904044923,2621000,5647.769852382467
SAT-0-0,164.4037500000127,170.9038599502424,1200,SAT-7-0,12.72281148888838,125.90385995024239,1200,left,0.0006590685607139179,2625000,5652.317543340838
SAT-0-0,164.4037500000127,170.9038599502424,1200,SAT-1-0,12.72281148888838,215.9038599502424,1200,right,0.0006590685603770111,2625000,5652.317543340836
SAT-0-0,164.6542700000128,171.05475726941512,1200,SAT-7-0,12.520135697144735,126.05475726941518,1200,left,0.0006580232011090092,2629000,5656.796441848455
SAT-0-0,164.6542700000128,171.05475726941512,1200,SAT-1-0,12.520135697144735,216.05475726941512,1200,right,0.0006580232011090092,2629000,5656.7964418484535
SAT-0-0,164.9047900000129,171.20541765974602,1200,SAT-7-0,12.31737593425544,126.20541765974608,1200,left,0.0006569963310777698,2633000,5661.206369078489
SAT-0-0,164.9047900000129,171.20541765974602,1200,SAT-1-0,12.31737593425544,216.20541765974602,1200,right,0.0006569963310777698,2633000,5661.206369078488
SAT-0-0,165.15531000001297,171.35584534739368,1200,SAT-7-0,12.114533731872129,126.35584534739372,1200,left,0.000655987871928717,2637000,5665.5471492458355
SAT-0-0,165.15531000001297,171.35584534739368,1200,SAT-1-0,12.114533731872129,216.35584534739368,1200,right,0.0006559878717594725,2637000,5665.547149245833
SAT-0-0,165.40583000001308,171.50604454053624,1200,SAT-7-0,11.911610613413707,126.50604454053628,1200,left,0.0006549977454713177,2641000,5669.818609599608
SAT-0-0,165.40583000001308,171.50604454053624,1200,SAT-1-0,11.911610613413707,216.50604454053624,1200,right,0.0006549977451323172,2641000,5669.818609599607
SAT-0-0,165.65635000001316,171.65601942969266,1200,SAT-7-0,11.708608094227344,126.65601942969265,1200,left,0.000654025874890576,2645000,5674.0205804157995
SAT-0-0,165.65635000001316,171.65601942969266,1200,SAT-1-0,11.708608094227344,216.65601942969266,1200,right,0.0006540258745510718,2645000,5674.020580415798
SAT-0-0,165.90687000001327,171.80577418804262,1200,SAT-7-0,11.505527681748548,126.80577418804268,1200,left,0.0006530721847789786,2649000,5678.152894990078
SAT-0-0,165.90687000001327,171.80577418804262,1200,SAT-1-0,11.505527681748548,216.80577418804262,1200,right,0.0006530721846089785,2649000,5678.152894990077
SAT-0-0,166.15739000001335,171.9553129717457,1200,SAT-7-0,11.302370875659687,126.95531297174568,1200,left,0.0006521366018490249,2653000,5682.21538963074
SAT-0-0,166.15739000001335,171.9553129717457,1200,SAT-1-0,11.302370875659687,216.9553129717457,1200,right,0.000652136602019269,2653000,5682.215389630738
SAT-0-0,166.40791000001346,172.10463992025956,1200,SAT-7-0,11.099139168047559,127.10463992025953,1200,left,0.0006512190541167526,2657000,5686.207903651814
SAT-0-0,166.40791000001346,172.10463992025956,1200,SAT-1-0,11.099139168047559,217.10463992025956,1200,right,0.0006512190539462688,2657000,5686.207903651812
SAT-0-0,166.65843000001354,172.2537591566571,1200,SAT-7-0,10.895834043559507,127.25375915665713,1200,left,0.000650319469906799,2661000,5690.130279366299
SAT-0-0,166.65843000001354,172.2537591566571,1200,SAT-1-0,10.895834043559507,217.2537591566571,1200,right,0.0006503194697360794,2661000,5690.130279366297
SAT-0-0,166.90895000001365,172.40267478794266,1200,SAT-7-0,10.692456979558646,127.40267478794263,1200,left,0.0006494377799258638,2665000,5693.982362079564
SAT-0-0,166.90895000001365,172.40267478794266,1200,SAT-1-0,10.692456979558646,217.40267478794266,1200,right,0.0006494377800968153,2665000,5693.982362079564
SAT-0-0,167.15947000001373,172.5513909053673,1200,SAT-7-0,10.489009446277622,127.55139090536734,1200,left,0.0006485739157577734,2669000,5697.7640000828815
SAT-0-0,167.15947000001373,172.5513909053673,1200,SAT-1-0,10.489009446277622,217.5513909053673,1200,right,0.0006485739161001316,2669000,5697.7640000828815
SAT-0-0,167.40999000001383,172.69991158474318,1200,SAT-7-0,10.285492906971587,127.69991158474318,1200,left,0.0006477278110881341,2673000,5701.4750446471035
SAT-0-0,167.40999000001383,172.69991158474318,1200,SAT-1-0,10.285492906971587,217.69991158474318,1200,right,0.0006477278110881341,2673000,5701.475044647103
SAT-0-0,167.66051000001391,172.84824088675677,1200,SAT-7-0,10.081908818069724,127.84824088675676,1200,left,0.000646899400020385,2677000,5705.115350016481
SAT-0-0,167.66051000001391,172.84824088675677,1200,SAT-1-0,10.081908818069724,217.84824088675677,1200,right,0.000646899400020385,2677000,5705.115350016479
SAT-0-0,167.91103000001402,172.9963828572814,1200,SAT-7-0,9.878258629326053,127.99638285728139,1200,left,0.0006460886181276385,2681000,5708.6847734026305
SAT-0-0,167.91103000001402,172.9963828572814,1200,SAT-1-0,9.878258629326053,217.9963828572814,1200,right,0.0006460886181276385,2681000,5708.684773402629
SAT-0-0,168.1615500000141,173.1443415276887,1200,SAT-7-0,9.674543783968813,128.14434152768874,1200,left,0.0006452954033399926,2685000,5712.183174978625
SAT-0-0,168.1615500000141,173.1443415276887,1200,SAT-1-0,9.674543783968813,218.1443415276887,1200,right,0.0006452954031679437,2685000,5712.183174978623
SAT-0-0,168.4120700000142,173.29212091515924,1200,SAT-7-0,9.470765718849181,128.29212091515922,1200,left,0.0006445196935647221,2689000,5715.610417873236
SAT-0-0,168.4120700000142,173.29212091515924,1200,SAT-1-0,9.470765718849181,218.29212091515924,1200,right,0.0006445196935647221,2689000,5715.610417873234
SAT-0-0,168.6625900000143,173.43972502299206,1200,SAT-7-0,9.266925864588629,128.43972502299206,1200,left,0.0006437614291174752,2693000,5718.966368165303
SAT-0-0,168.6625900000143,173.43972502299206,1200,SAT-1-0,9.266925864588629,218.43972502299206,1200,right,0.0006437614291174752,2693000,5718.966368165302
SAT-0-0,168.9131100000144,173.5871578409135,1200,SAT-7-0,9.06302564572564,128.58715784091353,1200,left,0.0006430205515444191,2697000,5722.250894878252
SAT-0-0,168.9131100000144,173.5871578409135,1200,SAT-1-0,9.06302564572564,218.5871578409135,1200,right,0.0006430205515444191,2697000,5722.250894878251
SAT-0-0,169.16363000001448,173.73442334538515,1200,SAT-7-0,8.859066480861115,128.73442334538512,1200,left,0.0006422970029539457,2701000,5725.463869974726
SAT-0-0,169.16363000001448,173.73442334538515,1200,SAT-1-0,8.859066480861115,218.73442334538515,1200,right,0.0006422970029539457,2701000,5725.463869974726
SAT-0-0,169.4141500000146,173.88152549991062,1200,SAT-7-0,8.655049782803193,128.88152549991065,1200,left,0.0006415907272468766,2705000,5728.6051683513715
SAT-0-0,169.4141500000146,173.88152549991062,1200,SAT-1-0,8.655049782803193,218.88152549991062,1200,right,0.0006415907272468766,2705000,5728.605168351369
SAT-0-0,169.66467000001467,174.0284682553419,1200,SAT-7-0,8.450976958710799,129.02846825534186,1200,left,0.0006409016699684972,2709000,5731.674667833741
SAT-0-0,169.66467000001467,174.0284682553419,1200,SAT-1-0,8.450976958710799,219.0284682553419,1200,right,0.0006409016703149538,2709000,5731.674667833742
SAT-0-0,169.91519000001477,174.17525555018432,1200,SAT-7-0,8.24684941023665,129.17525555018426,1200,left,0.0006402297783322956,2713000,5734.672249171343
SAT-0-0,169.91519000001477,174.17525555018432,1200,SAT-1-0,8.24684941023665,219.1752555501843,1200,right,0.0006402297781588855,2713000,5734.672249171341
SAT-0-0,170.16571000001485,174.3218913109012,1200,SAT-7-0,8.042668533669044,129.32189131090118,1200,left,0.0006395749991600882,2717000,5737.597796032796
SAT-0-0,170.16571000001485,174.3218913109012,1200,SAT-1-0,8.042668533669044,219.3218913109012,1200,right,0.0006395749991600882,2717000,5737.597796032798
SAT-0-0,170.41623000001496,174.4683794522174,1200,SAT-7-0,7.838435720073135,129.46837945221733,1200,left,0.0006389372825432025,2721000,5740.451195001153
SAT-0-0,170.41623000001496,174.4683794522174,1200,SAT-1-0,7.838435720073135,219.4683794522174,1200,right,0.0006389372827169634,2721000,5740.45119500115
SAT-0-0,170.66675000001504,174.6147238774219,1200,SAT-7-0,7.634152355431052,129.6147238774219,1200,left,0.0006383165789158014,2725000,5743.232335569299
SAT-0-0,170.66675000001504,174.6147238774219,1200,SAT-1-0,7.634152355431052,219.6147238774219,1200,right,0.0006383165787418716,2725000,5743.232335569297
SAT-0-0,170.91727000001515,174.76092847867,1200,SAT-7-0,7.429819820781526,129.76092847867,1200,left,0.0006377128397662172,2729000,5745.941110135528
SAT-0-0,170.91727000001515,174.76092847867,1200,SAT-1-0,7.429819820781526,219.76092847867,1200,right,0.0006377128397662172,2729000,5745.941110135528
SAT-0-0,171.16779000001523,174.9069971372843,1200,SAT-7-0,7.225439492358439,129.90699713728426,1200,left,0.0006371260188748072,2733000,5748.577413999226
SAT-0-0,171.16779000001523,174.9069971372843,1200,SAT-1-0,7.225439492358439,219.9069971372843,1200,right,0.0006371260188748072,2733000,5748.577413999224
SAT-0-0,171.41831000001534,175.05293372405515,1200,SAT-7-0,7.02101274172888,130.05293372405512,1200,left,0.0006365560700697829,2737000,5751.1411453566525
SAT-0-0,171.41831000001534,175.05293372405515,1200,SAT-1-0,7.02101274172888,220.05293372405515,1200,right,0.0006365560705930155,2737000,5751.1411453566525
SAT-0-0,171.66883000001542,175.1987420995404,1200,SAT-7-0,6.816540935930277,130.19874209954037,1200,left,0.0006360029503818222,2741000,5753.6322052969035
SAT-0-0,171.66883000001542,175.1987420995404,1200,SAT-1-0,6.816540935930277,220.1987420995404,1200,right,0.0006360029502072595,2741000,5753.6322052969035
SAT-0-0,171.91935000001553,175.34442611436418,1200,SAT-7-0,6.612025437606811,130.34442611436418,1200,left,0.0006354666158767889,2745000,5756.050497797944
SAT-0-0,171.91935000001553,175.34442611436418,1200,SAT-1-0,6.612025437606811,220.34442611436418,1200,right,0.0006354666158767889,2745000,5756.050497797943
SAT-0-0,172.1698700000156,175.4899896095151,1200,SAT-7-0,6.407467605145327,130.4899896095151,1200,left,0.0006349470255099224,2749000,5758.3959297227975
SAT-0-0,172.1698700000156,175.4899896095151,1200,SAT-1-0,6.407467605145327,220.4899896095151,1200,right,0.0006349470253350695,2749000,5758.395929722796
SAT-0-0,172.42039000001571,175.63543641664376,1200,SAT-7-0,6.202868792810268,130.63543641664378,1200,left,0.0006344441386990164,2753000,5760.668410815838
SAT-0-0,172.42039000001571,175.63543641664376,1200,SAT-1-0,6.202868792810268,220.63543641664376,1200,right,0.0006344441386990164,2753000,5760.668410815838
SAT-0-0,172.6709100000158,175.78077035835955,1200,SAT-7-0,5.998230350878289,130.78077035835952,1200,left,0.0006339579167380262,2757000,5762.867853699216
SAT-0-0,172.6709100000158,175.78077035835955,1200,SAT-1-0,5.998230350878289,220.78077035835955,1200,right,0.0006339579169131518,2757000,5762.867853699214
SAT-0-0,172.9214300000159,175.9259952485268,1200,SAT-7-0,5.793553625771893,130.92599524852682,1200,left,0.000633488321587921,2761000,5764.994173869396
SAT-0-0,172.9214300000159,175.9259952485268,1200,SAT-1-0,5.793553625771893,220.9259952485268,1200,right,0.0006334883217631764,2761000,5764.994173869394
SAT-0-0,173.17195000001598,176.07111489256,1200,SAT-7-0,5.588839960192805,131.07111489255993,1200,left,0.0006330353176430576,2765000,5767.047289693824
SAT-0-0,173.17195000001598,176.07111489256,1200,SAT-1-0,5.588839960192805,221.07111489256,1200,right,0.0006330353178184386,2765000,5767.047289693821
SAT-0-0,173.4224700000161,176.21613308771907,1200,SAT-7-0,5.384090693254405,131.21613308771913,1200,left,0.0006325988694680367,2769000,5769.027122407695
SAT-0-0,173.4224700000161,176.21613308771907,1200,SAT-1-0,5.384090693254405,221.21613308771907,1200,right,0.0006325988689415309,2769000,5769.027122407694
SAT-0-0,173.67299000001617,176.36105362340325,1200,SAT-7-0,5.179307160613935,131.3610536234033,1200,left,0.0006321789423344575,2773000,5770.933596110871
SAT-0-0,173.67299000001617,176.36105362340325,1200,SAT-1-0,5.179307160613935,221.36105362340325,1200,right,0.0006321789419832205,2773000,5770.93359611087
SAT-0-0,173.92351000001628,176.50588028144483,1200,SAT-7-0,4.974490694603824,131.5058802814448,1200,left,0.0006317755045169502,2777000,5772.766637764873
SAT-0-0,173.92351000001628,176.50588028144483,1200,SAT-1-0,4.974490694603824,221.50588028144483,1200,right,0.0006317755045169502,2777000,5772.766637764872
SAT-0-0,174.1740300000164,176.65061683640218,1200,SAT-7-0,4.76964262436281,131.6506168364022,1200,left,0.0006313885253772342,2781000,5774.526177190033
SAT-0-0,174.1740300000164,176.65061683640218,1200,SAT-1-0,4.76964262436281,221.65061683640218,1200,right,0.0006313885252013959,2781000,5774.52617719003
SAT-0-0,174.42455000001647,176.79526705585226,1200,SAT-7-0,4.564764275966229,131.79526705585226,1200,left,0.0006310179739680594,2785000,5776.2121470627335
SAT-0-0,174.42455000001647,176.79526705585226,1200,SAT-1-0,4.564764275966229,221.79526705585226,1200,right,0.0006310179739680594,2785000,5776.21214706273
SAT-0-0,174.67507000001658,176.93983470068264,1200,SAT-7-0,4.359856972556147,131.93983470068264,1200,left,0.0006306638216809332,2789000,5777.824482912771
SAT-0-0,174.67507000001658,176.93983470068264,1200,SAT-1-0,4.359856972556147,221.93983470068264,1200,right,0.0006306638218569736,2789000,5777.824482912771
SAT-0-0,174.92559000001665,177.08432352538287,1200,SAT-7-0,4.154922034470695,132.0843235253829,1200,left,0.0006303260412036366,2793000,5779.363123120853
SAT-0-0,174.92559000001665,177.08432352538287,1200,SAT-1-0,4.154922034470695,222.08432352538287,1200,right,0.0006303260412036366,2793000,5779.36312312085
SAT-0-0,175.17611000001676,177.22873727833547,1200,SAT-7-0,3.949960779373289,132.22873727833542,1200,left,0.0006300046065309714,2797000,5780.828008916162
SAT-0-0,175.17611000001676,177.22873727833547,1200,SAT-1-0,3.949960779373289,222.22873727833547,1200,right,0.0006300046061785222,2797000,5780.828008916161
SAT-0-0,175.42663000001684,177.3730797021064,1200,SAT-7-0,3.7449745223810913,132.37307970210642,1200,left,0.0006296994927987117,2801000,5782.219084374096
SAT-0-0,175.42663000001684,177.3730797021064,1200,SAT-1-0,3.7449745223810913,222.3730797021064,1200,right,0.0006296994929750216,2801000,5782.219084374096
SAT-0-0,175.67715000001695,177.51735453373504,1200,SAT-7-0,3.539964576193405,132.51735453373502,1200,left,0.0006294106759401883,2805000,5783.536296414072
SAT-0-0,175.67715000001695,177.51735453373504,1200,SAT-1-0,3.539964576193405,222.51735453373504,1200,right,0.0006294106759401883,2805000,5783.53629641407
SAT-0-0,175.92767000001703,177.6615655050239,1200,SAT-7-0,3.3349322512193478,132.6615655050239,1200,left,0.0006291381341062,2809000,5784.7795947974655
SAT-0-0,175.92767000001703,177.6615655050239,1200,SAT-1-0,3.3349322512193478,222.6615655050239,1200,right,0.0006291381342826672,2809000,5784.779594797464
SAT-0-0,176.17819000001714,177.80571634282774,1200,SAT-7-0,3.129878855705491,132.80571634282776,1200,left,0.000628881845557293,2813000,5785.948932125657
SAT-0-0,176.17819000001714,177.80571634282774,1200,SAT-1-0,3.129878855705491,222.80571634282774,1200,right,0.000628881845557293,2813000,5785.948932125656
SAT-0-0,176.42871000001722,177.9498107693423,1200,SAT-7-0,2.9248056958628283,132.94981076934232,1200,left,0.0006286417913187233,2817000,5787.044263838206
SAT-0-0,176.42871000001722,177.9498107693423,1200,SAT-1-0,2.9248056958628283,222.9498107693423,1200,right,0.00062864179149533,2817000,5787.044263838204
SAT-0-0,176.67923000001733,178.09385250239282,1200,SAT-7-0,2.7197140759937537,133.09385250239288,1200,left,0.0006284179518342781,2821000,5788.065548211098
SAT-0-0,176.67923000001733,178.09385250239282,1200,SAT-1-0,2.7197140759937537,223.09385250239282,1200,right,0.0006284179520109477,2821000,5788.065548211096
SAT-0-0,176.9297500000174,178.2378452557222,1200,SAT-7-0,2.5146052986183958,133.23784525572216,1200,left,0.0006282103105047739,2825000,5789.012746355157
SAT-0-0,176.9297500000174,178.2378452557222,1200,SAT-1-0,2.5146052986183958,223.2378452557222,1200,right,0.0006282103105047739,2825000,5789.012746355156
SAT-0-0,177.18027000001752,178.3817927392785,1200,SAT-7-0,2.309480664601009,133.38179273927847,1200,left,0.0006280188506923197,2829000,5789.885822214516
SAT-0-0,177.18027000001752,178.3817927392785,1200,SAT-1-0,2.309480664601009,223.3817927392785,1200,right,0.0006280188508691016,2829000,5789.8858222145145
SAT-0-0,177.4307900000176,178.5256986595027,1200,SAT-7-0,2.104341473275767,133.52569865950264,1200,left,0.0006278435578465171,2833000,5790.6847425652395
SAT-0-0,177.4307900000176,178.5256986595027,1200,SAT-1-0,2.104341473275767,223.5256986595027,1200,right,0.0006278435582001794,2833000,5790.684742565237
SAT-0-0,177.6813100000177,178.6695667196157,1200,SAT-7-0,1.8991890225726427,133.66956671961566,1200,left,0.0006276844184501377,2837000,5791.409477014026
SAT-0-0,177.6813100000177,178.6695667196157,1200,SAT-1-0,1.8991890225726427,223.6695667196157,1200,right,0.0006276844186270137,2837000,5791.409477014025
SAT-0-0,177.93183000001778,178.81340061990522,1200,SAT-7-0,1.6940246091427362,133.81340061990525,1200,left,0.0006275414202009634,2841000,5792.05999799705
SAT-0-0,177.93183000001778,178.81340061990522,1200,SAT-1-0,1.6940246091427362,223.81340061990522,1200,right,0.0006275414200240471,2841000,5792.059997997049
SAT-0-0,178.1823500000179,178.95720405801274,1200,SAT-7-0,1.4888495284837286,133.95720405801276,1200,left,0.0006274145520164935,2845000,5792.636280778885
SAT-0-0,178.1823500000179,178.95720405801274,1200,SAT-1-0,1.4888495284837286,223.95720405801274,1200,right,0.0006274145518395415,2845000,5792.636280778884
SAT-0-0,178.43287000001797,179.10098072921963,1200,SAT-7-0,1.283665075064822,134.10098072921969,1200,left,0.0006273038031532692,2849000,5793.138303451554
SAT-0-0,178.43287000001797,179.10098072921963,1200,SAT-1-0,1.283665075064822,224.10098072921963,1200,right,0.0006273038038612025,2849000,5793.138303451553
SAT-0-0,178.68339000001808,179.24473432673372,1200,SAT-7-0,1.0784725424518484,134.2447343267337,1200,left,0.0006272091665731688,2853000,5793.566046933684
SAT-0-0,178.68339000001808,179.24473432673372,1200,SAT-1-0,1.0784725424518484,224.24473432673372,1200,right,0.0006272091669271888,2853000,5793.566046933683
SAT-0-0,178.93391000001816,179.38846854197524,1200,SAT-7-0,0.8732732234319005,134.38846854197524,1200,left,0.0006271306338145548,2857000,5793.919494969778
SAT-0-0,178.93391000001816,179.38846854197524,1200,SAT-1-0,0.8732732234319005,224.38846854197524,1200,right,0.0006271306341686191,2857000,5793.919494969776
SAT-0-0,179.18443000001827,179.53218706486302,1200,SAT-7-0,0.6680684101381744,134.53218706486302,1200,left,0.0006270681995966688,2861000,5794.198634129574
SAT-0-0,179.18443000001827,179.53218706486302,1200,SAT-1-0,0.6680684101381744,224.53218706486302,1200,right,0.0006270681995966688,2861000,5794.1986341295715
SAT-0-0,179.43495000001835,179.67589358410004,1200,SAT-7-0,0.4628593941743725,134.67589358410004,1200,left,0.000627021858989973,2865000,5794.403453807545
SAT-0-0,179.43495000001835,179.67589358410004,1200,SAT-1-0,0.4628593941743725,224.67589358410004,1200,right,0.0006270218586358472,2865000,5794.403453807541
SAT-0-0,179.68547000001846,179.81959178745953,1200,SAT-7-0,0.2576474667393567,134.81959178745953,1200,left,0.0006269916074175902,2869000,5794.533946222473
SAT-0-0,179.68547000001846,179.81959178745953,1200,SAT-1-0,0.2576474667393567,224.81959178745953,1200,right,0.0006269916074175902,2869000,5794.533946222473
SAT-0-0,179.93599000001853,179.96328536207045,1200,SAT-7-0,0.05243391875140434,134.96328536207048,1200,left,0.0006269774429585906,2873000,5794.590106417171
SAT-0-0,179.93599000001853,179.96328536207045,1200,SAT-1-0,0.05243391875140434,224.96328536207045,1200,right,0.0006269774429585906,2873000,5794.5901064171685
SAT-0-0,180.18651000001864,180.10697799470304,1200,SAT-7-0,-0.15277995902724822,135.10697799470307,1200,left,0.0006269793652866749,2877000,5794.571932258268
SAT-0-0,180.18651000001864,180.10697799470304,1200,SAT-1-0,-0.15277995902724822,225.10697799470304,1200,right,0.0006269793652866749,2877000,5794.571932258267
SAT-0-0,180.43703000001872,180.25067337205485,1200,SAT-7-0,-0.35799287586621953,135.25067337205485,1200,left,0.000626997373722671,2881000,5794.4794244361465
SAT-0-0,180.43703000001872,180.25067337205485,1200,SAT-1-0,-0.35799287586621953,225.25067337205485,1200,right,0.000626997373722671,2881000,5794.479424436145
SAT-0-0,180.68755000001883,180.39437518103577,1200,SAT-7-0,-0.5632035409424687,135.39437518103574,1200,left,0.0006270314700676763,2885000,5794.312586464957
SAT-0-0,180.68755000001883,180.39437518103577,1200,SAT-1-0,-0.5632035409424687,225.39437518103577,1200,right,0.0006270314700676763,2885000,5794.3125864649555
SAT-0-0,180.9380700000189,180.53808710905412,1200,SAT-7-0,-0.7684106632161001,135.53808710905415,1200,left,0.0006270816568317793,2889000,5794.071424682762
SAT-0-0,180.9380700000189,180.53808710905412,1200,SAT-1-0,-0.7684106632161001,225.53808710905412,1200,right,0.0006270816571858714,2889000,5794.07142468276
SAT-0-0,181.18859000001902,180.68181284430207,1200,SAT-7-0,-0.9736129513057995,135.68181284430204,1200,left,0.0006271479379413326,2893000,5793.755948251773
SAT-0-0,181.18859000001902,180.68181284430207,1200,SAT-1-0,-0.9736129513057995,225.68181284430207,1200,right,0.0006271479379413326,2893000,5793.755948251771
SAT-0-0,181.4391100000191,180.82555607604144,1200,SAT-7-0,-1.1788091133645504,135.8255560760415,1200,left,0.0006272303187373779,2897000,5793.366169158705
SAT-0-0,181.4391100000191,180.82555607604144,1200,SAT-1-0,-1.1788091133645504,225.82555607604144,1200,right,0.0006272303183833698,2897000,5793.366169158704
SAT-0-0,181.6896300000192,180.96932049488944,1200,SAT-7-0,-1.383997856954941,135.96932049488942,1200,left,0.0006273288054426003,2901000,5792.902102215241
SAT-0-0,181.6896300000192,180.96932049488944,1200,SAT-1-0,-1.383997856954941,225.96932049488944,1200,right,0.0006273288047346952,2901000,5792.902102215239
SAT-0-0,181.9401500000193,181.11310979310474,1200,SAT-7-0,-1.589177888924713,136.11310979310474,1200,left,0.0006274434049822081,2905000,5792.363765058598
SAT-0-0,181.9401500000193,181.11310979310474,1200,SAT-1-0,-1.589177888924713,226.11310979310474,1200,right,0.0006274434048052642,2905000,5792.363765058596
SAT-0-0,182.1906700000194,181.25692766487327,1200,SAT-7-0,-1.7943479152818615,136.25692766487327,1200,left,0.0006275741272813961,2909000,5791.751178152213
SAT-0-0,182.1906700000194,181.25692766487327,1200,SAT-1-0,-1.7943479152818615,226.25692766487327,1200,right,0.0006275741274583032,2909000,5791.751178152211
SAT-0-0,182.44119000001947,181.4007778065947,1200,SAT-7-0,-1.9995066410699378,136.40077780659473,1200,left,0.0006277209820764756,2913000,5791.064364786521
SAT-0-0,182.44119000001947,181.4007778065947,1200,SAT-1-0,-1.9995066410699378,226.4007778065947,1200,right,0.0006277209818996099,2913000,5791.064364786519
SAT-0-0,182.69171000001958,181.5446639171687,1200,SAT-7-0,-2.2046527702428573,136.54466391716866,1200,left,0.0006278839806807684,2917000,5790.303351079866
SAT-0-0,182.69171000001958,181.5446639171687,1200,SAT-1-0,-2.2046527702428573,226.5446639171687,1200,right,0.0006278839805039486,2917000,5790.303351079864
SAT-0-0,182.94223000001966,181.6885896982814,1200,SAT-7-0,-2.4097850055398817,136.68858969828136,1200,left,0.0006280631358030865,2921000,5789.468165979496
SAT-0-0,182.94223000001966,181.6885896982814,1200,SAT-1-0,-2.4097850055398817,226.6885896982814,1200,right,0.0006280631356263172,2921000,5789.468165979496
SAT-0-0,183.19275000001977,181.8325588546924,1200,SAT-7-0,-2.614902048360079,136.83255885469237,1200,left,0.0006282584610125116,2925000,5788.558841262694
SAT-0-0,183.19275000001977,181.8325588546924,1200,SAT-1-0,-2.614902048360079,226.8325588546924,1200,right,0.0006282584608357973,2925000,5788.558841262691
SAT-0-0,183.44327000001985,181.97657509452168,1200,SAT-7-0,-2.8200025986367914,136.97657509452165,1200,left,0.0006284699721469183,2929000,5787.57541153799
SAT-0-0,183.44327000001985,181.97657509452168,1200,SAT-1-0,-2.8200025986367914,226.97657509452168,1200,right,0.0006284699723235732,2929000,5787.575411537988
SAT-0-0,183.69379000001996,182.120642129537,1200,SAT-7-0,-3.0250853547118663,137.12064212953698,1200,left,0.000628697684833101,2933000,5786.517914246511
SAT-0-0,183.69379000001996,182.120642129537,1200,SAT-1-0,-3.0250853547118663,227.120642129537,1200,right,0.000628697684833101,2933000,5786.51791424651
SAT-0-0,183.94431000002004,182.26476367544146,1200,SAT-7-0,-3.230149013209423,137.26476367544146,1200,left,0.0006289416171309421,2937000,5785.386389663429
SAT-0-0,183.94431000002004,182.26476367544146,1200,SAT-1-0,-3.230149013209423,227.26476367544146,1200,right,0.0006289416171309421,2937000,5785.3863896634275
SAT-0-0,184.19483000002015,182.40894345216142,1200,SAT-7-0,-3.4351922689096606,137.40894345216145,1200,left,0.0006292017882892095,2941000,5784.18088089951
SAT-0-0,184.19483000002015,182.40894345216142,1200,SAT-1-0,-3.4351922689096606,227.40894345216142,1200,right,0.0006292017879363106,2941000,5784.180880899508
SAT-0-0,184.44535000002023,182.55318518413472,1200,SAT-7-0,-3.640213814622044,137.55318518413478,1200,left,0.0006294782173273148,2945000,5782.901433902797
SAT-0-0,184.44535000002023,182.55318518413472,1200,SAT-1-0,-3.640213814622044,227.55318518413472,1200,right,0.0006294782173273148,2945000,5782.9014339027935
SAT-0-0,184.69587000002034,182.69749260059936,1200,SAT-7-0,-3.8452123410585,137.6974926005994,1200,left,0.0006297709267329694,2949000,5781.5480974603815
SAT-0-0,184.69587000002034,182.69749260059936,1200,SAT-1-0,-3.8452123410585,227.69749260059936,1200,right,0.0006297709270855494,2949000,5781.548097460379
SAT-0-0,184.94639000002041,182.84186943588247,1200,SAT-7-0,-4.050186536705956,137.84186943588247,1200,left,0.0006300799391009027,2953000,5780.120923200307
SAT-0-0,184.94639000002041,182.84186943588247,1200,SAT-1-0,-4.050186536705956,227.84186943588247,1200,right,0.0006300799387484957,2953000,5780.120923200306
SAT-0-0,185.19691000002052,182.9863194296896,1200,SAT-7-0,-4.255135087698856,137.98631942968962,1200,left,0.0006304052774789993,2957000,5778.619965593571
SAT-0-0,185.19691000002052,182.9863194296896,1200,SAT-1-0,-4.255135087698856,227.9863194296896,1200,right,0.0006304052778312245,2957000,5778.619965593569
SAT-0-0,185.4474300000206,183.13084632739466,1200,SAT-7-0,-4.460056677690965,138.13084632739464,1200,left,0.000630746967825468,2961000,5777.045281956245
SAT-0-0,185.4474300000206,183.13084632739466,1200,SAT-1-0,-4.460056677690965,228.13084632739466,1200,right,0.0006307469680014852,2961000,5777.045281956242
SAT-0-0,185.6979500000207,183.2754538803301,1200,SAT-7-0,-4.664949987727116,138.27545388033008,1200,left,0.0006311050367076949,2965000,5775.396932451709
SAT-0-0,185.6979500000207,183.2754538803301,1200,SAT-1-0,-4.664949987727116,228.2754538803301,1200,right,0.0006311050370595296,2965000,5775.3969324517075
SAT-0-0,185.9484700000208,183.42014584607756,1200,SAT-7-0,-4.86981369611421,138.4201458460776,1200,left,0.0006314795118211477,2969000,5773.674980092997
SAT-0-0,185.9484700000208,183.42014584607756,1200,SAT-1-0,-4.86981369611421,228.42014584607756,1200,right,0.0006314795118211477,2969000,5773.6749800929965
SAT-0-0,186.1989900000209,183.5649259887592,1200,SAT-7-0,-5.074646478292115,138.56492598875917,1200,left,0.0006318704216275873,2973000,5771.879490745259
SAT-0-0,186.1989900000209,183.5649259887592,1200,SAT-1-0,-5.074646478292115,228.5649259887592,1200,right,0.0006318704216275873,2973000,5771.879490745258
SAT-0-0,186.449510000021,183.70979807932923,1200,SAT-7-0,-5.279447006703766,138.70979807932918,1200,left,0.0006322777969257246,2977000,5770.0105331283385
SAT-0-0,186.449510000021,183.70979807932923,1200,SAT-1-0,-5.279447006703766,228.70979807932923,1200,right,0.0006322777969257246,2977000,5770.010533128337
SAT-0-0,186.7000300000211,183.8547658958663,1200,SAT-7-0,-5.484213950665137,138.85476589586634,1200,left,0.0006327016689057867,2981000,5768.068178819459
SAT-0-0,186.7000300000211,183.8547658958663,1200,SAT-1-0,-5.484213950665137,228.8547658958663,1200,right,0.0006327016690812601,2981000,5768.068178819455
SAT-0-0,186.9505500000212,183.99983322386618,1200,SAT-7-0,-5.688945976234376,138.9998332238662,1200,left,0.0006331420708936511,2985000,5766.052502256036
SAT-0-0,186.9505500000212,183.99983322386618,1200,SAT-1-0,-5.688945976234376,228.99983322386618,1200,right,0.0006331420707182999,2985000,5766.052502256032
SAT-0-0,187.20107000002128,184.14500385653503,1200,SAT-7-0,-5.893641746080752,139.14500385653503,1200,left,0.0006335990367579925,2989000,5763.963580738603
SAT-0-0,187.20107000002128,184.14500385653503,1200,SAT-1-0,-5.893641746080752,229.14500385653503,1200,right,0.0006335990371084423,2989000,5763.9635807386
SAT-0-0,187.45159000002138,184.29028159508348,1200,SAT-7-0,-6.098299919352734,139.2902815950835,1200,left,0.0006340726019501224,2993000,5761.80149443385
SAT-0-0,187.45159000002138,184.29028159508348,1200,SAT-1-0,-6.098299919352734,229.2902815950835,1200,right,0.0006340726017750284,2993000,5761.80149443385
SAT-0-0,187.70211000002146,184.43567024902103,1200,SAT-7-0,-6.302919151545849,139.43567024902106,1200,left,0.0006345628027891922,2997000,5759.566326377782
SAT-0-0,187.70211000002146,184.43567024902103,1200,SAT-1-0,-6.302919151545849,229.43567024902106,1200,right,0.0006345628031391097,2997000,5759.5663263777815
SAT-0-0,187.95263000002157,184.58117363645113,1200,SAT-7-0,-6.507498094369613,139.58117363645107,1200,left,0.0006350696781976446,3001000,5757.258162479002
SAT-0-0,187.95263000002157,184.58117363645113,1200,SAT-1-0,-6.507498094369613,229.58117363645113,1200,right,0.0006350696781976446,3001000,5757.258162479002
SAT-0-0,188.20315000002165,184.72679558436718,1200,SAT-7-0,-6.712035395614211,139.7267955843672,1200,left,0.0006355932663621478,3005000,5754.877091522101
SAT-0-0,188.20315000002165,184.72679558436718,1200,SAT-1-0,-6.712035395614211,229.7267955843672,1200,right,0.0006355932661874727,3005000,5754.8770915221
SAT-0-0,188.45367000002176,184.87253992894878,1200,SAT-7-0,-6.916529699016212,139.8725399289488,1200,left,0.0006361336085660942,3009000,5752.423205171182
SAT-0-0,188.45367000002176,184.87253992894878,1200,SAT-1-0,-6.916529699016212,229.8725399289488,1200,right,0.0006361336087406209,3009000,5752.423205171181
SAT-0-0,188.70419000002184,185.018410515859,1200,SAT-7-0,-7.120979644123967,140.01841051585902,1200,left,0.000636690746550406,3013000,5749.896597973497
SAT-0-0,188.70419000002184,185.018410515859,1200,SAT-1-0,-7.120979644123967,230.01841051585902,1200,right,0.0006366907463760319,3013000,5749.896597973493
SAT-0-0,188.95471000002195,185.16441120054196,1200,SAT-7-0,-7.325383866162027,140.16441120054196,1200,left,0.0006372647231974752,3017000,5747.297367363201
SAT-0-0,188.95471000002195,185.16441120054196,1200,SAT-1-0,-7.325383866162027,230.16441120054196,1200,right,0.0006372647230232583,3017000,5747.2973673632
SAT-0-0,189.20523000002203,185.31054584852174,1200,SAT-7-0,-7.529740995895198,140.31054584852177,1200,left,0.000637855582862984,3021000,5744.625613665248
SAT-0-0,189.20523000002203,185.31054584852174,1200,SAT-1-0,-7.529740995895198,230.31054584852174,1200,right,0.0006378555830370395,3021000,5744.625613665246
SAT-0-0,189.45575000002214,185.45681833570123,1200,SAT-7-0,-7.7340496594915376,140.4568183357012,1200,left,0.0006384633722270168,3025000,5741.8814400993815
SAT-0-0,189.45575000002214,185.45681833570123,1200,SAT-1-0,-7.7340496594915376,230.45681833570123,1200,right,0.0006384633720531269,3025000,5741.8814400993815
SAT-0-0,189.70627000002222,185.6032325486625,1200,SAT-7-0,-7.9383084783849975,140.60323254866253,1200,left,0.0006390881371440085,3029000,5739.0649527842725
SAT-0-0,189.70627000002222,185.6032325486625,1200,SAT-1-0,-7.9383084783849975,230.60323254866253,1200,right,0.0006390881371440085,3029000,5739.064952784272
SAT-0-0,189.95679000002232,185.74979238496735,1200,SAT-7-0,-8.142516069136942,140.74979238496735,1200,left,0.0006397299267996096,3033000,5736.17626074177
SAT-0-0,189.95679000002232,185.74979238496735,1200,SAT-1-0,-8.142516069136942,230.74979238496735,1200,right,0.0006397299269731552,3033000,5736.176260741769
SAT-0-0,190.2073100000224,185.89650175345895,1200,SAT-7-0,-8.34667104329725,140.89650175345892,1200,left,0.0006403887909075055,3037000,5733.215475901286
SAT-0-0,190.2073100000224,185.89650175345895,1200,SAT-1-0,-8.34667104329725,230.89650175345892,1200,right,0.0006403887909075055,3037000,5733.215475901284
SAT-0-0,190.4578300000225,186.04336457456412,1200,SAT-7-0,-8.550772007264275,141.04336457456415,1200,left,0.0006410647800399199,3041000,5730.182713104298
SAT-0-0,190.4578300000225,186.04336457456412,1200,SAT-1-0,-8.550772007264275,231.04336457456415,1200,right,0.0006410647800399199,3041000,5730.182713104297
SAT-0-0,190.7083500000226,186.1903847805966,1200,SAT-7-0,-8.754817562144334,141.1903847805966,1200,left,0.0006417579475127016,3045000,5727.078090108986
SAT-0-0,190.7083500000226,186.1903847805966,1200,SAT-1-0,-8.754817562144334,231.1903847805966,1200,right,0.0006417579471667073,3045000,5727.078090108984
SAT-0-0,190.9588700000227,186.33756631606093,1200,SAT-7-0,-8.958806303610013,141.33756631606087,1200,left,0.0006424683459005376,3049000,5723.901727594995
SAT-0-0,190.9588700000227,186.33756631606093,1200,SAT-1-0,-8.958806303610013,231.33756631606093,1200,right,0.0006424683459005376,3049000,5723.901727594992
SAT-0-0,191.20939000002278,186.48491313795734,1200,SAT-7-0,-9.162736821757964,141.4849131379573,1200,left,0.0006431960306517025,3053000,5720.6537491683275
SAT-0-0,191.20939000002278,186.48491313795734,1200,SAT-1-0,-9.162736821757964,231.4849131379573,1200,right,0.0006431960303064818,3053000,5720.653749168327
SAT-0-0,191.4599100000229,186.63242921608736,1200,SAT-7-0,-9.366607700965455,141.6324292160874,1200,left,0.0006439410585056495,3057000,5717.334281366374
SAT-0-0,191.4599100000229,186.63242921608736,1200,SAT-1-0,-9.366607700965455,231.63242921608736,1200,right,0.0006439410583332389,3057000,5717.334281366373
SAT-0-0,191.71043000002297,186.78011853336037,1200,SAT-7-0,-9.57041751974638,141.78011853336034,1200,left,0.0006447034862650371,3061000,5713.943453663056
SAT-0-0,191.71043000002297,186.78011853336037,1200,SAT-1-0,-9.57041751974638,231.78011853336034,1200,right,0.0006447034864372438,3061000,5713.943453663054
SAT-0-0,191.96095000002308,186.92798508610107,1200,SAT-7-0,-9.774164850605986,141.92798508610105,1200,left,0.0006454833738760538,3065000,5710.481398474124
SAT-0-0,191.96095000002308,186.92798508610107,1200,SAT-1-0,-9.774164850605986,231.92798508610105,1200,right,0.0006454833738760538,3065000,5710.481398474122
SAT-0-0,192.21147000002316,187.0760328843577,1200,SAT-7-0,-9.977848259894992,142.07603288435766,1200,left,0.0006462807813015507,3069000,5706.948251162573
SAT-0-0,192.21147000002316,187.0760328843577,1200,SAT-1-0,-9.977848259894992,232.07603288435766,1200,right,0.0006462807813015507,3069000,5706.948251162571
SAT-0-0,192.46199000002326,187.2242659522112,1200,SAT-7-0,-10.181466307662399,142.2242659522112,1200,left,0.0006470957705635758,3073000,5703.34415004421
SAT-0-0,192.46199000002326,187.2242659522112,1200,SAT-1-0,-10.181466307662399,232.2242659522112,1200,right,0.0006470957705635758,3073000,5703.3441500442095
SAT-0-0,192.71251000002334,187.3726883280855,1200,SAT-7-0,-10.385017547507637,142.37268832808545,1200,left,0.0006479284038290547,3077000,5699.669236393332
SAT-0-0,192.71251000002334,187.3726883280855,1200,SAT-1-0,-10.385017547507637,232.3726883280855,1200,right,0.0006479284043431037,3077000,5699.669236393331
SAT-0-0,192.96303000002345,187.5213040650583,1200,SAT-7-0,-10.588500526431357,142.52130406505833,1200,left,0.0006487787473278809,3081000,5695.923654448572
SAT-0-0,192.96303000002345,187.5213040650583,1200,SAT-1-0,-10.588500526431357,232.52130406505833,1200,right,0.000648778747499006,3081000,5695.92365444857
SAT-0-0,193.21355000002353,187.67011723117318,1200,SAT-7-0,-10.791913784685518,142.67011723117315,1200,left,0.0006496468653274813,3085000,5692.1075514188515
SAT-0-0,193.21355000002353,187.67011723117318,1200,SAT-1-0,-10.791913784685518,232.67011723117315,1200,right,0.0006496468653274813,3085000,5692.107551418849
SAT-0-0,193.46407000002364,187.81913190975246,1200,SAT-7-0,-10.99525585562207,142.81913190975246,1200,left,0.0006505328254186884,3089000,5688.221077489504
SAT-0-0,193.46407000002364,187.81913190975246,1200,SAT-1-0,-10.99525585562207,232.81913190975246,1200,right,0.0006505328254186884,3089000,5688.221077489503
SAT-0-0,193.71459000002372,187.96835219971092,1200,SAT-7-0,-11.198525265540894,142.96835219971095,1200,left,0.0006514366960891413,3093000,5684.264385828515
SAT-0-0,193.71459000002372,187.96835219971092,1200,SAT-1-0,-11.198525265540894,232.96835219971095,1200,right,0.0006514366962595681,3093000,5684.264385828515
SAT-0-0,193.96511000002383,188.11778221587073,1200,SAT-7-0,-11.401720533536276,143.1177822158707,1200,left,0.0006523585475493585,3097000,5680.237632592915
SAT-0-0,193.96511000002383,188.11778221587073,1200,SAT-1-0,-11.401720533536276,233.11778221587073,1200,right,0.0006523585473791725,3097000,5680.237632592915
SAT-0-0,194.2156300000239,188.2674260892771,1200,SAT-7-0,-11.60484017134259,143.26742608927714,1200,left,0.000653298451021767,3101000,5676.1409769353195
SAT-0-0,194.2156300000239,188.2674260892771,1200,SAT-1-0,-11.60484017134259,233.26742608927714,1200,right,0.000653298451021767,3101000,5676.140976935317
SAT-0-0,194.46615000002402,188.41728796751497,1200,SAT-7-0,-11.807882683178487,143.417287967515,1200,left,0.000654256479053345,3105000,5671.974581010593
SAT-0-0,194.46615000002402,188.41728796751497,1200,SAT-1-0,-11.807882683178487,233.417287967515,1200,right,0.000654256479053345,3105000,5671.974581010592
SAT-0-0,194.7166700000241,188.56737201502662,1200,SAT-7-0,-12.010846565590237,143.56737201502665,1200,left,0.0006552327058249731,3109000,5667.7386099826945
SAT-0-0,194.7166700000241,188.56737201502662,1200,SAT-1-0,-12.010846565590237,233.56737201502665,1200,right,0.0006552327056555335,3109000,5667.738609982694
SAT-0-0,194.9671900000242,188.7176824134304,1200,SAT-7-0,-12.213730307293522,143.71768241343034,1200,left,0.0006562272062730624,3113000,5663.433232031639
SAT-0-0,194.9671900000242,188.7176824134304,1200,SAT-1-0,-12.213730307293522,233.7176824134304,1200,right,0.0006562272064422451,3113000,5663.433232031636
SAT-0-0,195.21771000002428,188.86822336184022,1200,SAT-7-0,-12.41653238901433,143.86822336184022,1200,left,0.0006572400584280592,3117000,5659.05861836061
SAT-0-0,195.21771000002428,188.86822336184022,1200,SAT-1-0,-12.41653238901433,233.86822336184022,1200,right,0.0006572400584280592,3117000,5659.058618360608
SAT-0-0,195.4682300000244,189.0189990771863,1200,SAT-7-0,-12.619251283328285,144.01899907718624,1200,left,0.0006582713393215867,3121000,5654.614943203252
SAT-0-0,195.4682300000244,189.0189990771863,1200,SAT-1-0,-12.619251283328285,234.0189990771863,1200,right,0.0006582713398275588,3121000,5654.614943203251
SAT-0-0,195.71875000002447,189.17001379453632,1200,SAT-7-0,-12.82188545449892,144.17001379453632,1200,left,0.0006593211295191295,3125000,5650.102383831074
SAT-0-0,195.71875000002447,189.17001379453632,1200,SAT-1-0,-12.82188545449892,234.17001379453632,1200,right,0.0006593211295191295,3125000,5650.102383831073
SAT-0-0,195.96927000002458,189.3212717674184,1200,SAT-7-0,-13.024433358314598,144.32127176741844,1200,left,0.0006603895097075794,3129000,5645.521120561032
SAT-0-0,195.96927000002458,189.3212717674184,1200,SAT-1-0,-13.024433358314598,234.32127176741844,1200,right,0.0006603895098756958,3129000,5645.521120561031
SAT-0-0,196.21979000002466,189.47277726814417,1200,SAT-7-0,-13.226893441923954,144.47277726814414,1200,left,0.0006614765623500455,3133000,5640.871336763261
SAT-0-0,196.21979000002466,189.47277726814417,1200,SAT-1-0,-13.226893441923954,234.47277726814414,1200,right,0.0006614765621822053,3133000,5640.871336763258
SAT-0-0,196.47031000002477,189.6245345881335,1200,SAT-7-0,-13.429264143670244,144.62453458813354,1200,left,0.0006625823714807858,3137000,5636.153218868951
SAT-0-0,196.47031000002477,189.6245345881335,1200,SAT-1-0,-13.429264143670244,234.62453458813354,1200,right,0.0006625823718159059,3137000,5636.15321886895
SAT-0-0,196.72083000002485,189.77654803823975,1200,SAT-7-0,-13.631543892924029,144.77654803823978,1200,left,0.0006637070223340922,3141000,5631.3669563784
SAT-0-0,196.72083000002485,189.77654803823975,1200,SAT-1-0,-13.631543892924029,234.77654803823978,1200,right,0.0006637070223340922,3141000,5631.366956378399
SAT-0-0,196.97135000002496,189.92882194907614,1200,SAT-7-0,-13.833731109914732,144.9288219490762,1200,left,0.0006648506014771973,3145000,5626.51274186921
SAT-0-0,196.97135000002496,189.92882194907614,1200,SAT-1-0,-13.833731109914732,234.92882194907614,1200,right,0.0006648506016441857,3145000,5626.51274186921
SAT-0-0,197.22187000002504,190.08136067134302,1200,SAT-7-0,-14.035824205560495,145.08136067134305,1200,left,0.0006660131977746549,3149000,5621.590771004646
SAT-0-0,197.22187000002504,190.08136067134302,1200,SAT-1-0,-14.035824205560495,235.08136067134305,1200,right,0.0006660131977746549,3149000,5621.590771004645
SAT-0-0,197.47239000002514,190.23416857615635,1200,SAT-7-0,-14.237821581296847,145.23416857615638,1200,left,0.000667194900013757,3153000,5616.6012425421595
SAT-0-0,197.47239000002514,190.23416857615635,1200,SAT-1-0,-14.237821581296847,235.23416857615638,1200,right,0.0006671949001801586,3153000,5616.601242542158
SAT-0-0,197.72291000002522,190.3872500553765,1200,SAT-7-0,-14.439721628903637,145.38725005537648,1200,left,0.0006683957995375276,3157000,5611.54435834208
SAT-0-0,197.72291000002522,190.3872500553765,1200,SAT-1-0,-14.439721628903637,235.38725005537648,1200,right,0.0006683957997036302,3157000,5611.544358342079
SAT-0-0,197.97343000002533,190.5406095219388,1200,SAT-7-0,-14.6415227303307,145.54060952193885,1200,left,0.0006696159895328455,3161000,5606.420323376461
SAT-0-0,197.97343000002533,190.5406095219388,1200,SAT-1-0,-14.6415227303307,235.5406095219388,1200,right,0.0006696159893670455,3161000,5606.420323376458
SAT-0-0,198.22395000002544,190.69425141018405,1200,SAT-7-0,-14.84322325752176,145.69425141018405,1200,left,0.0006708555630012844,3165000,5601.229345738091
SAT-0-0,198.22395000002544,190.69425141018405,1200,SAT-1-0,-14.84322325752176,235.69425141018405,1200,right,0.0006708555628357908,3165000,5601.22934573809
SAT-0-0,198.47447000002552,190.84818017619094,1200,SAT-7-0,-15.044821572237021,145.84818017619088,1200,left,0.000672114615211793,3169000,5595.971636649696
SAT-0-0,198.47447000002552,190.84818017619094,1200,SAT-1-0,-15.044821572237021,235.84818017619094,1200,right,0.0006721146157073437,3169000,5595.971636649695
SAT-0-0,198.72499000002563,191.0024002981084,1200,SAT-7-0,-15.246316025873904,146.00240029810845,1200,left,0.0006733932441469433,3173000,5590.64741047328
SAT-0-0,198.72499000002563,191.0024002981084,1200,SAT-1-0,-15.246316025873904,236.0024002981084,1200,right,0.0006733932441469433,3173000,5590.647410473279
SAT-0-0,198.9755100000257,191.15691627648968,1200,SAT-7-0,-15.447704959286463,146.15691627648962,1200,left,0.0006746915469936437,3177000,5585.25688471965
SAT-0-0,198.9755100000257,191.15691627648968,1200,SAT-1-0,-15.447704959286463,236.15691627648968,1200,right,0.0006746915471581964,3177000,5585.256884719649
SAT-0-0,199.22603000002582,191.3117326346264,1200,SAT-7-0,-15.64898670260288,146.31173263462645,1200,left,0.0006760096238997823,3181000,5579.800280058128
SAT-0-0,199.22603000002582,191.3117326346264,1200,SAT-1-0,-15.64898670260288,236.3117326346264,1200,right,0.000676009624228246,3181000,5579.800280058126
SAT-0-0,199.4765500000259,191.4668539188843,1200,SAT-7-0,-15.850159575041575,146.46685391888428,1200,left,0.0006773475762776105,3185000,5574.2778203264115
SAT-0-0,199.4765500000259,191.4668539188843,1200,SAT-1-0,-15.850159575041575,236.46685391888428,1200,right,0.0006773475762776105,3185000,5574.277820326408
SAT-0-0,199.727070000026,191.62228469903908,1200,SAT-7-0,-16.05122188472536,146.6222846990391,1200,left,0.0006787055069254219,3189000,5568.689732540629
SAT-0-0,199.727070000026,191.62228469903908,1200,SAT-1-0,-16.05122188472536,236.6222846990391,1200,right,0.0006787055070890015,3189000,5568.689732540628
SAT-0-0,199.97759000002608,191.7780295686135,1200,SAT-7-0,-16.25217192849415,146.7780295686135,1200,left,0.0006800835194940534,3193000,5563.03624690557
SAT-0-0,199.97759000002608,191.7780295686135,1200,SAT-1-0,-16.25217192849415,236.7780295686135,1200,right,0.0006800835194940534,3193000,5563.036246905567
SAT-0-0,200.2281100000262,191.93409314521497,1200,SAT-7-0,-16.45300799171565,146.93409314521492,1200,left,0.0006814817199141422,3197000,5557.317596825087
SAT-0-0,200.2281100000262,191.93409314521497,1200,SAT-1-0,-16.45300799171565,236.93409314521497,1200,right,0.0006814817202399684,3197000,5557.317596825086
SAT-0-0,200.47863000002627,192.0904800708739,1200,SAT-7-0,-16.653728348094575,147.09048007087387,1200,left,0.0006829002153664423,3201000,5551.534018912691
SAT-0-0,200.47863000002627,192.0904800708739,1200,SAT-1-0,-16.653728348094575,237.09048007087387,1200,right,0.0006829002153664423,3201000,5551.53401891269
SAT-0-0,200.72915000002638,192.24719501238295,1200,SAT-7-0,-16.854331259479768,147.24719501238297,1200,left,0.0006843391145618157,3205000,5545.6857530023135
SAT-0-0,200.72915000002638,192.24719501238295,1200,SAT-1-0,-16.854331259479768,237.24719501238297,1200,right,0.0006843391143995829,3205000,5545.685753002313
SAT-0-0,200.97967000002646,192.40424266163672,1200,SAT-7-0,-17.054814975669803,147.40424266163672,1200,left,0.0006857985270455992,3209000,5539.773042159273
SAT-0-0,200.97967000002646,192.40424266163672,1200,SAT-1-0,-17.054814975669803,237.40424266163672,1200,right,0.0006857985272074868,3209000,5539.7730421592705
SAT-0-0,201.23019000002657,192.56162773597205,1200,SAT-7-0,-17.255177734216456,147.56162773597202,1200,left,0.000687278565256267,3213000,5533.796132691416
SAT-0-0,201.23019000002657,192.56162773597205,1200,SAT-1-0,-17.255177734216456,237.56162773597202,1200,right,0.0006872785649331889,3213000,5533.796132691413
SAT-0-0,201.48071000002665,192.7193549785093,1200,SAT-7-0,-17.45541776022657,147.7193549785093,1200,left,0.0006887793413986456,3217000,5527.755274160437
SAT-0-0,201.48071000002665,192.7193549785093,1200,SAT-1-0,-17.45541776022657,237.7193549785093,1200,right,0.0006887793412374586,3217000,5527.755274160435
SAT-0-0,201.73123000002676,192.87742915849356,1200,SAT-7-0,-17.65553326616174,147.87742915849356,1200,left,0.0006903009701469415,3221000,5521.650719393427
SAT-0-0,201.73123000002676,192.87742915849356,1200,SAT-1-0,-17.65553326616174,237.87742915849356,1200,right,0.0006903009703077733,3221000,5521.650719393424
SAT-0-0,201.98175000002684,193.03585507163706,1200,SAT-7-0,-17.855522451636375,148.03585507163706,1200,left,0.0006918435681020672,3225000,5515.48272449455
SAT-0-0,201.98175000002684,193.03585507163706,1200,SAT-1-0,-17.855522451636375,238.03585507163706,1200,right,0.0006918435681020672,3225000,5515.482724494551
SAT-0-0,202.23227000002694,193.19463754046149,1200,SAT-7-0,-18.055383503213505,148.1946375404615,1200,left,0.000693407252454447,3229000,5509.2515488569925
SAT-0-0,202.23227000002694,193.19463754046149,1200,SAT-1-0,-18.055383503213505,238.1946375404615,1200,right,0.0006934072527746695,3229000,5509.2515488569925
SAT-0-0,202.48279000002702,193.3537814146412,1200,SAT-7-0,-18.25511459419888,148.35378141464116,1200,left,0.0006949921423797319,3233000,5502.957455175027
SAT-0-0,202.48279000002702,193.3537814146412,1200,SAT-1-0,-18.25511459419888,238.35378141464116,1200,right,0.0006949921423797319,3233000,5502.957455175026
SAT-0-0,202.73331000002713,193.51329157134631,1200,SAT-7-0,-18.454713884432795,148.5132915713463,1200,left,0.0006965983580240724,3237000,5496.6007094563365
SAT-0-0,202.73331000002713,193.51329157134631,1200,SAT-1-0,-18.454713884432795,238.51329157134631,1200,right,0.0006965983580240724,3237000,5496.600709456334
SAT-0-0,202.9838300000272,193.6731729155868,1200,SAT-7-0,-18.654179520080163,148.67317291558683,1200,left,0.0006982260218875669,3241000,5490.181581034502
SAT-0-0,202.9838300000272,193.6731729155868,1200,SAT-1-0,-18.654179520080163,238.67317291558683,1200,right,0.0006982260215695543,3241000,5490.1815810345015
SAT-0-0,203.23435000002732,193.83343038055605,1200,SAT-7-0,-18.85350963341823,148.833430380556,1200,left,0.0006998752571734988,3245000,5483.700342581715
SAT-0-0,203.23435000002732,193.83343038055605,1200,SAT-1-0,-18.85350963341823,238.83343038055605,1200,right,0.0006998752571734988,3245000,5483.700342581711
SAT-0-0,203.4848700000274,193.99406892797546,1200,SAT-7-0,-19.05270234262248,148.99406892797546,1200,left,0.0007015461891666872,3249000,5477.157270121659
SAT-0-0,203.4848700000274,193.99406892797546,1200,SAT-1-0,-19.05270234262248,238.99406892797546,1200,right,0.0007015461888501797,3249000,5477.157270121658
SAT-0-0,203.7353900000275,194.1550935484386,1200,SAT-7-0,-19.25175575155018,149.15509354843866,1200,left,0.0007032389440654251,3253000,5470.55264304264
SAT-0-0,203.7353900000275,194.1550935484386,1200,SAT-1-0,-19.25175575155018,239.1550935484386,1200,right,0.0007032389439075523,3253000,5470.552643042638
SAT-0-0,203.9859100000276,194.31650926175578,1200,SAT-7-0,-19.450667949521993,149.31650926175578,1200,left,0.0007049536505065876,3257000,5463.88674411088
SAT-0-0,203.9859100000276,194.31650926175578,1200,SAT-1-0,-19.450667949521993,239.31650926175578,1200,right,0.0007049536501916101,3257000,5463.886744110878
SAT-0-0,204.2364300000277,194.47832111729846,1200,SAT-7-0,-19.649437011101192,149.47832111729846,1200,left,0.0007066904372971584,3261000,5457.159859484049
SAT-0-0,204.2364300000277,194.47832111729846,1200,SAT-1-0,-19.649437011101192,239.47832111729846,1200,right,0.0007066904371400566,3261000,5457.159859484049
SAT-0-0,204.48695000002778,194.6405341943439,1200,SAT-7-0,-19.848060995870963,149.64053419434387,1200,left,0.0007084494360362406,3265000,5450.3722787249935
SAT-0-0,204.48695000002778,194.6405341943439,1200,SAT-1-0,-19.848060995870963,239.64053419434387,1200,right,0.0007084494360362406,3265000,5450.372278724994
SAT-0-0,204.73747000002788,194.80315360241943,1200,SAT-7-0,-20.046537948209163,149.80315360241943,1200,left,0.0007102307794766955,3269000,5443.524294815677
SAT-0-0,204.73747000002788,194.80315360241943,1200,SAT-1-0,-20.046537948209163,239.80315360241943,1200,right,0.0007102307788514209,3269000,5443.5242948156765
SAT-0-0,204.98799000002796,194.9661844816467,1200,SAT-7-0,-20.24486589706112,149.96618448164668,1200,left,0.0007120346008456622,3273000,5436.616204171337
SAT-0-0,204.98799000002796,194.9661844816467,1200,SAT-1-0,-20.24486589706112,239.96618448164668,1200,right,0.000712034600533817,3273000,5436.616204171336
SAT-0-0,205.23851000002807,195.12963200308556,1200,SAT-7-0,-20.443042855709898,150.12963200308553,1200,left,0.0007138610364407178,3277000,5429.648306654854
SAT-0-0,205.23851000002807,195.12963200308556,1200,SAT-1-0,-20.443042855709898,240.12963200308553,1200,right,0.0007138610359741467,3277000,5429.6483066548535
SAT-0-0,205.48903000002815,195.2935013690778,1200,SAT-7-0,-20.64106682154451,150.2935013690778,1200,left,0.000715710222756052,3281000,5422.620905591342
SAT-0-0,205.48903000002815,195.2935013690778,1200,SAT-1-0,-20.64106682154451,240.2935013690778,1200,right,0.0007157102229111738,3281000,5422.620905591341
SAT-0-0,205.73955000002826,195.4577978135901,1200,SAT-7-0,-20.838935775825522,150.45779781359008,1200,left,0.0007175822986028595,3285000,5415.534307782951
SAT-0-0,205.73955000002826,195.4577978135901,1200,SAT-1-0,-20.838935775825522,240.45779781359008,1200,right,0.0007175822986028595,3285000,5415.53430778295
SAT-0-0,205.99007000002834,195.62252660255697,1200,SAT-7-0,-21.0366476834486,150.622526602557,1200,left,0.0007194774044182968,3289000,5408.388823523899
SAT-0-0,205.99007000002834,195.62252660255697,1200,SAT-1-0,-21.0366476834486,240.622526602557,1200,right,0.000719477404263987,3289000,5408.388823523897
SAT-0-0,206.24059000002845,195.7876930342226,1200,SAT-7-0,-21.23420049270535,150.7876930342226,1200,left,0.0007213956812762897,3293000,5401.184766615709
SAT-0-0,206.24059000002845,195.7876930342226,1200,SAT-1-0,-21.23420049270535,240.7876930342226,1200,right,0.0007213956812762897,3293000,5401.184766615709
SAT-0-0,206.49111000002853,195.95330243948226,1200,SAT-7-0,-21.4315921350421,150.95330243948223,1200,left,0.0007233372722155149,3297000,5393.922454382698
SAT-0-0,206.49111000002853,195.95330243948226,1200,SAT-1-0,-21.4315921350421,240.95330243948223,1200,right,0.0007233372722155149,3297000,5393.922454382697
SAT-0-0,206.74163000002864,196.11936018222272,1200,SAT-7-0,-21.628820524815858,151.11936018222275,1200,left,0.0007253023220145074,3301000,5386.602207687657
SAT-0-0,206.74163000002864,196.11936018222272,1200,SAT-1-0,-21.628820524815858,241.11936018222275,1200,right,0.0007253023215552962,3301000,5386.602207687655
SAT-0-0,206.99215000002872,196.28587165966206,1200,SAT-7-0,-21.825883559048197,151.2858716596621,1200,left,0.0007272909762059707,3305000,5379.224350947786
SAT-0-0,206.99215000002872,196.28587165966206,1200,SAT-1-0,-21.825883559048197,241.2858716596621,1200,right,0.0007272909760533188,3305000,5379.224350947785
SAT-0-0,207.24267000002882,196.45284230268803,1200,SAT-7-0,-22.02277911717632,151.45284230268803,1200,left,0.0007293033822375022,3309000,5371.789212150845
SAT-0-0,207.24267000002882,196.45284230268803,1200,SAT-1-0,-22.02277911717632,241.45284230268803,1200,right,0.0007293033828464247,3309000,5371.789212150844
SAT-0-0,207.4931900000289,196.62027757619558,1200,SAT-7-0,-22.219505060801815,151.62027757619558,1200,left,0.0007313396901568538,3313000,5364.297122871534
SAT-0-0,207.4931900000289,196.62027757619558,1200,SAT-1-0,-22.219505060801815,241.62027757619558,1200,right,0.0007313396901568538,3313000,5364.297122871534
SAT-0-0,207.743710000029,196.788182979423,1200,SAT-7-0,-22.416059233436854,151.78818297942303,1200,left,0.000733400048894379,3317000,5356.74841828811
SAT-0-0,207.743710000029,196.788182979423,1200,SAT-1-0,-22.416059233436854,241.78818297942303,1200,right,0.000733400048894379,3317000,5356.748418288109
SAT-0-0,207.9942300000291,196.9565640462866,1200,SAT-7-0,-22.612439460247668,151.95656404628656,1200,left,0.0007354846112113453,3321000,5349.143437199236
SAT-0-0,207.9942300000291,196.9565640462866,1200,SAT-1-0,-22.612439460247668,241.95656404628656,1200,right,0.0007354846113622966,3321000,5349.143437199235
SAT-0-0,208.2447500000292,197.12542634571398,1200,SAT-7-0,-22.808643547795693,152.125426345714,1200,left,0.0007375935302850217,3325000,5341.482522041059
SAT-0-0,208.2447500000292,197.12542634571398,1200,SAT-1-0,-22.808643547795693,242.125426345714,1200,right,0.0007375935304355413,3325000,5341.482522041059
SAT-0-0,208.49527000002928,197.2947754819756,1200,SAT-7-0,-23.004669283775826,152.29477548197556,1200,left,0.000739726960553053,3329000,5333.766018904539
SAT-0-0,208.49527000002928,197.2947754819756,1200,SAT-1-0,-23.004669283775826,242.29477548197556,1200,right,0.0007397269607031385,3329000,5333.766018904537
SAT-0-0,208.7457900000294,197.46461709501455,1200,SAT-7-0,-23.20051443675231,152.46461709501452,1200,left,0.0007418850586922234,3333000,5325.994277552988
SAT-0-0,208.7457900000294,197.46461709501455,1200,SAT-1-0,-23.20051443675231,242.46461709501452,1200,right,0.0007418850586922234,3333000,5325.994277552985
SAT-0-0,208.99631000002947,197.6349568607742,1200,SAT-7-0,-23.3961767558917,152.6349568607742,1200,left,0.0007440679814456364,3337000,5318.167651439882
SAT-0-0,208.99631000002947,197.6349568607742,1200,SAT-1-0,-23.3961767558917,242.6349568607742,1200,right,0.0007440679815948464,3337000,5318.1676514398805
SAT-0-0,209.24683000002958,197.8058004915241,1200,SAT-7-0,-23.591653970693425,152.80580049152414,1200,left,0.000746275889140224,3341000,5310.286497726892
SAT-0-0,209.24683000002958,197.8058004915241,1200,SAT-1-0,-23.591653970693425,242.80580049152414,1200,right,0.0007462758892889925,3341000,5310.28649772689
SAT-0-0,209.49735000002966,197.97715373618323,1200,SAT-7-0,-23.78694379071734,152.97715373618325,1200,left,0.0007485089409830754,3345000,5302.351177302157
SAT-0-0,209.49735000002966,197.97715373618323,1200,SAT-1-0,-23.78694379071734,242.97715373618325,1200,right,0.0007485089411314,3345000,5302.351177302156
SAT-0-0,209.74787000002976,198.14902238064104,1200,SAT-7-0,-23.982043905308878,153.1490223806411,1200,left,0.0007507672997568636,3349000,5294.36205479881
SAT-0-0,209.74787000002976,198.14902238064104,1200,SAT-1-0,-23.982043905308878,243.14902238064104,1200,right,0.0007507672997568636,3349000,5294.3620547988085
SAT-0-0,209.99839000002984,198.32141224807586,1200,SAT-7-0,-24.176951983321118,153.32141224807586,1200,left,0.0007530511278791204,3353000,5286.319498613732
SAT-0-0,209.99839000002984,198.32141224807586,1200,SAT-1-0,-24.176951983321118,243.32141224807586,1200,right,0.0007530511277316904,3353000,5286.319498613729
SAT-0-0,210.24891000002995,198.49432919927045,1200,SAT-7-0,-24.371665672834407,153.49432919927042,1200,left,0.0007553605902926892,3357000,5278.223880926569
SAT-0-0,210.24891000002995,198.49432919927045,1200,SAT-1-0,-24.371665672834407,243.49432919927042,1200,right,0.0007553605902926892,3357000,5278.223880926566
SAT-0-0,210.49943000003006,198.66777913292464,1200,SAT-7-0,-24.566182600872892,153.66777913292464,1200,left,0.0007576958529067786,3361000,5270.075577718987
SAT-0-0,210.49943000003006,198.66777913292464,1200,SAT-1-0,-24.566182600872892,243.66777913292464,1200,right,0.0007576958530533048,3361000,5270.075577718985
SAT-0-0,210.74995000003014,198.84176798596494,1200,SAT-7-0,-24.760500373118553,153.8417679859649,1200,left,0.0007600570832564968,3365000,5261.874968794167
SAT-0-0,210.74995000003014,198.84176798596494,1200,SAT-1-0,-24.760500373118553,243.8417679859649,1200,right,0.0007600570835486388,3365000,5261.874968794166
SAT-0-0,211.00047000003025,199.01630173385033,1200,SAT-7-0,-24.954616573622033,154.01630173385033,1200,left,0.0007624444501298478,3369000,5253.622437796562
SAT-0-0,211.00047000003025,199.01630173385033,1200,SAT-1-0,-24.954616573622033,244.01630173385033,1200,right,0.0007624444498386206,3369000,5253.622437796562
SAT-0-0,211.25099000003033,199.1913863908752,1200,SAT-7-0,-25.14852876451107,154.19138639087527,1200,left,0.000764858123055437,3373000,5245.31837223189
SAT-0-0,211.25099000003033,199.1913863908752,1200,SAT-1-0,-25.14852876451107,244.1913863908752,1200,right,0.0007648581226199746,3373000,5245.318372231887
SAT-0-0,211.50151000003044,199.36702801046792,1200,SAT-7-0,-25.3422344856956,154.36702801046792,1200,left,0.0007672982729564768,3377000,5236.963163487378
SAT-0-0,211.50151000003044,199.36702801046792,1200,SAT-1-0,-25.3422344856956,244.36702801046792,1200,right,0.0007672982728117843,3377000,5236.963163487376
SAT-0-0,211.75203000003052,199.54323268548552,1200,SAT-7-0,-25.535731254570372,154.54323268548558,1200,left,0.0007697650729356927,3381000,5228.557206852265
SAT-0-0,211.75203000003052,199.54323268548552,1200,SAT-1-0,-25.535731254570372,244.54323268548552,1200,right,0.0007697650730799215,3381000,5228.557206852265
SAT-0-0,212.00255000003062,199.72000654850453,1200,SAT-7-0,-25.72901656571437,154.72000654850453,1200,left,0.0007722586965999504,3385000,5220.1009015385525
SAT-0-0,212.00255000003062,199.72000654850453,1200,SAT-1-0,-25.72901656571437,244.72000654850453,1200,right,0.0007722586965999504,3385000,5220.100901538552
SAT-0-0,212.2530700000307,199.8973557721069,1200,SAT-7-0,-25.922087890587576,154.89735577210686,1200,left,0.0007747793189953876,3389000,5211.594650701994
SAT-0-0,212.2530700000307,199.8973557721069,1200,SAT-1-0,-25.922087890587576,244.89735577210686,1200,right,0.000774779319138683,3389000,5211.594650701993
SAT-0-0,212.5035900000308,200.07528656916125,1200,SAT-7-0,-26.11494267722452,155.07528656916128,1200,left,0.0007773271162380739,3393000,5203.03886146335
SAT-0-0,212.5035900000308,200.07528656916125,1200,SAT-1-0,-26.11494267722452,245.07528656916128,1200,right,0.0007773271166665511,3393000,5203.0388614633475
SAT-0-0,212.7541100000309,200.25380519309977,1200,SAT-7-0,-26.307578349925205,155.2538051930998,1200,left,0.0007799022660049695,3397000,5194.433944929885
SAT-0-0,212.7541100000309,200.25380519309977,1200,SAT-1-0,-26.307578349925205,245.2538051930998,1200,right,0.0007799022660049695,3397000,5194.433944929883
SAT-0-0,213.004630000031,200.43291793818887,1200,SAT-7-0,-26.499992308942783,155.4329179381889,1200,left,0.0007825049463115623,3401000,5185.78031621713
SAT-0-0,213.004630000031,200.43291793818887,1200,SAT-1-0,-26.499992308942783,245.4329179381889,1200,right,0.0007825049465953236,3401000,5185.7803162171285
SAT-0-0,213.25515000003108,200.6126311397953,1200,SAT-7-0,-26.692181930168534,155.6126311397953,1200,left,0.0007851353379893919,3405000,5177.078394470876
SAT-0-0,213.25515000003108,200.6126311397953,1200,SAT-1-0,-26.692181930168534,245.6126311397953,1200,right,0.0007851353379893919,3405000,5177.078394470875
SAT-0-0,213.5056700000312,200.79295117464585,1200,SAT-7-0,-26.88414456481359,155.79295117464585,1200,left,0.0007877936210529238,3409000,5168.328602889436
SAT-0-0,213.5056700000312,200.79295117464585,1200,SAT-1-0,-26.88414456481359,245.79295117464585,1200,right,0.0007877936210529238,3409000,5168.328602889434
SAT-0-0,213.75619000003127,200.9738844610815,1200,SAT-7-0,-27.075877539087973,155.9738844610815,1200,left,0.0007904799780206147,3413000,5159.531368746149
SAT-0-0,213.75619000003127,200.9738844610815,1200,SAT-1-0,-27.075877539087973,245.9738844610815,1200,right,0.0007904799778801655,3413000,5159.531368746148
SAT-0-0,214.00671000003138,201.15543745930464,1200,SAT-7-0,-27.267378153876347,156.15543745930466,1200,left,0.0007931945914290954,3417000,5150.687123412143
SAT-0-0,214.00671000003138,201.15543745930464,1200,SAT-1-0,-27.267378153876347,246.15543745930466,1200,right,0.0007931945911491583,3417000,5150.687123412139
SAT-0-0,214.25723000003146,201.33761667162022,1200,SAT-7-0,-27.458643684411076,156.33761667162025,1200,left,0.0007959376454421057,3421000,5141.796302379333
SAT-0-0,214.25723000003146,201.33761667162022,1200,SAT-1-0,-27.458643684411076,246.33761667162025,1200,right,0.0007959376450236472,3421000,5141.796302379332
SAT-0-0,214.50775000003156,201.52042864266943,1200,SAT-7-0,-27.649671379941925,156.5204286426695,1200,left,0.0007987093252014687,3425000,5132.859345283695
SAT-0-0,214.50775000003156,201.52042864266943,1200,SAT-1-0,-27.649671379941925,246.52042864266943,1200,right,0.0007987093256184752,3425000,5132.859345283694
SAT-0-0,214.75827000003164,201.70387995965638,1200,SAT-7-0,-27.840458463403174,156.70387995965632,1200,left,0.0008015098171599927,3429000,5123.876695928756
SAT-0-0,214.75827000003164,201.70387995965638,1200,SAT-1-0,-27.840458463403174,246.70387995965638,1200,right,0.0008015098172985092,3429000,5123.876695928754
SAT-0-0,215.00879000003175,201.88797725256677,1200,SAT-7-0,-28.03100213107724,156.88797725256674,1200,left,0.0008043393083021633,3433000,5114.84880230936
SAT-0-0,215.00879000003175,201.88797725256677,1200,SAT-1-0,-28.03100213107724,246.88797725256674,1200,right,0.0008043393083021633,3433000,5114.848802309358
SAT-0-0,215.25931000003183,202.07272719437927,1200,SAT-7-0,-28.221299552255786,157.0727271943793,1200,left,0.000807197986205501,3437000,5105.776116635662
SAT-0-0,215.25931000003183,202.07272719437927,1200,SAT-1-0,-28.221299552255786,247.0727271943793,1200,right,0.000807197986205501,3437000,5105.776116635661
SAT-0-0,215.50983000003194,202.25813650126744,1200,SAT-7-0,-28.4113478688974,157.25813650126747,1200,left,0.0008100860399221888,3441000,5096.659095357382
SAT-0-0,215.50983000003194,202.25813650126744,1200,SAT-1-0,-28.4113478688974,247.25813650126747,1200,right,0.0008100860399221888,3441000,5096.6590953573805
SAT-0-0,215.76035000003202,202.44421193279408,1200,SAT-7-0,-28.60114419528256,157.44421193279405,1200,left,0.000813003658519473,3445000,5087.498199188285
SAT-0-0,215.76035000003202,202.44421193279408,1200,SAT-1-0,-28.60114419528256,247.44421193279405,1200,right,0.0008130036586560312,3445000,5087.498199188285
SAT-0-0,216.01087000003213,202.63096029209538,1200,SAT-7-0,-28.790685617665375,157.63096029209538,1200,left,0.0008159510333242132,3449000,5078.293893130922
SAT-0-0,216.01087000003213,202.63096029209538,1200,SAT-1-0,-28.790685617665375,247.63096029209538,1200,right,0.000815951033460278,3449000,5078.293893130922
SAT-0-0,216.2613900000322,202.81838842605657,1200,SAT-7-0,-28.979969193922575,157.8183884260566,1200,left,0.0008189283546952167,3453000,5069.046646501599
SAT-0-0,216.2613900000322,202.81838842605657,1200,SAT-1-0,-28.979969193922575,247.81838842605657,1200,right,0.000818928354830787,3453000,5069.046646501597
SAT-0-0,216.51191000003232,203.00650322547656,1200,SAT-7-0,-29.168991953199207,158.00650322547662,1200,left,0.0008219358152132411,3457000,5059.756932955584
SAT-0-0,216.51191000003232,203.00650322547656,1200,SAT-1-0,-29.168991953199207,248.00650322547656,1200,right,0.0008219358152132411,3457000,5059.756932955583
SAT-0-0,216.7624300000324,203.1953116252234,1200,SAT-7-0,-29.35775089555169,158.1953116252234,1200,left,0.0008249736067446527,3461000,5050.4252305125565
SAT-0-0,216.7624300000324,203.1953116252234,1200,SAT-1-0,-29.35775089555169,248.1953116252234,1200,right,0.0008249736066100759,3461000,5050.425230512554
SAT-0-0,217.0129500000325,203.38482060437775,1200,SAT-7-0,-29.546242991587572,158.3848206043777,1200,left,0.000828041923065905,3465000,5041.052021582284
SAT-0-0,217.0129500000325,203.38482060437775,1200,SAT-1-0,-29.546242991587572,248.38482060437775,1200,right,0.0008280419227977488,3465000,5041.052021582283
SAT-0-0,217.26347000003258,203.57503718636613,1200,SAT-7-0,-29.734465182102667,158.57503718636616,1200,left,0.0008311409572197034,3469000,5031.637792990532
SAT-0-0,217.26347000003258,203.57503718636613,1200,SAT-1-0,-29.734465182102667,248.57503718636616,1200,right,0.0008311409572197034,3469000,5031.637792990531
SAT-0-0,217.5139900000327,203.7659684390818,1200,SAT-7-0,-29.922414377714933,158.7659684390818,1200,left,0.0008342709035868771,3473000,5022.183036005206
SAT-0-0,217.5139900000327,203.7659684390818,1200,SAT-1-0,-29.922414377714933,248.7659684390818,1200,right,0.0008342709039861082,3473000,5022.183036005205
SAT-0-0,217.76451000003277,203.9576214749938,1200,SAT-7-0,-30.11008745849571,158.95762147499383,1200,left,0.0008374319575249418,3477000,5012.68824636269
SAT-0-0,217.76451000003277,203.9576214749938,1200,SAT-1-0,-30.11008745849571,248.95762147499383,1200,right,0.0008374319573923671,3477000,5012.688246362689
SAT-0-0,218.01503000003288,204.1500034512432,1200,SAT-7-0,-30.29748127359787,159.1500034512432,1200,left,0.0008406243131647107,3481000,5003.15392429445
SAT-0-0,218.01503000003288,204.1500034512432,1200,SAT-1-0,-30.29748127359787,249.1500034512432,1200,right,0.0008406243132967821,3481000,5003.153924294449
SAT-0-0,218.26555000003296,204.34312156972632,1200,SAT-7-0,-30.484592640881235,159.34312156972626,1200,left,0.0008438481665190848,3485000,4993.580574553815
SAT-0-0,218.26555000003296,204.34312156972632,1200,SAT-1-0,-30.484592640881235,249.34312156972632,1200,right,0.0008438481665190848,3485000,4993.580574553814
SAT-0-0,218.51607000003307,204.53698307716382,1200,SAT-7-0,-30.67141834653505,159.53698307716388,1200,left,0.0008471037130158314,3489000,4983.968706442989
SAT-0-0,218.51607000003307,204.53698307716382,1200,SAT-1-0,-30.67141834653505,249.53698307716382,1200,right,0.0008471037130158314,3489000,4983.968706442988
SAT-0-0,218.76659000003315,204.7315952651564,1200,SAT-7-0,-30.857955144697726,159.7315952651564,1200,left,0.0008503911488721658,3493000,4974.318833840268
SAT-0-0,218.76659000003315,204.7315952651564,1200,SAT-1-0,-30.857955144697726,249.7315952651564,1200,right,0.0008503911484805027,3493000,4974.318833840267
SAT-0-0,219.01711000003326,204.92696547022481,1200,SAT-7-0,-31.044199757073745,159.92696547022476,1200,left,0.000853710669316021,3497000,4964.631475227453
SAT-0-0,219.01711000003326,204.92696547022481,1200,SAT-1-0,-31.044199757073745,249.92696547022481,1200,right,0.0008537106691859742,3497000,4964.631475227453
SAT-0-0,219.26763000003334,205.1231010738353,1200,SAT-7-0,-31.23014887254784,160.12310107383533,1200,left,0.0008570624711229228,3501000,4954.907153717467
SAT-0-0,219.26763000003334,205.1231010738353,1200,SAT-1-0,-31.23014887254784,250.12310107383533,1200,right,0.0008570624711229228,3501000,4954.907153717465
SAT-0-0,219.51815000003344,205.32000950240848,1200,SAT-7-0,-31.415799146796527,160.32000950240848,1200,left,0.0008604467505771065,3505000,4945.14639708216
SAT-0-0,219.51815000003344,205.32000950240848,1200,SAT-1-0,-31.415799146796527,250.32000950240848,1200,right,0.0008604467505771065,3505000,4945.146397082161
SAT-0-0,219.76867000003352,205.51769822731228,1200,SAT-7-0,-31.601147201896815,160.51769822731225,1200,left,0.000863863703664514,3509000,4935.349737780314
SAT-0-0,219.76867000003352,205.51769822731228,1200,SAT-1-0,-31.601147201896815,250.51769822731225,1200,right,0.0008638637035359956,3509000,4935.349737780312
SAT-0-0,220.01919000003363,205.7161747648375,1200,SAT-7-0,-31.786189625932597,160.71617476483746,1200,left,0.0008673135260050024,3513000,4925.517712985793
SAT-0-0,220.01919000003363,205.7161747648375,1200,SAT-1-0,-31.786189625932597,250.71617476483746,1200,right,0.0008673135257489882,3513000,4925.517712985791
SAT-0-0,220.2697100000337,205.91544667615534,1200,SAT-7-0,-31.970922972598053,160.9154466761553,1200,left,0.0008707964134233842,3517000,4915.650864615917
SAT-0-0,220.2697100000337,205.91544667615534,1200,SAT-1-0,-31.970922972598053,250.9154466761553,1200,right,0.0008707964138058696,3517000,4915.650864615917
SAT-0-0,220.52023000003382,206.11552156725733,1200,SAT-7-0,-32.15534376079905,161.1155215672573,1200,left,0.0008743125614905974,3521000,4905.749739359955
SAT-0-0,220.52023000003382,206.11552156725733,1200,SAT-1-0,-32.15534376079905,251.1155215672573,1200,right,0.0008743125618715447,3521000,4905.749739359954
SAT-0-0,220.7707500000339,206.31640708887522,1200,SAT-7-0,-32.3394484742515,161.3164070888752,1200,left,0.0008778621660872068,3525000,4895.814888707807
SAT-0-0,220.7707500000339,206.31640708887522,1200,SAT-1-0,-32.3394484742515,251.3164070888752,1200,right,0.0008778621657077999,3525000,4895.814888707807
SAT-0-0,221.021270000034,206.51811093638193,1200,SAT-7-0,-32.52323356107796,161.5181109363819,1200,left,0.0008814454200482699,3529000,4885.846868978824
SAT-0-0,221.021270000034,206.51811093638193,1200,SAT-1-0,-32.52323356107796,251.5181109363819,1200,right,0.0008814454203001797,3529000,4885.846868978823
SAT-0-0,221.2717900000341,206.72064084967155,1200,SAT-7-0,-32.7066954334013,161.7206408496716,1200,left,0.0008850625187961122,3533000,4875.846241350779
SAT-0-0,221.2717900000341,206.72064084967155,1200,SAT-1-0,-32.7066954334013,251.72064084967155,1200,right,0.0008850625189215524,3533000,4875.846241350778
SAT-0-0,221.5223100000342,206.9240046130185,1200,SAT-7-0,-32.889830466936615,161.92400461301855,1200,left,0.0008887136553418926,3537000,4865.813571888962
SAT-0-0,221.5223100000342,206.9240046130185,1200,SAT-1-0,-32.889830466936615,251.9240046130185,1200,right,0.0008887136553418926,3537000,4865.813571888961
SAT-0-0,221.77283000003428,207.12821005491452,1200,SAT-7-0,-33.072635000580505,162.12821005491452,1200,left,0.0008923990223760117,3541000,4855.749431575414
SAT-0-0,221.77283000003428,207.12821005491452,1200,SAT-1-0,-33.072635000580505,252.12821005491452,1200,right,0.0008923990221271941,3541000,4855.749431575412
SAT-0-0,222.02335000003438,207.33326504788343,1200,SAT-7-0,-33.255105335998685,162.33326504788346,1200,left,0.0008961188115817878,3545000,4845.654396338259
SAT-0-0,222.02335000003438,207.33326504788343,1200,SAT-1-0,-33.255105335998685,252.33326504788346,1200,right,0.0008961188115817878,3545000,4845.654396338258
SAT-0-0,222.2738700000345,207.53917750827188,1200,SAT-7-0,-33.43723773721114,162.5391775082719,1200,left,0.0008998732133362092,3549000,4835.529047081169
SAT-0-0,222.2738700000345,207.53917750827188,1200,SAT-1-0,-33.43723773721114,252.53917750827188,1200,right,0.0008998732133362092,3549000,4835.529047081168
SAT-0-0,222.52439000003457,207.74595539601634,1200,SAT-7-0,-33.619028430175746,162.7459553960163,1200,left,0.0009036624188755516,3553000,4825.373969712883
SAT-0-0,222.52439000003457,207.74595539601634,1200,SAT-1-0,-33.619028430175746,252.7459553960163,1200,right,0.0009036624188755516,3553000,4825.373969712884
SAT-0-0,222.77491000003468,207.95360671438496,1200,SAT-7-0,-33.80047360236966,162.953606714385,1200,left,0.0009074866153108429,3557000,4815.189755176856
SAT-0-0,222.77491000003468,207.95360671438496,1200,SAT-1-0,-33.80047360236966,252.953606714385,1200,right,0.0009074866149438216,3557000,4815.189755176854
SAT-0-0,223.02543000003476,208.1621395096935,1200,SAT-7-0,-33.9815694023693,163.16213950969347,1200,left,0.0009113459905148731,3561000,4804.976999480937
SAT-0-0,223.02543000003476,208.1621395096935,1200,SAT-1-0,-33.9815694023693,253.16213950969347,1200,right,0.0009113459905148731,3561000,4804.976999480936
SAT-0-0,223.27595000003487,208.3715618709944,1200,SAT-7-0,-34.16231193942844,163.37156187099444,1200,left,0.0009152407307294852,3565000,4794.736303727142
SAT-0-0,223.27595000003487,208.3715618709944,1200,SAT-1-0,-34.16231193942844,253.37156187099444,1200,right,0.0009152407306081813,3565000,4794.736303727141
SAT-0-0,223.52647000003495,208.5818819297388,1200,SAT-7-0,-34.34269728305495,163.5818819297388,1200,left,0.0009191710199244229,3569000,4784.46827414145
SAT-0-0,223.52647000003495,208.5818819297388,1200,SAT-1-0,-34.34269728305495,253.5818819297388,1200,right,0.0009191710199244229,3569000,4784.468274141449
SAT-0-0,223.77699000003506,208.79310785940925,1200,SAT-7-0,-34.522721462585906,163.79310785940922,1200,left,0.000923137041097531,3573000,4774.173522103645
SAT-0-0,223.77699000003506,208.79310785940925,1200,SAT-1-0,-34.522721462585906,253.79310785940922,1200,right,0.0009231370412177973,3573000,4774.173522103643
SAT-0-0,224.02751000003514,209.00524787512373,1200,SAT-7-0,-34.702380466761674,164.00524787512376,1200,left,0.0009271389753867796,3577000,4763.852664177167
SAT-0-0,224.02751000003514,209.00524787512373,1200,SAT-1-0,-34.702380466761674,254.00524787512376,1200,right,0.0009271389753867796,3577000,4763.852664177165
SAT-0-0,224.27803000003524,209.21831023320902,1200,SAT-7-0,-34.88167024329854,164.218310233209,1200,left,0.0009311770016825059,3581000,4753.506322138977
SAT-0-0,224.27803000003524,209.21831023320902,1200,SAT-1-0,-34.88167024329854,254.218310233209,1200,right,0.000931177001563278,3581000,4753.5063221389755
SAT-0-0,224.52855000003532,209.43230323074292,1200,SAT-7-0,-35.06058669846056,164.43230323074286,1200,left,0.0009352512969627655,3585000,4743.135123009405
SAT-0-0,224.52855000003532,209.43230323074292,1200,SAT-1-0,-35.06058669846056,254.43230323074292,1200,right,0.000935251297081474,3585000,4743.135123009403
SAT-0-0,224.77907000003543,209.64723520506368,1200,SAT-7-0,-35.23912569663026,164.6472352050637,1200,left,0.0009393620360298932,3589000,4732.739699081974
SAT-0-0,224.77907000003543,209.64723520506368,1200,SAT-1-0,-35.23912569663026,254.6472352050637,1200,right,0.0009393620360298932,3589000,4732.7396990819725
SAT-0-0,225.0295900000355,209.86311453324723,1200,SAT-7-0,-35.41728305987885,164.8631145332472,1200,left,0.0009435093917254637,3593000,4722.320687953172
SAT-0-0,225.0295900000355,209.86311453324723,1200,SAT-1-0,-35.41728305987885,254.8631145332472,1200,right,0.0009435093918431333,3593000,4722.32068795317
SAT-0-0,225.28011000003562,210.07994963154877,1200,SAT-7-0,-35.59505456753557,165.07994963154874,1200,left,0.0009476935333832444,3597000,4711.878732552179
SAT-0-0,225.28011000003562,210.07994963154877,1200,SAT-1-0,-35.59505456753557,255.07994963154874,1200,right,0.0009476935333832444,3597000,4711.878732552178
SAT-0-0,225.5306300000357,210.29774895481023,1200,SAT-7-0,-35.77243595575692,165.2977489548102,1200,left,0.0009519146292895676,3601000,4701.414481170486
SAT-0-0,225.5306300000357,210.29774895481023,1200,SAT-1-0,-35.77243595575692,255.2977489548102,1200,right,0.0009519146295228287,3601000,4701.414481170486
SAT-0-0,225.7811500000358,210.51652099583043,1200,SAT-7-0,-35.94942291709517,165.5165209958304,1200,left,0.0009561728433902462,3605000,4690.928587491454
SAT-0-0,225.7811500000358,210.51652099583043,1200,SAT-1-0,-35.94942291709517,255.5165209958304,1200,right,0.0009561728430419129,3605000,4690.928587491452
SAT-0-0,226.0316700000359,210.73627428469834,1200,SAT-7-0,-36.12601110006736,165.73627428469837,1200,left,0.0009604683371722081,3609000,4680.421710619707
SAT-0-0,226.0316700000359,210.73627428469834,1200,SAT-1-0,-36.12601110006736,255.73627428469837,1200,right,0.0009604683370566163,3609000,4680.421710619705
SAT-0-0,226.282190000036,210.95701738808728,1200,SAT-7-0,-36.302196108723834,165.95701738808725,1200,left,0.0009648012694253517,3613000,4669.894515110429
SAT-0-0,226.282190000036,210.95701738808728,1200,SAT-1-0,-36.302196108723834,255.95701738808725,1200,right,0.0009648012694253517,3613000,4669.894515110427
SAT-0-0,226.53271000003608,211.17875890850985,1200,SAT-7-0,-36.47797350221746,166.1787589085099,1200,left,0.0009691717950955688,3617000,4659.347670998471
SAT-0-0,226.53271000003608,211.17875890850985,1200,SAT-1-0,-36.47797350221746,256.17875890850985,1200,right,0.000969171794981015,3617000,4659.347670998471
SAT-0-0,226.78323000003618,211.40150748353145,1200,SAT-7-0,-36.6533387943731,166.40150748353145,1200,left,0.0009735800658807564,3621000,4648.781853827284
SAT-0-0,226.78323000003618,211.40150748353145,1200,SAT-1-0,-36.6533387943731,256.4015074835314,1200,right,0.000973580065538651,3621000,4648.781853827284
SAT-0-0,227.03375000003626,211.6252717849422,1200,SAT-7-0,-36.82828745325793,166.62527178494219,1200,left,0.0009780262293368292,3625000,4638.197744677645
SAT-0-0,227.03375000003626,211.6252717849422,1200,SAT-1-0,-36.82828745325793,256.6252717849422,1200,right,0.0009780262294503458,3625000,4638.197744677643
SAT-0-0,227.28427000003637,211.85006051788534,1200,SAT-7-0,-37.00281490075249,166.85006051788528,1200,left,0.000982510430269829,3629000,4627.596030196149
SAT-0-0,227.28427000003637,211.85006051788534,1200,SAT-1-0,-37.00281490075249,256.8500605178853,1200,right,0.000982510430269829,3629000,4627.596030196147
SAT-0-0,227.53479000003645,212.07588241994117,1200,SAT-7-0,-37.17691651212318,167.07588241994114,1200,left,0.0009870328082675853,3633000,4616.977402623444
SAT-0-0,227.53479000003645,212.07588241994117,1200,SAT-1-0,-37.17691651212318,257.07588241994114,1200,right,0.0009870328080426236,3633000,4616.977402623443
SAT-0-0,227.78531000003656,212.30274626016532,1200,SAT-7-0,-37.35058761559571,167.3027462601653,1200,left,0.0009915934987717358,3637000,4606.342559822193
SAT-0-0,227.78531000003656,212.30274626016532,1200,SAT-1-0,-37.35058761559571,257.3027462601653,1200,right,0.0009915934985478088,3637000,4606.342559822193
SAT-0-0,228.03583000003664,212.53066083808014,1200,SAT-7-0,-37.52382349193062,167.5306608380801,1200,left,0.0009961926333427369,3641000,4595.692205304705
SAT-0-0,228.03583000003664,212.53066083808014,1200,SAT-1-0,-37.52382349193062,257.5306608380801,1200,right,0.0009961926334541835,3641000,4595.692205304703
SAT-0-0,228.28635000003675,212.75963498261746,1200,SAT-7-0,-37.69661937400029,167.75963498261743,1200,left,0.0010008303385885466,3645000,4585.02704826025
SAT-0-0,228.28635000003675,212.75963498261746,1200,SAT-1-0,-37.69661937400029,257.75963498261746,1200,right,0.0010008303384776162,3645000,4585.027048260248
SAT-0-0,228.53687000003683,212.9896775510123,1200,SAT-7-0,-37.86897044636842,167.98967755101233,1200,left,0.0010055067360085748,3649000,4574.34780358199
SAT-0-0,228.53687000003683,212.9896775510123,1200,SAT-1-0,-37.86897044636842,257.98967755101233,1200,right,0.0010055067360085748,3649000,4574.347803581988
SAT-0-0,228.78739000003694,213.22079742764518,1200,SAT-7-0,-38.04087184487161,168.22079742764515,1200,left,0.001010221942064486,3653000,4563.6551918935265
SAT-0-0,228.78739000003694,213.22079742764518,1200,SAT-1-0,-38.04087184487161,258.22079742764515,1200,right,0.001010221942284284,3653000,4563.6551918935265
SAT-0-0,229.03791000003702,213.45300352283272,1200,SAT-7-0,-38.21231865620401,168.45300352283274,1200,left,0.0010149760682517932,3657000,4552.949939575006
SAT-0-0,229.03791000003702,213.45300352283272,1200,SAT-1-0,-38.21231865620401,258.4530035228328,1200,right,0.0010149760679236408,3657000,4552.949939575004
SAT-0-0,229.2884300000371,213.686304771564,1200,SAT-7-0,-38.38330591750456,168.68630477156407,1200,left,0.00101976921953913,3661000,4542.2327787887725
SAT-0-0,229.2884300000371,213.686304771564,1200,SAT-1-0,-38.38330591750456,258.68630477156404,1200,right,0.00101976921953913,3661000,4542.232778788771
SAT-0-0,229.53895000003715,213.92071013218268,1200,SAT-7-0,-38.553828615948014,168.9207101321827,1200,left,0.0010246014958883861,3665000,4531.504447504517
SAT-0-0,229.53895000003715,213.92071013218268,1200,SAT-1-0,-38.553828615948014,258.92071013218265,1200,right,0.0010246014958883861,3665000,4531.504447504517
SAT-0-0,229.7894700000372,214.156228585012,1200,SAT-7-0,-38.723881688339134,169.156228585012,1200,left,0.001029472990715666,3669000,4520.7656895239115
SAT-0-0,229.7894700000372,214.156228585012,1200,SAT-1-0,-38.723881688339134,259.156228585012,1200,right,0.0010294729909313537,3669000,4520.7656895239115
SAT-0-0,230.03999000003725,214.39286913092266,1200,SAT-7-0,-38.893460020711224,169.39286913092263,1200,left,0.0010343837918674673,3673000,4510.017254504658
SAT-0-0,230.03999000003725,214.39286913092266,1200,SAT-1-0,-38.893460020711224,259.39286913092263,1200,right,0.0010343837917601354,3673000,4510.017254504657
SAT-0-0,230.2905100000373,214.630640789841,1200,SAT-7-0,-39.062558447928666,169.630640789841,1200,left,0.0010393339792611515,3677000,4499.259897983946
SAT-0-0,230.2905100000373,214.630640789841,1200,SAT-1-0,-39.062558447928666,259.630640789841,1200,right,0.001039333979688434,3677000,4499.259897983945
SAT-0-0,230.54103000003735,214.86955259919665,1200,SAT-7-0,-39.23117175329442,169.86955259919668,1200,left,0.0010443236273800919,3681000,4488.494381401273
SAT-0-0,230.54103000003735,214.86955259919665,1200,SAT-1-0,-39.23117175329442,259.8695525991967,1200,right,0.0010443236274864022,3681000,4488.494381401272
SAT-0-0,230.79155000003743,215.10961361230804,1200,SAT-7-0,-39.3992946681623,170.1096136123081,1200,left,0.0010493528020940393,3685000,4477.72147212057
SAT-0-0,230.79155000003743,215.10961361230804,1200,SAT-1-0,-39.3992946681623,260.10961361230807,1200,right,0.0010493528020940393,3685000,4477.721472120568
SAT-0-0,231.04207000003748,215.35083289670442,1200,SAT-7-0,-39.56692187155482,170.3508328967044,1200,left,0.0010544215632599771,3689000,4466.941943451612
SAT-0-0,231.04207000003748,215.35083289670442,1200,SAT-1-0,-39.56692187155482,260.3508328967044,1200,right,0.001054421563154685,3689000,4466.941943451611
SAT-0-0,231.29259000003753,215.59321953238236,1200,SAT-7-0,-39.73404798978679,170.59321953238236,1200,left,0.0010595299619085101,3693000,4456.156574670667
SAT-0-0,231.29259000003753,215.59321953238236,1200,SAT-1-0,-39.73404798978679,260.59321953238236,1200,right,0.0010595299619085101,3693000,4456.156574670666
SAT-0-0,231.5431100000376,215.8367826099962,1200,SAT-7-0,-39.90066759609515,170.8367826099962,1200,left,0.0010646780415820424,3697000,4445.36615104033
SAT-0-0,231.5431100000376,215.8367826099962,1200,SAT-1-0,-39.90066759609515,260.8367826099962,1200,right,0.0010646780419991536,3697000,4445.366151040329
SAT-0-0,231.79363000003764,216.0815312289797,1200,SAT-7-0,-40.066775210275395,171.0815312289797,1200,left,0.0010698658379785506,3701000,4434.571463828506
SAT-0-0,231.79363000003764,216.0815312289797,1200,SAT-1-0,-40.066775210275395,261.0815312289797,1200,right,0.0010698658375634617,3701000,4434.571463828505
SAT-0-0,232.0441500000377,216.3274744955987,1200,SAT-7-0,-40.232365298325185,171.32747449559872,1200,left,0.0010750933768543306,3705000,4423.773310326501
SAT-0-0,232.0441500000377,216.3274744955987,1200,SAT-1-0,-40.232365298325185,261.3274744955987,1200,right,0.0010750933766477953,3705000,4423.773310326499
SAT-0-0,232.29467000003777,216.57462152093186,1200,SAT-7-0,-40.39743227209524,171.57462152093188,1200,left,0.0010803606764112693,3709000,4412.972493866141
SAT-0-0,232.29467000003777,216.57462152093186,1200,SAT-1-0,-40.39743227209524,261.5746215209318,1200,right,0.0010803606760002127,3709000,4412.97249386614
SAT-0-0,232.54519000003782,216.82298141877922,1200,SAT-7-0,-40.56197048894854,171.82298141877925,1200,left,0.001085667744199678,3713000,4402.169823835932
SAT-0-0,232.54519000003782,216.82298141877922,1200,SAT-1-0,-40.56197048894854,261.8229814187792,1200,right,0.0010856677444042015,3713000,4402.169823835931
SAT-0-0,232.79571000003787,217.07256330349622,1200,SAT-7-0,-40.7259742514277,172.07256330349628,1200,left,0.0010910145804254826,3717000,4391.366115696135
SAT-0-0,232.79571000003787,217.07256330349622,1200,SAT-1-0,-40.7259742514277,262.0725633034962,1200,right,0.0010910145804254826,3717000,4391.366115696133
SAT-0-0,233.04623000003792,217.32337628775184,1200,SAT-7-0,-40.88943780693142,172.32337628775184,1200,left,0.0010964011728623441,3721000,4380.562190992761
SAT-0-0,233.04623000003792,217.32337628775184,1200,SAT-1-0,-40.88943780693142,262.32337628775184,1200,right,0.0010964011728623441,3721000,4380.562190992761
SAT-0-0,233.29675000003797,217.57542948020935,1200,SAT-7-0,-41.05235534740038,172.57542948020938,1200,left,0.0011018275005836283,3725000,4369.758877370411
SAT-0-0,233.29675000003797,217.57542948020935,1200,SAT-1-0,-41.05235534740038,262.5754294802094,1200,right,0.0011018275007851524,3725000,4369.758877370411
SAT-0-0,233.54727000003803,217.82873198312805,1200,SAT-7-0,-41.214721009013125,172.82873198312805,1200,left,0.0011072935318754502,3729000,4358.957008583899
SAT-0-0,233.54727000003803,217.82873198312805,1200,SAT-1-0,-41.214721009013125,262.8287319831281,1200,right,0.001107293531674921,3729000,4358.957008583899
SAT-0-0,233.79779000003808,218.08329288988472,1200,SAT-7-0,-41.376528871892376,173.08329288988472,1200,left,0.0011127992234135468,3733000,4348.157424508617
SAT-0-0,233.79779000003808,218.08329288988472,1200,SAT-1-0,-41.376528871892376,263.0832928898847,1200,right,0.0011127992233137783,3733000,4348.157424508616
SAT-0-0,234.04831000003816,218.33912128241255,1200,SAT-7-0,-41.53777295982254,173.33912128241255,1200,left,0.0011183445209594785,3737000,4337.360971149566
SAT-0-0,234.04831000003816,218.33912128241255,1200,SAT-1-0,-41.53777295982254,263.3391212824126,1200,right,0.001118344521158026,3737000,4337.360971149564
SAT-0-0,234.2988300000382,218.59622622855687,1200,SAT-7-0,-41.698447239978684,173.59622622855687,1200,left,0.001123929358560488,3741000,4326.568500649014
SAT-0-0,234.2988300000382,218.59622622855687,1200,SAT-1-0,-41.698447239978684,263.5962262285569,1200,right,0.0011239293587580492,3741000,4326.568500649013
SAT-0-0,234.54935000003826,218.85461677934563,1200,SAT-7-0,-41.85854562266793,173.85461677934558,1200,left,0.0011295536591550135,3745000,4315.780871292702
SAT-0-0,234.54935000003826,218.85461677934563,1200,SAT-1-0,-41.85854562266793,263.85461677934563,1200,right,0.0011295536589584361,3745000,4315.780871292702
SAT-0-0,234.7998700000383,219.11430196617286,1200,SAT-7-0,-42.01806196108346,174.1143019661728,1200,left,0.0011352173312542174,3749000,4304.99894751454
SAT-0-0,234.7998700000383,219.11430196617286,1200,SAT-1-0,-42.01806196108346,264.1143019661729,1200,right,0.001135217331449814,3749000,4304.9989475145385
SAT-0-0,235.05039000003836,219.37529079789445,1200,SAT-7-0,-42.176990051072025,174.3752907978945,1200,left,0.0011409202725404066,3753000,4294.223599899727
SAT-0-0,235.05039000003836,219.37529079789445,1200,SAT-1-0,-42.176990051072025,264.3752907978944,1200,right,0.0011409202725404066,3753000,4294.223599899727
SAT-0-0,235.3009100000384,219.6375922578339,1200,SAT-7-0,-42.33532363091563,174.63759225783394,1200,left,0.001146662366006193,3757000,4283.45570518624
SAT-0-0,235.3009100000384,219.6375922578339,1200,SAT-1-0,-42.33532363091563,264.6375922578339,1200,right,0.001146662366199837,3757000,4283.45570518624
SAT-0-0,235.5514300000385,219.90121530069692,1200,SAT-7-0,-42.49305638112771,174.90121530069692,1200,left,0.001152443482188153,3761000,4272.696146264609
SAT-0-0,235.5514300000385,219.90121530069692,1200,SAT-1-0,-42.49305638112771,264.90121530069695,1200,right,0.001152443482380826,3761000,4272.696146264607
SAT-0-0,235.80195000003854,220.16616884939359,1200,SAT-7-0,-42.65018192426482,175.16616884939359,1200,left,0.0011582634765478425,3765000,4261.945812175901
SAT-0-0,235.80195000003854,220.16616884939359,1200,SAT-1-0,-42.65018192426482,265.1661688493936,1200,right,0.00115826347645199,3765000,4261.9458121759
SAT-0-0,236.0524700000386,220.43246179176623,1200,SAT-7-0,-42.806693824754376,175.43246179176623,1200,left,0.0011641221912296437,3769000,4251.205598107886
SAT-0-0,236.0524700000386,220.43246179176623,1200,SAT-1-0,-42.806693824754376,265.43246179176623,1200,right,0.0011641221911342738,3769000,4251.205598107885
SAT-0-0,236.30299000003865,220.7001029772221,1200,SAT-7-0,-42.96258558873907,175.70010297722212,1200,left,0.0011700194521231965,3773000,4240.476405389252
SAT-0-0,236.30299000003865,220.7001029772221,1200,SAT-1-0,-42.96258558873907,265.7001029772221,1200,right,0.001170019452312975,3773000,4240.47640538925
SAT-0-0,236.5535100000387,220.969101213269,1200,SAT-7-0,-43.11785066393877,175.96910121326906,1200,left,0.0011759550714025247,3777000,4229.759141481831
SAT-0-0,236.5535100000387,220.969101213269,1200,SAT-1-0,-43.11785066393877,265.96910121326897,1200,right,0.0011759550715913455,3777000,4229.75914148183
SAT-0-0,236.80403000003875,221.2394652619529,1200,SAT-7-0,-43.27248243953069,176.23946526195286,1200,left,0.0011819288444537774,3781000,4219.054719970762
SAT-0-0,236.80403000003875,221.2394652619529,1200,SAT-1-0,-43.27248243953069,266.23946526195283,1200,right,0.0011819288444537774,3781000,4219.054719970761
SAT-0-0,237.05455000003883,221.51120383619593,1200,SAT-7-0,-43.42647424604835,176.511203836196,1200,left,0.0011879405506408887,3785000,4208.364060552486
SAT-0-0,237.05455000003883,221.51120383619593,1200,SAT-1-0,-43.42647424604835,266.51120383619593,1200,right,0.0011879405508278043,3785000,4208.364060552484
SAT-0-0,237.30507000003888,221.78432559603414,1200,SAT-7-0,-43.57981935530038,176.78432559603408,1200,left,0.0011939899534977219,3789000,4197.688089020533
SAT-0-0,237.30507000003888,221.78432559603414,1200,SAT-1-0,-43.57981935530038,266.78432559603414,1200,right,0.0011939899534977219,3789000,4197.688089020532
SAT-0-0,237.55559000003893,222.0588391447527,1200,SAT-7-0,-43.73251098030965,177.05883914475268,1200,left,0.0012000767982386583,3793000,4187.027737248971
SAT-0-0,237.55559000003893,222.0588391447527,1200,SAT-1-0,-43.73251098030965,267.0588391447527,1200,right,0.0012000767982386583,3793000,4187.02773724897
SAT-0-0,237.80611000003898,222.33475302491863,1200,SAT-7-0,-43.884542275273844,177.3347530249186,1200,left,0.0012062008140461356,3797000,4176.383943173487
SAT-0-0,237.80611000003898,222.33475302491863,1200,SAT-1-0,-43.884542275273844,267.3347530249186,1200,right,0.0012062008140461356,3797000,4176.383943173486
SAT-0-0,238.05663000003904,222.6120757143091,1200,SAT-7-0,-44.03590633554795,177.6120757143091,1200,left,0.0012123617109849843,3801000,4165.757650769965
SAT-0-0,238.05663000003904,222.6120757143091,1200,SAT-1-0,-44.03590633554795,267.6120757143091,1200,right,0.0012123617109849843,3801000,4165.757650769964
SAT-0-0,238.3071500000391,222.8908156217347,1200,SAT-7-0,-44.186596197649784,177.8908156217347,1200,left,0.0012185591816642062,3805000,4155.149810030527
SAT-0-0,238.3071500000391,222.8908156217347,1200,SAT-1-0,-44.186596197649784,267.8908156217347,1200,right,0.0012185591814819871,3805000,4155.149810030526
SAT-0-0,238.55767000003914,223.17098108275655,1200,SAT-7-0,-44.336604839289144,178.17098108275655,1200,left,0.001224792898958135,3809000,4144.561376936897
SAT-0-0,238.55767000003914,223.17098108275655,1200,SAT-1-0,-44.336604839289144,268.17098108275655,1200,right,0.0012247928987768435,3809000,4144.561376936896
SAT-0-0,238.80819000003922,223.4525803552965,1200,SAT-7-0,-44.48592517942173,178.45258035529653,1200,left,0.0012310625166900924,3813000,4133.99331343104
SAT-0-0,238.80819000003922,223.4525803552965,1200,SAT-1-0,-44.48592517942173,268.4525803552965,1200,right,0.001231062516509724,3813000,4133.99331343104
SAT-0-0,239.05871000003927,223.7356216151392,1200,SAT-7-0,-44.634550078328324,178.73562161513917,1200,left,0.0012373676694056453,3817000,4123.446587382973
SAT-0-0,239.05871000003927,223.7356216151392,1200,SAT-1-0,-44.634550078328324,268.73562161513917,1200,right,0.0012373676692261962,3817000,4123.446587382972
SAT-0-0,239.30923000003932,224.02011295132613,1200,SAT-7-0,-44.782472337720584,179.02011295132618,1200,left,0.0012437079709102892,3821000,4112.922172555635
SAT-0-0,239.30923000003932,224.02011295132613,1200,SAT-1-0,-44.782472337720584,269.02011295132615,1200,right,0.0012437079709102892,3821000,4112.9221725556345
SAT-0-0,239.55975000003937,224.30606236143998,1200,SAT-7-0,-44.92968470087383,179.30606236144,1200,left,0.001250083014279956,3825000,4102.421048566771
SAT-0-0,239.55975000003937,224.30606236143998,1200,SAT-1-0,-44.92968470087383,269.30606236144,1200,right,0.001250083014279956,3825000,4102.42104856677
SAT-0-0,239.81027000003942,224.59347774677954,1200,SAT-7-0,-45.07617985278832,179.59347774677954,1200,left,0.0012564923710834234,3829000,4091.9442008476835
SAT-0-0,239.81027000003942,224.59347774677954,1200,SAT-1-0,-45.07617985278832,269.5934777467795,1200,right,0.0012564923710834234,3829000,4091.9442008476817
SAT-0-0,240.06079000003947,224.88236690742437,1200,SAT-7-0,-45.22195042037931,179.8823669074244,1200,left,0.0012629355918664072,3833000,4081.4926205987845
SAT-0-0,240.06079000003947,224.88236690742437,1200,SAT-1-0,-45.22195042037931,269.88236690742434,1200,right,0.0012629355919543154,3833000,4081.492620598783
SAT-0-0,240.31131000003955,225.17273753718877,1200,SAT-7-0,-45.36698897269741,180.1727375371887,1200,left,0.0012694122046164658,3837000,4071.0673047418613
SAT-0-0,240.31131000003955,225.17273753718877,1200,SAT-1-0,-45.36698897269741,270.17273753718877,1200,right,0.0012694122045290063,3837000,4071.067304741859
SAT-0-0,240.5618300000396,225.46459721846526,1200,SAT-7-0,-45.51128802117981,180.46459721846523,1200,left,0.0012759217144127767,3841000,4060.6692558689174
SAT-0-0,240.5618300000396,225.46459721846526,1200,SAT-1-0,-45.51128802117981,270.46459721846526,1200,right,0.0012759217144127767,3841000,4060.669255868917
SAT-0-0,240.81235000003966,225.75795341695698,1200,SAT-7-0,-45.65484001993349,180.75795341695695,1200,left,0.0012824636034398959,3845000,4050.299482187541
SAT-0-0,240.81235000003966,225.75795341695698,1200,SAT-1-0,-45.65484001993349,270.757953416957,1200,right,0.0012824636034398959,3845000,4050.299482187539
SAT-0-0,241.0628700000397,226.05281347629932,1200,SAT-7-0,-45.79763736605139,181.0528134762993,1200,left,0.0012890373301465933,3849000,4039.958997462654
SAT-0-0,241.0628700000397,226.05281347629932,1200,SAT-1-0,-45.79763736605139,271.0528134762993,1200,right,0.0012890373301465933,3849000,4039.9589974626524
SAT-0-0,241.31339000003976,226.34918461257075,1200,SAT-7-0,-45.93967239996249,181.34918461257075,1200,left,0.001295642328950969,3853000,4029.6488209545805
SAT-0-0,241.31339000003976,226.34918461257075,1200,SAT-1-0,-45.93967239996249,271.34918461257075,1200,right,0.00129564232886528,3853000,4029.6488209545796
SAT-0-0,241.5639100000398,226.64707390869327,1200,SAT-7-0,-46.080937405816805,181.64707390869327,1200,left,0.0013022780095346708,3857000,4019.3699773533012
SAT-0-0,241.5639100000398,226.64707390869327,1200,SAT-1-0,-46.080937405816805,271.6470739086933,1200,right,0.0013022780094494185,3857000,4019.3699773533012
SAT-0-0,241.8144300000399,226.94648830872285,1200,SAT-7-0,-46.22142461190626,181.94648830872285,1200,left,0.0013089437565040102,3861000,4009.123496708815
SAT-0-0,241.8144300000399,226.94648830872285,1200,SAT-1-0,-46.22142461190626,271.94648830872285,1200,right,0.0013089437565888284,3861000,4009.1234967088144
SAT-0-0,242.06495000003994,227.24743461203028,1200,SAT-7-0,-46.361126191122494,182.2474346120303,1200,left,0.001315638928898541,3865000,3998.910414357486
SAT-0-0,242.06495000003994,227.24743461203028,1200,SAT-1-0,-46.361126191122494,272.2474346120303,1200,right,0.001315638928898541,3865000,3998.9104143574855
SAT-0-0,242.31547000004,227.5499194673737,1200,SAT-7-0,-46.500034261452726,182.5499194673737,1200,left,0.0013223628600560274,3869000,3988.731770844291
SAT-0-0,242.31547000004,227.5499194673737,1200,SAT-1-0,-46.500034261452726,272.5499194673737,1200,right,0.0013223628599720698,3869000,3988.7317708442897
SAT-0-0,242.56599000004005,227.8539493668628,1200,SAT-7-0,-46.63814088651435,182.85394936686276,1200,left,0.0013291148559832404,3873000,3978.5886118408494
SAT-0-0,242.56599000004005,227.8539493668628,1200,SAT-1-0,-46.63814088651435,272.85394936686276,1200,right,0.0013291148559832404,3873000,3978.588611840848
SAT-0-0,242.8165100000401,228.15953063981672,1200,SAT-7-0,-46.77543807612971,183.1595306398167,1200,left,0.0013358941966068434,3877000,3968.4819880591353
SAT-0-0,242.8165100000401,228.15953063981672,1200,SAT-1-0,-46.77543807612971,273.1595306398167,1200,right,0.0013358941966068434,3877000,3968.4819880591344
SAT-0-0,243.06703000004015,228.4666694465163,1200,SAT-7-0,-46.91191778694175,183.46666944651636,1200,left,0.0013427001338490053,3881000,3958.412955160773
SAT-0-0,243.06703000004015,228.4666694465163,1200,SAT-1-0,-46.91191778694175,273.46666944651633,1200,right,0.0013427001336836337,3881000,3958.412955160772
SAT-0-0,243.3175500000402,228.77537177185243,1200,SAT-7-0,-47.04757192307179,183.77537177185243,1200,left,0.001349531892068891,3885000,3948.3825736618082
SAT-0-0,243.3175500000402,228.77537177185243,1200,SAT-1-0,-47.04757192307179,273.77537177185246,1200,right,0.0013495318919866236,3885000,3948.382573661808
SAT-0-0,243.56807000004028,229.0856434188719,1200,SAT-7-0,-47.18239233682032,184.0856434188719,1200,left,0.001356388667021384,3889000,3938.391908832845
SAT-0-0,243.56807000004028,229.0856434188719,1200,SAT-1-0,-47.18239233682032,274.08564341887194,1200,right,0.0013563886669395325,3889000,3938.391908832844
SAT-0-0,243.81859000004033,229.39749000222275,1200,SAT-7-0,-47.3163708294118,184.39749000222275,1200,left,0.0013632696259092989,3893000,3928.442030594455
SAT-0-0,243.81859000004033,229.39749000222275,1200,SAT-1-0,-47.3163708294118,274.39749000222275,1200,right,0.0013632696259092989,3893000,3928.4420305944536
SAT-0-0,244.06911000004038,229.7109169415014,1200,SAT-7-0,-47.449499151784785,184.7109169415014,1200,left,0.0013701739066266743,3897000,3918.534013407755
SAT-0-0,244.06911000004038,229.7109169415014,1200,SAT-1-0,-47.449499151784785,274.7109169415014,1200,right,0.0013701739066266743,3897000,3918.534013407754
SAT-0-0,244.31963000004043,230.02592945450314,1200,SAT-7-0,-47.581769005427866,185.0259294545032,1200,left,0.0013771006175915504,3901000,3908.668936160038
SAT-0-0,244.31963000004043,230.02592945450314,1200,SAT-1-0,-47.581769005427866,275.02592945450317,1200,right,0.0013771006175915504,3901000,3908.6689361600365
SAT-0-0,244.57015000004048,230.34253255037953,1200,SAT-7-0,-47.71317204326308,185.3425325503796,1200,left,0.0013840488372647733,3905000,3898.8478820453734
SAT-0-0,244.57015000004048,230.34253255037953,1200,SAT-1-0,-47.71317204326308,275.34253255037953,1200,right,0.0013840488372647733,3905000,3898.8478820453724
SAT-0-0,244.82067000004054,230.66073102270414,1200,SAT-7-0,-47.84369987057711,185.66073102270408,1200,left,0.0013910176133652245,3909000,3889.071938440067
SAT-0-0,244.82067000004054,230.66073102270414,1200,SAT-1-0,-47.84369987057711,275.6607310227041,1200,right,0.0013910176133652245,3909000,3889.0719384400672
SAT-0-0,245.07119000004062,230.9805294424511,1200,SAT-7-0,-47.97334404600198,185.98052944245106,1200,left,0.0013980059630622037,3913000,3879.342196772879
SAT-0-0,245.07119000004062,230.9805294424511,1200,SAT-1-0,-47.97334404600198,275.9805294424511,1200,right,0.0013980059630622037,3913000,3879.342196772878
SAT-0-0,245.32171000004067,231.3019321508885,1200,SAT-7-0,-48.102096082545515,186.3019321508885,1200,left,0.0014050128722929234,3917000,3869.659752389905
SAT-0-0,245.32171000004067,231.3019321508885,1200,SAT-1-0,-48.102096082545515,276.3019321508885,1200,right,0.0014050128722929234,3917000,3869.6597523899036
SAT-0-0,245.57223000004072,231.62494325239027,1200,SAT-7-0,-48.22994744867307,186.6249432523902,1200,left,0.0014120372958859255,3921000,3860.0257044140326
SAT-0-0,245.57223000004072,231.62494325239027,1200,SAT-1-0,-48.22994744867307,276.62494325239027,1200,right,0.0014120372960431768,3921000,3860.0257044140326
SAT-0-0,245.82275000004077,231.9495666071714,1200,SAT-7-0,-48.356889569441265,186.94956660717133,1200,left,0.0014190781562712334,3925000,3850.441155598865
SAT-0-0,245.82275000004077,231.9495666071714,1200,SAT-1-0,-48.356889569441265,276.9495666071714,1200,right,0.0014190781564277046,3925000,3850.4411555988627
SAT-0-0,246.07327000004082,232.2758058239486,1200,SAT-7-0,-48.48291382768464,187.27580582394862,1200,left,0.0014261343442506917,3929000,3840.907212177024
SAT-0-0,246.07327000004082,232.2758058239486,1200,SAT-1-0,-48.48291382768464,277.2758058239486,1200,right,0.0014261343443285402,3929000,3840.9072121770228
SAT-0-0,246.32379000004087,232.6036642525327,1200,SAT-7-0,-48.60801156525613,187.60366425253275,1200,left,0.0014332047176511854,3933000,3831.4249837027564
SAT-0-0,246.32379000004087,232.6036642525327,1200,SAT-1-0,-48.60801156525613,277.6036642525327,1200,right,0.00143320471772865,3933000,3831.424983702756
SAT-0-0,246.57431000004095,232.93314497635606,1200,SAT-7-0,-48.73217408432236,187.93314497635606,1200,left,0.0014402881020180267,3937000,3821.995582888733
SAT-0-0,246.57431000004095,232.93314497635606,1200,SAT-1-0,-48.73217408432236,277.93314497635606,1200,right,0.0014402881020180267,3937000,3821.995582888731
SAT-0-0,246.824830000041,233.26425080493988,1200,SAT-7-0,-48.855392648714535,188.26425080493993,1200,left,0.0014473832898261065,3941000,3812.6201254369716
SAT-0-0,246.824830000041,233.26425080493988,1200,SAT-1-0,-48.855392648714535,278.2642508049399,1200,right,0.0014473832898261065,3941000,3812.6201254369703
SAT-0-0,247.07535000004106,233.5969842663073,1200,SAT-7-0,-48.977658485335674,188.59698426630735,1200,left,0.001454489040548391,3945000,3803.299729863807
SAT-0-0,247.07535000004106,233.5969842663073,1200,SAT-1-0,-48.977658485335674,278.5969842663073,1200,right,0.001454489040624722,3945000,3803.2997298638074
SAT-0-0,247.3258700000411,233.9313475993473,1200,SAT-7-0,-49.09896278562525,188.93134759934725,1200,left,0.0014616040796527354,3949000,3794.0355173188173
SAT-0-0,247.3258700000411,233.9313475993473,1200,SAT-1-0,-49.09896278562525,278.9313475993473,1200,right,0.0014616040797286948,3949000,3794.035517318816
SAT-0-0,247.57639000004116,234.26734274613509,1200,SAT-7-0,-49.219296707081625,189.26734274613503,1200,left,0.0014687270996616385,3953000,3784.8286113976355
SAT-0-0,247.57639000004116,234.26734274613509,1200,SAT-1-0,-49.219296707081625,279.26734274613506,1200,right,0.0014687270995860477,3953000,3784.828611397634
SAT-0-0,247.8269100000412,234.60497134421473,1200,SAT-7-0,-49.33865137484345,189.60497134421473,1200,left,0.0014758567590668638,3957000,3775.6801379485883
SAT-0-0,247.8269100000412,234.60497134421473,1200,SAT-1-0,-49.33865137484345,279.60497134421473,1200,right,0.0014758567591420897,3957000,3775.680137948588
SAT-0-0,248.0774300000413,234.94423471885182,1200,SAT-7-0,-49.45701788333027,189.94423471885187,1200,left,0.0014829916828383652,3961000,3766.5912248730824
SAT-0-0,248.0774300000413,234.94423471885182,1200,SAT-1-0,-49.45701788333027,279.9442347188518,1200,right,0.0014829916827635015,3961000,3766.5912248730806
SAT-0-0,248.32795000004134,235.28513387526039,1200,SAT-7-0,-49.57438729794336,190.28513387526033,1200,left,0.0014901304613438588,3965000,3757.563001919682
SAT-0-0,248.32795000004134,235.28513387526039,1200,SAT-1-0,-49.57438729794336,280.2851338752604,1200,right,0.001490130461418364,3965000,3757.563001919681
SAT-0-0,248.5784700000414,235.62766949081384,1200,SAT-7-0,-49.690750656827106,190.62766949081384,1200,left,0.0014972716517350822,3969000,3748.5966004718275
SAT-0-0,248.5784700000414,235.62766949081384,1200,SAT-1-0,-49.690750656827106,280.62766949081384,1200,right,0.0014972716517350822,3969000,3748.596600471827
SAT-0-0,248.82899000004144,235.971841907245,1200,SAT-7-0,-49.80609897269178,190.97184190724494,1200,left,0.0015044137766256353,3973000,3739.6931533291395
SAT-0-0,248.82899000004144,235.971841907245,1200,SAT-1-0,-49.80609897269178,280.971841907245,1200,right,0.0015044137765518376,3973000,3739.6931533291377
SAT-0-0,249.0795100000415,236.31765112284398,1200,SAT-7-0,-49.92042323469788,191.317651122844,1200,left,0.0015115553246292284,3977000,3730.8537944822465
SAT-0-0,249.0795100000415,236.31765112284398,1200,SAT-1-0,-49.92042323469788,281.317651122844,1200,right,0.0015115553244823303,3977000,3730.853794482245
SAT-0-0,249.33003000004155,236.6650967846619,1200,SAT-7-0,-50.03371441040277,191.66509678466187,1200,left,0.0015186947504297256,3981000,3722.0796588811427
SAT-0-0,249.33003000004155,236.6650967846619,1200,SAT-1-0,-50.03371441040277,281.6650967846619,1200,right,0.0015186947502104143,3981000,3722.0796588811427
SAT-0-0,249.5805500000416,237.01417818072832,1200,SAT-7-0,-50.145963447769816,192.01417818072827,1200,left,0.0015258304747609564,3985000,3713.371882196987
SAT-0-0,249.5805500000416,237.01417818072832,1200,SAT-1-0,-50.145963447769816,282.0141781807283,1200,right,0.0015258304746154326,3985000,3713.3718821969865
SAT-0-0,249.83107000004168,237.36489423229048,1200,SAT-7-0,-50.25716127724044,192.3648942322905,1200,left,0.0015329608844428804,3989000,3704.7316005773478
SAT-0-0,249.83107000004168,237.36489423229048,1200,SAT-1-0,-50.25716127724044,282.36489423229045,1200,right,0.0015329608845153038,3989000,3704.731600577347
SAT-0-0,250.08159000004173,237.71724348608524,1200,SAT-7-0,-50.367298813869475,192.71724348608527,1200,left,0.0015400843331919464,3993000,3696.159950394881
SAT-0-0,250.08159000004173,237.71724348608524,1200,SAT-1-0,-50.367298813869475,282.71724348608524,1200,right,0.0015400843331919464,3993000,3696.1599503948787
SAT-0-0,250.33211000004178,238.0712241066501,1200,SAT-7-0,-50.476366959523645,193.07122410665016,1200,left,0.001547199140524487,3997000,3687.6580679893978
SAT-0-0,250.33211000004178,238.0712241066501,1200,SAT-1-0,-50.476366959523645,283.0712241066501,1200,right,0.001547199140524487,3997000,3687.658067989397
SAT-0-0,250.58263000004183,238.42683386868566,1200,SAT-7-0,-50.58435660514375,193.42683386868572,1200,left,0.001554303592884463,4001000,3679.2270894033486
SAT-0-0,250.58263000004183,238.42683386868566,1200,SAT-1-0,-50.58435660514375,283.42683386868566,1200,right,0.001554303592884463,4001000,3679.2270894033477
SAT-0-0,250.83315000004188,238.78407014947678,1200,SAT-7-0,-50.691258633070305,193.78407014947683,1200,left,0.0015613959442214438,4005000,3670.868150110701
SAT-0-0,250.83315000004188,238.78407014947678,1200,SAT-1-0,-50.691258633070305,283.7840701494768,1200,right,0.0015613959441503392,4005000,3670.8681501107003
SAT-0-0,251.08367000004193,239.14292992138496,1200,SAT-7-0,-50.79706391943276,194.142929921385,1200,left,0.0015684744151148967,4009000,3662.582384739241
SAT-0-0,251.08367000004193,239.14292992138496,1200,SAT-1-0,-50.79706391943276,284.14292992138496,1200,right,0.001568474415044113,4009000,3662.5823847392403
SAT-0-0,251.334190000042,239.50340974442037,1200,SAT-7-0,-50.90176333660212,194.5034097444204,1200,left,0.0015755371945762927,4013000,3654.3709267863055
SAT-0-0,251.334190000042,239.50340974442037,1200,SAT-1-0,-50.90176333660212,284.50340974442037,1200,right,0.0015755371945762927,4013000,3654.3709267863046
SAT-0-0,251.58471000004207,239.86550575890578,1200,SAT-7-0,-51.005347755706794,194.86550575890575,1200,left,0.0015825824393931064,4017000,3646.2349083279746
SAT-0-0,251.58471000004207,239.86550575890578,1200,SAT-1-0,-51.005347755706794,284.8655057589058,1200,right,0.0015825824393931064,4017000,3646.2349083279732
SAT-0-0,251.83523000004212,240.22921367824227,1200,SAT-7-0,-51.107808049211464,195.22921367824227,1200,left,0.0015896082750709204,4021000,3638.1754597217696
SAT-0-0,251.83523000004212,240.22921367824227,1200,SAT-1-0,-51.107808049211464,285.2292136782423,1200,right,0.0015896082750709204,4021000,3638.1754597217696
SAT-0-0,252.08575000004217,240.5945287817887,1200,SAT-7-0,-51.20913509355848,195.59452878178868,1200,left,0.0015966127960284026,4025000,3630.1937093028996
SAT-0-0,252.08575000004217,240.5945287817887,1200,SAT-1-0,-51.20913509355848,285.5945287817887,1200,right,0.0015966127960284026,4025000,3630.1937093028987
SAT-0-0,252.33627000004222,240.96144590786625,1200,SAT-7-0,-51.30931977187156,195.9614459078662,1200,left,0.0016035940667977293,4029000,3622.2907830740983
SAT-0-0,252.33627000004222,240.96144590786625,1200,SAT-1-0,-51.30931977187156,285.9614459078662,1200,right,0.0016035940667284958,4029000,3622.2907830740965
SAT-0-0,252.58679000004227,241.3299594468993,1200,SAT-7-0,-51.40835297672087,196.3299594468993,1200,left,0.001610550121717187,4033000,3614.467804389144
SAT-0-0,252.58679000004227,241.3299594468993,1200,SAT-1-0,-51.40835297672087,286.3299594468993,1200,right,0.0016105501217861214,4033000,3614.4678043891427
SAT-0-0,252.83731000004235,241.7000633347058,1200,SAT-7-0,-51.50622561294932,196.70006333470585,1200,left,0.0016174789667295199,4037000,3606.72589363012
SAT-0-0,252.83731000004235,241.7000633347058,1200,SAT-1-0,-51.50622561294932,286.7000633347058,1200,right,0.0016174789664549635,4037000,3606.7258936301187
SAT-0-0,253.0878300000424,242.07175104594796,1200,SAT-7-0,-51.60292860055879,197.0717510459479,1200,left,0.001624378578574398,4041000,3599.066167878514
SAT-0-0,253.0878300000424,242.07175104594796,1200,SAT-1-0,-51.60292860055879,287.07175104594796,1200,right,0.0016243785786427456,4041000,3599.0661678785127
SAT-0-0,253.33835000004245,242.44501558775713,1200,SAT-7-0,-51.69845287765595,197.44501558775718,1200,left,0.0016312469073043836,4045000,3591.4897405802417
SAT-0-0,253.33835000004245,242.44501558775713,1200,SAT-1-0,-51.69845287765595,287.44501558775715,1200,right,0.001631246907508563,4045000,3591.4897405802412
SAT-0-0,253.5888700000425,242.81984949354336,1200,SAT-7-0,-51.792789403456254,197.8198494935433,1200,left,0.0016380818763325833,4049000,3583.997721204725
SAT-0-0,253.5888700000425,242.81984949354336,1200,SAT-1-0,-51.792789403456254,287.81984949354336,1200,right,0.0016380818761970316,4049000,3583.9977212047247
SAT-0-0,253.83939000004256,243.19624481700527,1200,SAT-7-0,-51.88592916134548,198.1962448170052,1200,left,0.0016448813823781243,4053000,3576.591214898125
SAT-0-0,253.83939000004256,243.19624481700527,1200,SAT-1-0,-51.88592916134548,288.19624481700527,1200,right,0.0016448813823781243,4053000,3576.5912148981247
SAT-0-0,254.0899100000426,243.57419312635022,1200,SAT-7-0,-51.977863161997156,198.57419312635022,1200,left,0.0016516432981344444,4057000,3569.2713221308736
SAT-0-0,254.0899100000426,243.57419312635022,1200,SAT-1-0,-51.977863161997156,288.5741931263502,1200,right,0.0016516432980000057,4057000,3569.2713221308736
SAT-0-0,254.34043000004266,243.95368549873965,1200,SAT-7-0,-52.06858244654501,198.95368549873965,1200,left,0.0016583654717575486,4061000,3562.0391383396513
SAT-0-0,254.34043000004266,243.95368549873965,1200,SAT-1-0,-52.06858244654501,288.9536854987397,1200,right,0.0016583654718914423,4061000,3562.039138339651
SAT-0-0,254.59095000004274,244.33471251497218,1200,SAT-7-0,-52.15807808980875,199.33471251497218,1200,left,0.0016650457295315183,4065000,3554.895753563962
SAT-0-0,254.59095000004274,244.33471251497218,1200,SAT-1-0,-52.15807808980875,289.3347125149722,1200,right,0.0016650457295981967,4065000,3554.895753563962
SAT-0-0,254.8414700000428,244.71726425441733,1200,SAT-7-0,-52.24634120357179,199.71726425441727,1200,left,0.0016716818752459106,4069000,3547.842252077472
SAT-0-0,254.8414700000428,244.71726425441733,1200,SAT-1-0,-52.24634120357179,289.71726425441733,1200,right,0.0016716818752459106,4069000,3547.842252077471
SAT-0-0,255.09199000004284,245.10133029021313,1200,SAT-7-0,-52.333362939909186,200.10133029021313,1200,left,0.0016782716925280664,4073000,3540.8797120143013
SAT-0-0,255.09199000004284,245.10133029021313,1200,SAT-1-0,-52.333362939909186,290.1013302902131,1200,right,0.001678271692329608,4073000,3540.8797120143004
SAT-0-0,255.3425100000429,245.48689968474196,1200,SAT-7-0,-52.41913449456413,200.48689968474196,1200,left,0.0016848129453041398,4077000,3534.009204990461
SAT-0-0,255.3425100000429,245.48689968474196,1200,SAT-1-0,-52.41913449456413,290.48689968474196,1200,right,0.0016848129453041398,4077000,3534.00920499046
SAT-0-0,255.59303000004294,245.8739609853954,1200,SAT-7-0,-52.503647110370956,200.87396098539534,1200,left,0.0016913033804437801,4081000,3527.231795720636
SAT-0-0,255.59303000004294,245.8739609853954,1200,SAT-1-0,-52.503647110370956,290.8739609853954,1200,right,0.0016913033804437801,4081000,3527.2317957206346
SAT-0-0,255.843550000043,246.2625022206443,1200,SAT-7-0,-52.58689208072279,201.26250222064436,1200,left,0.0016977407271021668,4085000,3520.54854163054
SAT-0-0,255.843550000043,246.2625022206443,1200,SAT-1-0,-52.58689208072279,291.2625022206443,1200,right,0.0016977407271675609,4085000,3520.5485416305396
SAT-0-0,256.094070000043,246.65251089642445,1200,SAT-7-0,-52.66886075308155,201.65251089642445,1200,left,0.0017041227000784362,4089000,3513.9604924650766
SAT-0-0,256.094070000043,246.65251089642445,1200,SAT-1-0,-52.66886075308155,291.6525108964245,1200,right,0.0017041227000784362,4089000,3513.960492465076
SAT-0-0,256.34459000004307,247.04397399285315,1200,SAT-7-0,-52.749544532528446,202.0439739928531,1200,left,0.0017104469996857344,4093000,3507.4686898925293
SAT-0-0,256.34459000004307,247.04397399285315,1200,SAT-1-0,-52.749544532528446,292.0439739928532,1200,right,0.0017104469996857344,4093000,3507.4686898925274
SAT-0-0,256.5951100000431,247.4368779612872,1200,SAT-7-0,-52.82893488535185,202.43687796128717,1200,left,0.0017167113144321059,4097000,3501.074167105085
SAT-0-0,256.5951100000431,247.4368779612872,1200,SAT-1-0,-52.82893488535185,292.4368779612872,1200,right,0.0017167113144967775,4097000,3501.074167105084
SAT-0-0,256.8456300000432,247.8312087217375,1200,SAT-7-0,-52.907023342670875,202.8312087217375,1200,left,0.0017229133221876617,4101000,3494.777948415909
SAT-0-0,256.8456300000432,247.8312087217375,1200,SAT-1-0,-52.907023342670875,292.83120872173754,1200,right,0.0017229133221876617,4101000,3494.777948415908
SAT-0-0,257.0961500000432,248.22695166065088,1200,SAT-7-0,-52.983801504091495,203.22695166065088,1200,left,0.001729050691097059,4105000,3488.581048853081
SAT-0-0,257.0961500000432,248.22695166065088,1200,SAT-1-0,-52.983801504091495,293.2269516606509,1200,right,0.001729050691161269,4105000,3488.5810488530815
SAT-0-0,257.3466700000433,248.62409162907215,1200,SAT-7-0,-53.05926104139267,203.62409162907215,1200,left,0.0017351210828673192,4109000,3482.484473750697
SAT-0-0,257.3466700000433,248.62409162907215,1200,SAT-1-0,-53.05926104139267,293.62409162907215,1200,right,0.0017351210827393486,4109000,3482.4844737506965
SAT-0-0,257.5971900000433,249.0226129411986,1200,SAT-7-0,-53.13339370223952,204.0226129411986,1200,left,0.0017411221526988717,4113000,3476.48921833741
SAT-0-0,257.5971900000433,249.0226129411986,1200,SAT-1-0,-53.13339370223952,294.0226129411986,1200,right,0.0017411221526988717,4113000,3476.489218337409
SAT-0-0,257.8477100000434,249.42249937333779,1200,SAT-7-0,-53.206191313920705,204.42249937333773,1200,left,0.0017470515526780788,4117000,3470.596267322775
SAT-0-0,257.8477100000434,249.42249937333779,1200,SAT-1-0,-53.206191313920705,294.42249937333776,1200,right,0.001747051552741627,4117000,3470.596267322774
SAT-0-0,258.0982300000435,249.82373416328142,1200,SAT-7-0,-53.27764578710681,204.82373416328136,1200,left,0.001752906932152994,4121000,3464.806594481692
SAT-0-0,258.0982300000435,249.82373416328142,1200,SAT-1-0,-53.27764578710681,294.8237341632814,1200,right,0.00175290693221633,4121000,3464.8065944816913
SAT-0-0,258.34875000004354,250.22630001010413,1200,SAT-7-0,-53.34774911962655,205.22630001010413,1200,left,0.001758685940719796,4125000,3459.1211622373085
SAT-0-0,258.34875000004354,250.22630001010413,1200,SAT-1-0,-53.34774911962655,295.2263000101041,1200,right,0.001758685940719796,4125000,3459.121162237307
SAT-0-0,258.59927000004365,250.6301790744002,1200,SAT-7-0,-53.4164934002575,205.63017907440016,1200,left,0.001764386229671003,4129000,3453.5409212427294
SAT-0-0,258.59927000004365,250.6301790744002,1200,SAT-1-0,-53.4164934002575,295.6301790744002,1200,right,0.0017643862297339271,4129000,3453.5409212427276
SAT-0-0,258.84979000004375,251.03535297896588,1200,SAT-7-0,-53.48387081252791,206.03535297896593,1200,left,0.0017700054539495735,4133000,3448.066809961912
SAT-0-0,258.84979000004375,251.03535297896588,1200,SAT-1-0,-53.48387081252791,296.0353529789659,1200,right,0.0017700054539495735,4133000,3448.066809961911
SAT-0-0,259.10031000004386,251.44180280993882,1200,SAT-7-0,-53.549873638526165,206.44180280993882,1200,left,0.0017755412740990595,4137000,3442.699754250109
SAT-0-0,259.10031000004386,251.44180280993882,1200,SAT-1-0,-53.549873638526165,296.4418028099388,1200,right,0.0017755412740990595,4137000,3442.699754250109
SAT-0-0,259.3508300000439,251.84950911840247,1200,SAT-7-0,-53.61449426271405,206.84950911840252,1200,left,0.0017809913587106556,4141000,3437.4406669342507
SAT-0-0,259.3508300000439,251.84950911840247,1200,SAT-1-0,-53.61449426271405,296.84950911840247,1200,right,0.0017809913588353304,4141000,3437.4406669342493
SAT-0-0,259.601350000044,252.2584519224645,1200,SAT-7-0,-53.6777251757404,207.2584519224645,1200,left,0.001786353386240181,4145000,3432.290447393656
SAT-0-0,259.601350000044,252.2584519224645,1200,SAT-1-0,-53.6777251757404,297.25845192246453,1200,right,0.001786353386240181,4145000,3432.2904473936555
SAT-0-0,259.85187000004413,252.66861070981625,1200,SAT-7-0,-53.73955897825106,207.66861070981625,1200,left,0.001791625046644591,4149000,3427.2499811415096
SAT-0-0,259.85187000004413,252.66861070981625,1200,SAT-1-0,-53.73955897825106,297.6686107098163,1200,right,0.001791625046644591,4149000,3427.249981141508
SAT-0-0,260.10239000004424,253.07996444078188,1200,SAT-7-0,-53.79998838469144,208.07996444078188,1200,left,0.0017968040445122905,4153000,3422.320139407468
SAT-0-0,260.10239000004424,253.07996444078188,1200,SAT-1-0,-53.79998838469144,298.07996444078185,1200,right,0.0017968040445122905,4153000,3422.320139407468
SAT-0-0,260.3529100000443,253.4924915518623,1200,SAT-7-0,-53.859006227097545,208.4924915518623,1200,left,0.0018018881006408916,4157000,3417.501778721863
SAT-0-0,260.3529100000443,253.4924915518623,1200,SAT-1-0,-53.859006227097545,298.49249155186226,1200,right,0.0018018881006408916,4157000,3417.5017787218612
SAT-0-0,260.6034300000444,253.90616995978078,1200,SAT-7-0,-53.91660545887166,208.90616995978075,1200,left,0.0018068749538169013,4161000,3412.7957405018947
SAT-0-0,260.6034300000444,253.90616995978078,1200,SAT-1-0,-53.91660545887166,298.9061699597808,1200,right,0.0018068749538169013,4161000,3412.7957405018956
SAT-0-0,260.8539500000445,254.3209770660341,1200,SAT-7-0,-53.97277915853826,209.3209770660341,1200,left,0.0018117623640828398,4165000,3408.202850640302
SAT-0-0,260.8539500000445,254.3209770660341,1200,SAT-1-0,-53.97277915853826,299.3209770660341,1200,right,0.0018117623640828398,4165000,3408.202850640301
SAT-0-0,261.1044700000446,254.73688976195473,1200,SAT-7-0,-54.027520533476284,209.73688976195473,1200,left,0.0018165481142279497,4169000,3403.723919096883
SAT-0-0,261.1044700000446,254.73688976195473,1200,SAT-1-0,-54.027520533476284,299.7368897619547,1200,right,0.0018165481142279497,4169000,3403.723919096883
SAT-0-0,261.3549900000447,255.15388443428697,1200,SAT-7-0,-54.080822923623295,210.15388443428697,1200,left,0.0018212300121604296,4173000,3399.3597394933836
SAT-0-0,261.3549900000447,255.15388443428697,1200,SAT-1-0,-54.080822923623295,300.15388443428697,1200,right,0.0018212300121604296,4173000,3399.3597394933827
SAT-0-0,261.6055100000448,255.57193697127977,1200,SAT-7-0,-54.132679805147504,210.57193697127983,1200,left,0.0018258058932363434,4177000,3395.1110887121504
SAT-0-0,261.6055100000448,255.57193697127977,1200,SAT-1-0,-54.132679805147504,300.5719369712798,1200,right,0.0018258058932363434,4177000,3395.1110887121486
SAT-0-0,261.8560300000449,255.99102276929696,1200,SAT-7-0,-54.183084794083065,210.99102276929696,1200,left,0.0018302736224891827,4181000,3390.9787264990546
SAT-0-0,261.8560300000449,255.99102276929696,1200,SAT-1-0,-54.183084794083065,300.991022769297,1200,right,0.0018302736224891827,4181000,3390.978726499053
SAT-0-0,262.106550000045,256.4111167399481,1200,SAT-7-0,-54.2320316499245,211.4111167399481,1200,left,0.0018346310968867436,4185000,3386.9633950711027
SAT-0-0,262.106550000045,256.4111167399481,1200,SAT-1-0,-54.2320316499245,301.4111167399481,1200,right,0.0018346310968867436,4185000,3386.963395071102
SAT-0-0,262.3570700000451,256.83219331773734,1200,SAT-7-0,-54.27951427917591,211.83219331773742,1200,left,0.0018388762476792264,4189000,3383.0658187292224
SAT-0-0,262.3570700000451,256.83219331773734,1200,SAT-1-0,-54.27951427917591,301.83219331773734,1200,right,0.0018388762476792264,4189000,3383.0658187292206
SAT-0-0,262.60759000004515,257.254226468231,1200,SAT-7-0,-54.32552673885041,212.25422646823102,1200,left,0.0018430070427810153,4193000,3379.2867034766714
SAT-0-0,262.60759000004515,257.254226468231,1200,SAT-1-0,-54.32552673885041,302.254226468231,1200,right,0.001843007042841255,4193000,3379.286703476671
SAT-0-0,262.85811000004526,257.67718969674075,1200,SAT-7-0,-54.370063239915524,212.67718969674073,1200,left,0.001847021488588899,4197000,3375.6267366435627
SAT-0-0,262.85811000004526,257.67718969674075,1200,SAT-1-0,-54.370063239915524,302.67718969674075,1200,right,0.001847021488709117,4197000,3375.6267366435604
SAT-0-0,263.10863000004537,258.1010560575203,1200,SAT-7-0,-54.41311815068027,213.10105605752028,1200,left,0.001850917632389213,4201000,3372.0865865179094
SAT-0-0,263.10863000004537,258.1010560575203,1200,SAT-1-0,-54.41311815068027,303.1010560575203,1200,right,0.001850917632389213,4201000,3372.086586517909
SAT-0-0,263.3591500000455,258.5257981634712,1200,SAT-7-0,-54.4546860001193,213.52579816347128,1200,left,0.0018546935648704862,4205000,3368.6669019837273
SAT-0-0,263.3591500000455,258.5257981634712,1200,SAT-1-0,-54.4546860001193,303.5257981634712,1200,right,0.0018546935647507658,4205000,3368.6669019837263
SAT-0-0,263.6096700000455,258.95138819635366,1200,SAT-7-0,-54.494761481130055,213.95138819635366,1200,left,0.001858347421968227,4209000,3365.3683121665767
SAT-0-0,263.6096700000455,258.95138819635366,1200,SAT-1-0,-54.494761481130055,303.95138819635366,1200,right,0.001858347422087712,4209000,3365.368312166575
SAT-0-0,263.86019000004563,259.3777979174939,1200,SAT-7-0,-54.53333945371836,214.37779791749395,1200,left,0.0018618773873079041,4213000,3362.191426087063
SAT-0-0,263.86019000004563,259.3777979174939,1200,SAT-1-0,-54.53333945371836,304.3777979174939,1200,right,0.0018618773873079041,4213000,3362.1914260870626
SAT-0-0,264.11071000004574,259.8049986789849,1200,SAT-7-0,-54.570414948108336,214.80499867898484,1200,left,0.0018652816939331621,4217000,3359.1368323227052
SAT-0-0,264.11071000004574,259.8049986789849,1200,SAT-1-0,-54.570414948108336,304.8049986789849,1200,right,0.001865281694052203,4217000,3359.136832322705
SAT-0-0,264.36123000004585,260.23296143536885,1200,SAT-7-0,-54.605983167772536,215.23296143536885,1200,left,0.0018685586268184856,4221000,3356.205098678628
SAT-0-0,264.36123000004585,260.23296143536885,1200,SAT-1-0,-54.605983167772536,305.23296143536885,1200,right,0.0018685586266402375,4221000,3356.205098678628
SAT-0-0,264.6117500000459,260.661656755796,1200,SAT-7-0,-54.64003949237775,215.66165675579603,1200,left,0.001871706524618938,4225000,3353.396771867525
SAT-0-0,264.6117500000459,260.661656755796,1200,SAT-1-0,-54.64003949237775,305.661656755796,1200,right,0.0018717065246782543,4225000,3353.3967718675235
SAT-0-0,264.862270000046,261.0910548366451,1200,SAT-7-0,-54.672579480642845,216.09105483664516,1200,left,0.0018747237820329063,4229000,3350.7123771993097
SAT-0-0,264.862270000046,261.0910548366451,1200,SAT-1-0,-54.672579480642845,306.0910548366451,1200,right,0.0018747237820329063,4229000,3350.7123771993092
SAT-0-0,265.1127900000461,261.52112551460004,1200,SAT-7-0,-54.703598873104404,216.52112551460002,1200,left,0.0018776088515928611,4233000,3348.152418280892
SAT-0-0,265.1127900000461,261.52112551460004,1200,SAT-1-0,-54.703598873104404,306.52112551460004,1200,right,0.001877608851415472,4233000,3348.152418280892
SAT-0-0,265.3633100000462,261.9518382801653,1200,SAT-7-0,-54.733093594786205,216.95183828016533,1200,left,0.0018803602447770413,4237000,3345.7173767264703
SAT-0-0,265.3633100000462,261.9518382801653,1200,SAT-1-0,-54.733093594786205,306.9518382801653,1200,right,0.0018803602448951276,4237000,3345.7173767264685
SAT-0-0,265.6138300000463,262.3831622916123,1200,SAT-7-0,-54.761059757768955,217.38316229161222,1200,left,0.0018829765356368775,4241000,3343.407711878754
SAT-0-0,265.6138300000463,262.3831622916123,1200,SAT-1-0,-54.761059757768955,307.3831622916123,1200,right,0.0018829765357547996,4241000,3343.4077118787527
SAT-0-0,265.8643500000464,262.81506638933735,1200,SAT-7-0,-54.78749366365634,217.81506638933732,1200,left,0.0018854563610319255,4245000,3341.223860541524
SAT-0-0,265.8643500000464,262.81506638933735,1200,SAT-1-0,-54.78749366365634,307.81506638933735,1200,right,0.0018854563609730418,4245000,3341.223860541523
SAT-0-0,266.1148700000465,263.2475191106216,1200,SAT-7-0,-54.81239180593387,218.24751911062162,1200,left,0.0018877984227430311,4249000,3339.166236723864
SAT-0-0,266.1148700000465,263.2475191106216,1200,SAT-1-0,-54.81239180593387,308.2475191106216,1200,right,0.0018877984227430311,4249000,3339.166236723863
SAT-0-0,266.3653900000466,263.6804887047728,1200,SAT-7-0,-54.83575087221726,218.68048870477278,1200,left,0.001890001489218147,4253000,3337.235231396468
SAT-0-0,266.3653900000466,263.6804887047728,1200,SAT-1-0,-54.83575087221726,308.6804887047728,1200,right,0.001890001489218147,4253000,3337.235231396467
SAT-0-0,266.61591000004665,264.11394314863554,1200,SAT-7-0,-54.857567746386714,219.1139431486355,1200,left,0.001892064397838572,4257000,3335.4312122603515
SAT-0-0,266.61591000004665,264.11394314863554,1200,SAT-1-0,-54.857567746386714,309.11394314863554,1200,right,0.001892064397838572,4257000,3335.4312122603505
SAT-0-0,266.86643000004676,264.54785016244944,1200,SAT-7-0,-54.87783951060419,219.54785016244944,1200,left,0.001893986054775213,4261000,3333.754523528307
SAT-0-0,266.86643000004676,264.54785016244944,1200,SAT-1-0,-54.87783951060419,309.54785016244944,1200,right,0.001893986054775213,4261000,3333.754523528306
SAT-0-0,267.11695000004687,264.9821772260393,1200,SAT-7-0,-54.89656344721042,219.9821772260393,1200,left,0.0018957654377849758,4265000,3332.205485719417
SAT-0-0,267.11695000004687,264.9821772260393,1200,SAT-1-0,-54.89656344721042,309.9821772260393,1200,right,0.0018957654379606658,4265000,3332.205485719417
SAT-0-0,267.367470000047,265.4168915953172,1200,SAT-7-0,-54.913737040499186,220.41689159531728,1200,left,0.00189740159771777,4269000,3330.784395466936
SAT-0-0,267.367470000047,265.4168915953172,1200,SAT-1-0,-54.913737040499186,310.4168915953172,1200,right,0.0018974015976007442,4269000,3330.7843954669347
SAT-0-0,267.61799000004703,265.8519603190763,1200,SAT-7-0,-54.929357978365594,220.85196031907626,1200,left,0.0018988936579869132,4273000,3329.4915253397985
SAT-0-0,267.61799000004703,265.8519603190763,1200,SAT-1-0,-54.929357978365594,310.8519603190763,1200,right,0.0018988936579869132,4273000,3329.491525339798
SAT-0-0,267.86851000004714,266.28735025605505,1200,SAT-7-0,-54.94342415382647,221.287350256055,1200,left,0.0019002408176255437,4277000,3328.327123678059
SAT-0-0,267.86851000004714,266.28735025605505,1200,SAT-1-0,-54.94342415382647,311.28735025605505,1200,right,0.0019002408177423945,4277000,3328.327123678057
SAT-0-0,268.11903000004725,266.72302809225346,1200,SAT-7-0,-54.9559336664101,221.72302809225351,1200,left,0.001901442351782717,4281000,3327.2914144424512
SAT-0-0,268.11903000004725,266.72302809225346,1200,SAT-1-0,-54.9559336664101,311.72302809225346,1200,right,0.0019014423516075514,4281000,3327.2914144424494
SAT-0-0,268.36955000004735,267.1589603584755,1200,SAT-7-0,-54.9668848234133,222.15896035847547,1200,left,0.0019024976117759532,4285000,3326.3845970783595
SAT-0-0,268.36955000004735,267.1589603584755,1200,SAT-1-0,-54.9668848234133,312.1589603584755,1200,right,0.0019024976118343093,4285000,3326.384597078359
SAT-0-0,268.6200700000474,267.5951134480788,1200,SAT-7-0,-54.97627614102409,222.59511344807876,1200,left,0.001903406027386631,4289000,3325.6068463943357
SAT-0-0,268.6200700000474,267.5951134480788,1200,SAT-1-0,-54.97627614102409,312.5951134480788,1200,right,0.0019034060272699743,4289000,3325.6068463943357
SAT-0-0,268.8705900000475,268.0314536349058,1200,SAT-7-0,-54.9841063453078,223.03145363490572,1200,left,0.0019041671065536346,4293000,3324.9583124554024
SAT-0-0,268.8705900000475,268.0314536349058,1200,SAT-1-0,-54.9841063453078,313.0314536349058,1200,right,0.0019041671064370248,4293000,3324.958312455401
SAT-0-0,269.1211100000476,268.4679470913748,1200,SAT-7-0,-54.99037437305558,223.4679470913749,1200,left,0.0019047804363808332,4297000,3324.439120491265
SAT-0-0,269.1211100000476,268.4679470913748,1200,SAT-1-0,-54.99037437305558,313.4679470913748,1200,right,0.0019047804363808332,4297000,3324.439120491263
SAT-0-0,269.37163000004773,268.90455990670733,1200,SAT-7-0,-54.995079372493535,223.9045599067074,1200,left,0.0019052456839412828,4301000,3324.0493708195922
SAT-0-0,269.37163000004773,268.90455990670733,1200,SAT-1-0,-54.995079372493535,313.90455990670733,1200,right,0.001905245683824739,4301000,3324.0493708195904
SAT-0-0,269.6221500000478,269.3412581052655,1200,SAT-7-0,-54.99822070385178,224.3412581052655,1200,left,0.0019055625961232232,4305000,3323.789138784475
SAT-0-0,269.6221500000478,269.3412581052655,1200,SAT-1-0,-54.99822070385178,314.3412581052655,1200,right,0.0019055625960066988,4305000,3323.7891387844743
SAT-0-0,269.8726700000479,269.7780076649771,1200,SAT-7-0,-54.999797939792145,224.7780076649772,1200,left,0.0019057310007340286,4309000,3323.658474710154
SAT-0-0,269.8726700000479,269.7780076649771,1200,SAT-1-0,-54.999797939792145,314.7780076649771,1200,right,0.0019057310007340286,4309000,3323.6584747101533
SAT-0-0,270.123190000048,270.2147745358233,1200,SAT-7-0,-54.99981086569419,225.2147745358233,1200,left,0.0019057508059493204,4313000,3323.6574038700887
SAT-0-0,270.123190000048,270.2147745358233,1200,SAT-1-0,-54.99981086569419,315.2147745358233,1200,right,0.0019057508060658333,4313000,3323.6574038700874
SAT-0-0,270.3737100000481,270.651524658363,1200,SAT-7-0,-54.9982594797989,225.651524658363,1200,left,0.0019056220014293612,4317000,3323.785926471419
SAT-0-0,270.3737100000481,270.651524658363,1200,SAT-1-0,-54.9982594797989,315.651524658363,1200,right,0.0019056220013711008,4317000,3323.7859264714175
SAT-0-0,270.62423000004816,271.0882239822709,1200,SAT-7-0,-54.9951439932098,226.08822398227085,1200,left,0.0019053446567917668,4321000,3324.0440176548377
SAT-0-0,270.62423000004816,271.0882239822709,1200,SAT-1-0,-54.9951439932098,316.0882239822709,1200,right,0.00190534465661696,4321000,3324.0440176548364
SAT-0-0,270.87475000004827,271.5248384848628,1200,SAT-7-0,-54.990464829751694,226.5248384848629,1200,left,0.0019049189228584602,4325000,3324.431627509875
SAT-0-0,270.87475000004827,271.5248384848628,1200,SAT-1-0,-54.990464829751694,316.5248384848628,1200,right,0.0019049189228584602,4325000,3324.431627509874
SAT-0-0,271.1252700000484,271.96133418958357,1200,SAT-7-0,-54.984222625687,226.96133418958362,1200,left,0.0019043450314242582,4329000,3324.948681105577
SAT-0-0,271.1252700000484,271.96133418958357,1200,SAT-1-0,-54.984222625687,316.96133418958357,1200,right,0.0019043450314825577,4329000,3324.9486811055754
SAT-0-0,271.3757900000485,272.3976771844333,1200,SAT-7-0,-54.97641822929033,227.39767718443323,1200,left,0.001903623294303157,4333000,3325.595078536519
SAT-0-0,271.3757900000485,272.3976771844333,1200,SAT-1-0,-54.97641822929033,317.3976771844333,1200,right,0.001903623294303157,4333000,3325.5950785365176
SAT-0-0,271.62631000004853,272.83383364030703,1200,SAT-7-0,-54.96705270028186,227.83383364030703,1200,left,0.0019027541028746027,4337000,3326.3706949841
SAT-0-0,271.62631000004853,272.83383364030703,1200,SAT-1-0,-54.96705270028186,317.83383364030703,1200,right,0.0019027541027579063,4337000,3326.3706949840994
SAT-0-0,271.87683000004864,273.269769829224,1200,SAT-7-0,-54.95612730912033,228.269769829224,1200,left,0.0019017379280128403,4341000,3327.275380793014
SAT-0-0,271.87683000004864,273.269769829224,1200,SAT-1-0,-54.95612730912033,318.269769829224,1200,right,0.0019017379280128403,4341000,3327.2753807930135
SAT-0-0,272.12735000004875,273.7054521424203,1200,SAT-7-0,-54.94364353615706,228.70545214242026,1200,left,0.0019005753196986881,4345000,3328.3089615627828
SAT-0-0,272.12735000004875,273.7054521424203,1200,SAT-1-0,-54.94364353615706,318.7054521424203,1200,right,0.0019005753196986881,4345000,3328.308961562782
SAT-0-0,272.37787000004886,274.1408471082838,1200,SAT-7-0,-54.92960307065191,229.1408471082838,1200,left,0.0018992669052007522,4349000,3329.471238254218
SAT-0-0,272.37787000004886,274.1408471082838,1200,SAT-1-0,-54.92960307065191,319.1408471082838,1200,right,0.0018992669052007522,4349000,3329.471238254218
SAT-0-0,272.6283900000489,274.57592141010645,1200,SAT-7-0,-54.91400780965292,229.57592141010653,1200,left,0.0018978133893269881,4353000,3330.7619873106487
SAT-0-0,272.6283900000489,274.57592141010645,1200,SAT-1-0,-54.91400780965292,319.57592141010645,1200,right,0.0018978133893269881,4353000,3330.7619873106473
SAT-0-0,272.878910000049,275.0106419036312,1200,SAT-7-0,-54.8968598567415,230.01064190363115,1200,left,0.00189621555324203,4357000,3332.1809607937225
SAT-0-0,272.878910000049,275.0106419036312,1200,SAT-1-0,-54.8968598567415,320.0106419036312,1200,right,0.0018962155531834805,4357000,3332.1809607937216
SAT-0-0,273.1294300000491,275.4449756343707,1200,SAT-7-0,-54.878161520644724,230.44497563437062,1200,left,0.0018944742530711228,4361000,3333.7278865336025
SAT-0-0,273.1294300000491,275.4449756343707,1200,SAT-1-0,-54.878161520644724,320.4449756343707,1200,right,0.0018944742530125195,4361000,3333.727886533601
SAT-0-0,273.37995000004923,275.87888985467697,1200,SAT-7-0,-54.85791531371727,230.87888985467697,1200,left,0.00189259041881413,4365000,3335.4024682933004
SAT-0-0,273.37995000004923,275.87888985467697,1200,SAT-1-0,-54.85791531371727,320.87888985467697,1200,right,0.0018925904186381452,4365000,3335.4024682932995
SAT-0-0,273.63047000004934,276.3123520405397,1200,SAT-7-0,-54.83612395029505,231.31235204053965,1200,left,0.0018905650534510913,4369000,3337.2043859469372
SAT-0-0,273.63047000004934,276.3123520405397,1200,SAT-1-0,-54.83612395029505,321.3123520405397,1200,right,0.0018905650533336425,4369000,3337.2043859469372
SAT-0-0,273.8809900000494,276.74532990809314,1200,SAT-7-0,-54.812790344923094,231.74532990809317,1200,left,0.0018883992317087466,4373000,3339.1332956716415
SAT-0-0,273.8809900000494,276.74532990809314,1200,SAT-1-0,-54.812790344923094,321.74532990809314,1200,right,0.0018883992317087466,4373000,3339.13329567164
SAT-0-0,274.1315100000495,277.1777914298114,1200,SAT-7-0,-54.78791761046056,232.17779142981146,1200,left,0.001886094098188049,4377000,3341.1888301528134
SAT-0-0,274.1315100000495,277.1777914298114,1200,SAT-1-0,-54.78791761046056,322.1777914298114,1200,right,0.0018860940980703219,4377000,3341.1888301528124
SAT-0-0,274.3820300000496,277.6097048503727,1200,SAT-7-0,-54.76150905606537,232.60970485037274,1200,left,0.001883650866317003,4381000,3343.3705988024612
SAT-0-0,274.3820300000496,277.6097048503727,1200,SAT-1-0,-54.76150905606537,322.6097048503727,1200,right,0.001883650866317003,4381000,3343.3705988024603
SAT-0-0,274.6325500000497,278.04103870217483,1200,SAT-7-0,-54.733568185061834,233.0410387021748,1200,left,0.0018810708163617376,4385000,3345.6781879902774
SAT-0-0,274.6325500000497,278.04103870217483,1200,SAT-1-0,-54.733568185061834,323.04103870217483,1200,right,0.0018810708163617376,4385000,3345.6781879902765
SAT-0-0,274.88307000004977,278.4717618204844,1200,SAT-7-0,-54.704098692694174,233.47176182048437,1200,left,0.0018783552944336241,4389000,3348.111161287135
SAT-0-0,274.88307000004977,278.4717618204844,1200,SAT-1-0,-54.704098692694174,323.4717618204844,1200,right,0.0018783552944336241,4389000,3348.111161287134
SAT-0-0,275.1335900000499,278.90184335820146,1200,SAT-7-0,-54.673104463769455,233.9018433582015,1200,left,0.0018755057101897486,4393000,3350.6690597206502
SAT-0-0,275.1335900000499,278.90184335820146,1200,SAT-1-0,-54.673104463769455,323.90184335820146,1200,right,0.0018755057101305524,4393000,3350.6690597206484
SAT-0-0,275.38411000005,279.3312528002261,1200,SAT-7-0,-54.64058957019325,234.33125280022603,1200,left,0.0018725235354027589,4397000,3353.351402042439
SAT-0-0,275.38411000005,279.3312528002261,1200,SAT-1-0,-54.64058957019325,324.3312528002261,1200,right,0.0018725235354027589,4397000,3353.351402042438
SAT-0-0,275.6346300000501,279.7599599774099,1200,SAT-7-0,-54.606558268401656,234.75995997740992,1200,left,0.0018694103020985373,4401000,3356.157685006713
SAT-0-0,275.6346300000501,279.7599599774099,1200,SAT-1-0,-54.606558268401656,324.7599599774099,1200,right,0.0018694103020985373,4401000,3356.157685006712
SAT-0-0,275.88515000005015,280.1879350800804,1200,SAT-7-0,-54.571014996693336,235.18793508008045,1200,left,0.001866167600133614,4405000,3359.0873836598007
SAT-0-0,275.88515000005015,280.1879350800804,1200,SAT-1-0,-54.571014996693336,325.1879350800804,1200,right,0.001866167600133614,4405000,3359.0873836598003
SAT-0-0,276.13567000005025,280.6151486711233,1200,SAT-7-0,-54.53396437246554,235.61514867112325,1200,left,0.001862797076465549,4409000,3362.1399516402116
SAT-0-0,276.13567000005025,280.6151486711233,1200,SAT-1-0,-54.53396437246554,325.6151486711233,1200,right,0.001862797076465549,4409000,3362.1399516402103
SAT-0-0,276.38619000005036,281.04157169861213,1200,SAT-7-0,-54.49541118935774,236.04157169861216,1200,left,0.0018593004318937655,4413000,3365.314821488806
SAT-0-0,276.38619000005036,281.04157169861213,1200,SAT-1-0,-54.49541118935774,326.04157169861213,1200,right,0.0018593004317743417,4413000,3365.3148214888065
SAT-0-0,276.63671000005047,281.4671755079737,1200,SAT-7-0,-54.455360414307115,236.4671755079737,1200,left,0.0018556794194812783,4417000,3368.611404968698
SAT-0-0,276.63671000005047,281.4671755079737,1200,SAT-1-0,-54.455360414307115,326.4671755079737,1200,right,0.0018556794193616217,4417000,3368.611404968696
SAT-0-0,276.8872300000505,281.89193185367935,1200,SAT-7-0,-54.41381718451996,236.8919318536794,1200,left,0.0018519358429362018,4421000,3372.029093394388
SAT-0-0,276.8872300000505,281.89193185367935,1200,SAT-1-0,-54.41381718451996,326.89193185367935,1200,right,0.0018519358428163032,4421000,3372.029093394388
SAT-0-0,277.13775000005063,282.3158129104525,1200,SAT-7-0,-54.370786804362936,237.31581291045248,1200,left,0.001848071553807074,4425000,3375.5672579697693
SAT-0-0,277.13775000005063,282.3158129104525,1200,SAT-1-0,-54.370786804362936,327.3158129104525,1200,right,0.0018480715536869246,4425000,3375.567257969769
SAT-0-0,277.38827000005074,282.7387912839857,1200,SAT-7-0,-54.32627474217875,237.73879128398568,1200,left,0.0018440884492762182,4429000,3379.2252501344924
SAT-0-0,277.38827000005074,282.7387912839857,1200,SAT-1-0,-54.32627474217875,327.7387912839857,1200,right,0.001844088449336423,4429000,3379.225250134492
SAT-0-0,277.63879000005085,283.16084002115866,1200,SAT-7-0,-54.28028662703013,238.1608400211587,1200,left,0.0018399884711583292,4433000,3383.0024019182797
SAT-0-0,277.63879000005085,283.16084002115866,1200,SAT-1-0,-54.28028662703013,328.16084002115866,1200,right,0.001839988471218668,4433000,3383.0024019182783
SAT-0-0,277.8893100000509,283.5819326197532,1200,SAT-7-0,-54.23282824537672,238.58193261975325,1200,left,0.0018357736018856175,4437000,3386.8980263027283
SAT-0-0,277.8893100000509,283.5819326197532,1200,SAT-1-0,-54.23282824537672,328.5819326197532,1200,right,0.0018357736020065717,4437000,3386.898026302728
SAT-0-0,278.139830000051,284.0020430376575,1200,SAT-7-0,-54.183905537689064,239.00204303765742,1200,left,0.0018314458637917865,4441000,3390.911417590128
SAT-0-0,278.139830000051,284.0020430376575,1200,SAT-1-0,-54.183905537689064,329.0020430376575,1200,right,0.0018314458639130265,4441000,3390.911417590127
SAT-0-0,278.3903500000511,284.42114570155826,1200,SAT-7-0,-54.133524595004104,239.4211457015582,1200,left,0.0018270073161535346,4445000,3395.0418517788457
SAT-0-0,278.3903500000511,284.42114570155826,1200,SAT-1-0,-54.133524595004104,329.42114570155826,1200,right,0.0018270073162750694,4445000,3395.0418517788457
SAT-0-0,278.6408700000512,284.83921551511696,1200,SAT-7-0,-54.08169165542661,239.83921551511696,1200,left,0.0018224600529938872,4449000,3399.288586944821
SAT-0-0,278.6408700000512,284.83921551511696,1200,SAT-1-0,-54.08169165542661,329.83921551511696,1200,right,0.0018224600529329683,4449000,3399.2885869448196
SAT-0-0,278.8913900000513,285.25622786662757,1200,SAT-7-0,-54.02841310058072,240.25622786662754,1200,left,0.00181780620086181,4453000,3403.6508636286817
SAT-0-0,278.8913900000513,285.25622786662757,1200,SAT-1-0,-54.02841310058072,330.25622786662757,1200,right,0.0018178062009839599,4453000,3403.650863628682
SAT-0-0,279.1419100000514,285.6721586361549,1200,SAT-7-0,-53.973695452016315,240.67215863615488,1200,left,0.0018130479168896963,4457000,3408.1279052280574
SAT-0-0,279.1419100000514,285.6721586361549,1200,SAT-1-0,-53.973695452016315,330.6721586361549,1200,right,0.0018130479169509316,4457000,3408.1279052280565
SAT-0-0,279.3924300000515,286.0869842021543,1200,SAT-7-0,-53.917545367574256,241.08698420215433,1200,left,0.0018081873859018876,4461000,3412.7189183945816
SAT-0-0,279.3924300000515,286.0869842021543,1200,SAT-1-0,-53.917545367574256,331.0869842021543,1200,right,0.0018081873859018876,4461000,3412.7189183945807
SAT-0-0,279.6429500000516,286.50068144757296,1200,SAT-7-0,-53.85996963771504,241.5006814475729,1200,left,0.0018032268187072353,4465000,3417.4230934351663
SAT-0-0,279.6429500000516,286.50068144757296,1200,SAT-1-0,-53.85996963771504,331.50068144757296,1200,right,0.0018032268186456667,4465000,3417.4230934351654
SAT-0-0,279.89347000005165,286.9132277654345,1200,SAT-7-0,-53.800975181815,241.91322776543444,1200,left,0.001798168449556932,4469000,3422.2396047170723
SAT-0-0,279.89347000005165,286.9132277654345,1200,SAT-1-0,-53.800975181815,331.9132277654345,1200,right,0.001798168449556932,4469000,3422.2396047170714
SAT-0-0,280.14399000005176,287.3246010639092,1200,SAT-7-0,-53.74056904443464,242.32460106390914,1200,left,0.0017930145340480153,4473000,3427.1676110763074
SAT-0-0,280.14399000005176,287.3246010639092,1200,SAT-1-0,-53.74056904443464,332.3246010639092,1200,right,0.001793014533986096,4473000,3427.167611076307
SAT-0-0,280.39451000005187,287.734779770874,1200,SAT-7-0,-53.67875839156289,242.73477977087396,1200,left,0.001787767346670465,4477000,3432.2062562289416
SAT-0-0,280.39451000005187,287.734779770874,1200,SAT-1-0,-53.67875839156289,332.734779770874,1200,right,0.001787767346732566,4477000,3432.206256228941
SAT-0-0,280.645030000052,288.14374283796644,1200,SAT-7-0,-53.6155505068419,243.14374283796636,1200,left,0.0017824291791705901,4481000,3437.3546691848574
SAT-0-0,280.645030000052,288.14374283796644,1200,SAT-1-0,-53.6155505068419,333.14374283796644,1200,right,0.0017824291791705901,4481000,3437.3546691848555
SAT-0-0,280.895550000052,288.5514697441368,1200,SAT-7-0,-53.550952787776055,243.55146974413677,1200,left,0.0017770023375579226,4485000,3442.61196466353
SAT-0-0,280.895550000052,288.5514697441368,1200,SAT-1-0,-53.550952787776055,333.5514697441368,1200,right,0.0017770023375579226,4485000,3442.611964663531
SAT-0-0,281.14607000005213,288.95794049870494,1200,SAT-7-0,-53.48497274192972,243.95794049870494,1200,left,0.001771489140543762,4489000,3447.9772435113864
SAT-0-0,281.14607000005213,288.95794049870494,1200,SAT-1-0,-53.48497274192972,333.95794049870494,1200,right,0.0017714891404810903,4489000,3447.9772435113855
SAT-0-0,281.39659000005224,289.3631356439284,1200,SAT-7-0,-53.41761798311725,244.36313564392836,1200,left,0.0017658919170502848,4493000,3453.4495931203187
SAT-0-0,281.39659000005224,289.3631356439284,1200,SAT-1-0,-53.41761798311725,334.3631356439284,1200,right,0.0017658919173646368,4493000,3453.4495931203182
SAT-0-0,281.64711000005235,289.76703625708836,1200,SAT-7-0,-53.34889622758952,244.76703625708842,1200,left,0.001760213005100753,4497000,3459.028087846967
SAT-0-0,281.64711000005235,289.76703625708836,1200,SAT-1-0,-53.34889622758952,334.76703625708836,1200,right,0.0017602130051638262,4497000,3459.0280878469666
SAT-0-0,281.8976300000524,290.16962395210214,1200,SAT-7-0,-53.27881529022045,245.16962395210217,1200,left,0.001754454748006384,4501000,3464.7117894323355
SAT-0-0,281.8976300000524,290.16962395210214,1200,SAT-1-0,-53.27881529022045,335.16962395210214,1200,right,0.0017544547479431036,4501000,3464.7117894323346
SAT-0-0,282.1481500000525,290.57088088066956,1200,SAT-7-0,-53.207383080697554,245.5708808806695,1200,left,0.001748619493435962,4505000,3470.4997474213387
SAT-0-0,282.1481500000525,290.57088088066956,1200,SAT-1-0,-53.207383080697554,335.57088088066956,1200,right,0.0017486194933724708,4505000,3470.499747421338
SAT-0-0,282.3986700000526,290.9707897329635,1200,SAT-7-0,-53.134607599720006,245.9707897329635,1200,left,0.0017427095922474334,4509000,3476.390999581938
SAT-0-0,282.3986700000526,290.9707897329635,1200,SAT-1-0,-53.134607599720006,335.9707897329635,1200,right,0.00174270959212002,4509000,3476.390999581937
SAT-0-0,282.6491900000527,291.36933373787343,1200,SAT-7-0,-53.06049693520761,246.3693337378735,1200,left,0.0017367273945176269,4513000,3482.384572323434
SAT-0-0,282.6491900000527,291.36933373787343,1200,SAT-1-0,-53.06049693520761,336.36933373787343,1200,right,0.001736727394581553,4513000,3482.384572323434
SAT-0-0,282.8997100000528,291.76649666281145,1200,SAT-7-0,-52.985059258524345,246.76649666281148,1200,left,0.0017306752494360461,4517000,3488.479481113593
SAT-0-0,282.8997100000528,291.76649666281145,1200,SAT-1-0,-52.985059258524345,336.76649666281145,1200,right,0.0017306752493718963,4517000,3488.4794811135916
SAT-0-0,283.1502300000529,292.16226281309343,1200,SAT-7-0,-52.90830282071969,247.1622628130934,1200,left,0.001724555502846306,4521000,3494.6747308942277
SAT-0-0,283.1502300000529,292.16226281309343,1200,SAT-1-0,-52.90830282071969,337.16226281309343,1200,right,0.0017245555027175514,4521000,3494.6747308942263
SAT-0-0,283.400750000053,292.55661703090294,1200,SAT-7-0,-52.83023594879088,247.55661703090288,1200,left,0.0017183704947664404,4525000,3500.9693164948912
SAT-0-0,283.400750000053,292.55661703090294,1200,SAT-1-0,-52.83023594879088,337.55661703090294,1200,right,0.0017183704947664404,4525000,3500.9693164948903
SAT-0-0,283.6512700000531,292.94954469385283,1200,SAT-7-0,-52.75086704196926,247.94954469385283,1200,left,0.001712122558960716,4529000,3507.362223044372
SAT-0-0,283.6512700000531,292.94954469385283,1200,SAT-1-0,-52.75086704196926,337.94954469385283,1200,right,0.0017121225590255608,4529000,3507.362223044371
SAT-0-0,283.90179000005315,293.3410317131534,1200,SAT-7-0,-52.67020456803376,248.3410317131534,1200,left,0.0017058140203838766,4533000,3513.85242637964
SAT-0-0,283.90179000005315,293.3410317131534,1200,SAT-1-0,-52.67020456803376,338.3410317131534,1200,right,0.0017058140203838766,4533000,3513.852426379639
SAT-0-0,284.15231000005326,293.731064531401,1200,SAT-7-0,-52.588257059654104,248.73106453140096,1200,left,0.0016994471937084108,4537000,3520.4388934519598
SAT-0-0,284.15231000005326,293.731064531401,1200,SAT-1-0,-52.588257059654104,338.731064531401,1200,right,0.0016994471935777539,4537000,3520.4388934519598
SAT-0-0,284.40283000005337,294.11963011999745,1200,SAT-7-0,-52.505033110766924,249.11963011999748,1200,left,0.001693024381388304,4541000,3527.1205827298572
SAT-0-0,284.40283000005337,294.11963011999745,1200,SAT-1-0,-52.505033110766924,339.11963011999745,1200,right,0.0016930243813227277,4541000,3527.1205827298563
SAT-0-0,284.6533500000535,294.506715976215,1200,SAT-7-0,-52.42054137298703,249.506715976215,1200,left,0.0016865478732210968,4545000,3533.896444598678
SAT-0-0,284.6533500000535,294.506715976215,1200,SAT-1-0,-52.42054137298703,339.506715976215,1200,right,0.0016865478732210968,4545000,3533.8964445986776
SAT-0-0,284.9038700000536,294.8923101199175,1200,SAT-7-0,-52.33479055205644,249.8923101199175,1200,left,0.0016800199434832152,4549000,3540.76542175644
SAT-0-0,284.9038700000536,294.8923101199175,1200,SAT-1-0,-52.33479055205644,339.8923101199175,1200,right,0.001680019943681467,4549000,3540.7654217564386
SAT-0-0,285.15439000005364,295.27640108995246,1200,SAT-7-0,-52.24778940433358,250.2764010899525,1200,left,0.0016734428507469302,4553000,3547.726449605755
SAT-0-0,285.15439000005364,295.27640108995246,1200,SAT-1-0,-52.24778940433358,340.27640108995246,1200,right,0.0016734428505478993,4553000,3547.726449605753
SAT-0-0,285.40491000005375,295.65897794022504,1200,SAT-7-0,-52.159546733324994,250.65897794022507,1200,left,0.0016668188352570875,4557000,3554.778456641531
SAT-0-0,285.40491000005375,295.65897794022504,1200,SAT-1-0,-52.159546733324994,340.65897794022504,1200,right,0.0016668188352570875,4557000,3554.77845664153
SAT-0-0,285.65543000005385,296.0400302354689,1200,SAT-7-0,-52.07007138626155,251.04003023546895,1200,left,0.0016601501189489889,4561000,3561.9203648342755
SAT-0-0,285.65543000005385,296.0400302354689,1200,SAT-1-0,-52.07007138626155,341.0400302354689,1200,right,0.0016601501190158638,4561000,3561.9203648342755
SAT-0-0,285.90595000005396,296.4195480467258,1200,SAT-7-0,-51.9793722507212,251.41954804672585,1200,left,0.001653438903481561,4565000,3569.1510900087296
SAT-0-0,285.90595000005396,296.4195480467258,1200,SAT-1-0,-51.9793722507212,341.4195480467258,1200,right,0.001653438903481561,4565000,3569.1510900087287
SAT-0-0,286.156470000054,296.79752194654867,1200,SAT-7-0,-51.88745825130011,251.7975219465487,1200,left,0.0016466873687243173,4569000,3576.4695422176683
SAT-0-0,286.156470000054,296.79752194654867,1200,SAT-1-0,-51.88745825130011,341.79752194654867,1200,right,0.0016466873687243173,4569000,3576.4695422176665
SAT-0-0,286.4069900000541,297.1739430039387,1200,SAT-7-0,-51.79433834633426,252.1739430039387,1200,left,0.0016398976725912813,4573000,3583.8746261106307
SAT-0-0,286.4069900000541,297.1739430039387,1200,SAT-1-0,-51.79433834633426,342.1739430039387,1200,right,0.001639897672388179,4573000,3583.874626110629
SAT-0-0,286.65751000005423,297.5488027790328,1200,SAT-7-0,-51.700021524672664,252.54880277903277,1200,left,0.0016330719488623349,4577000,3591.3652412974466
SAT-0-0,286.65751000005423,297.5488027790328,1200,SAT-1-0,-51.700021524672664,342.5488027790328,1200,right,0.0016330719488623349,4577000,3591.365241297445
SAT-0-0,286.90803000005434,297.9220933175529,1200,SAT-7-0,-51.604516802504115,252.92209331755285,1200,left,0.0016262123072345522,4581000,3598.9402827063445
SAT-0-0,286.90803000005434,297.9220933175529,1200,SAT-1-0,-51.604516802504115,342.9220933175529,1200,right,0.0016262123071662817,4581000,3598.940282706343
SAT-0-0,287.1585500000544,298.29380714502986,1200,SAT-7-0,-51.50783322023872,253.29380714502983,1200,left,0.0016193208314878385,4585000,3606.5986409365155
SAT-0-0,287.1585500000544,298.29380714502986,1200,SAT-1-0,-51.50783322023872,343.29380714502986,1200,right,0.0016193208314878385,4585000,3606.598640936515
SAT-0-0,287.4090700000545,298.66393726081606,1200,SAT-7-0,-51.40997983944558,253.66393726081603,1200,left,0.0016123995790143957,4589000,3614.3392026049696
SAT-0-0,287.4090700000545,298.66393726081606,1200,SAT-1-0,-51.40997983944558,343.66393726081606,1200,right,0.0016123995792209618,4589000,3614.33920260497
SAT-0-0,287.6595900000546,299.03247713189876,1200,SAT-7-0,-51.31096573984768,254.0324771318988,1200,left,0.0016054505802323928,4593000,3622.160850687563
SAT-0-0,287.6595900000546,299.03247713189876,1200,SAT-1-0,-51.31096573984768,344.03247713189876,1200,right,0.0016054505802323928,4593000,3622.1608506875623
SAT-0-0,287.9101100000547,299.39942068652783,1200,SAT-7-0,-51.210800016375295,254.39942068652786,1200,left,0.0015984758367005743,4597000,3630.0624648540625
SAT-0-0,287.9101100000547,299.39942068652783,1200,SAT-1-0,-51.210800016375295,344.39942068652783,1200,right,0.0015984758367700296,4597000,3630.062464854062
SAT-0-0,288.16063000005477,299.7647623076692,1200,SAT-7-0,-51.10949177627849,254.76476230766914,1200,left,0.00159147732215021,4601000,3638.042921797164
SAT-0-0,288.16063000005477,299.7647623076692,1200,SAT-1-0,-51.10949177627849,344.7647623076692,1200,right,0.00159147732215021,4601000,3638.0429217971628
SAT-0-0,288.4111500000549,300.1284968262976,1200,SAT-7-0,-51.00705013630013,255.12849682629755,1200,left,0.0015844569798688939,4605000,3646.101095555316
SAT-0-0,288.4111500000549,300.1284968262976,1200,SAT-1-0,-51.00705013630013,345.1284968262976,1200,right,0.0015844569799389635,4605000,3646.101095555315
SAT-0-0,288.661670000055,300.4906195145398,1200,SAT-7-0,-50.903484219909565,255.49061951453982,1200,left,0.0015774167237139118,4609000,3654.23585782932
SAT-0-0,288.661670000055,300.4906195145398,1200,SAT-1-0,-50.903484219909565,345.4906195145398,1200,right,0.0015774167236435295,4609000,3654.2358578293192
SAT-0-0,288.9121900000551,300.8511260786816,1200,SAT-7-0,-50.79880315459804,255.85112607868157,1200,left,0.001570358436082865,4613000,3662.4460782925876
SAT-0-0,288.9121900000551,300.8511260786816,1200,SAT-1-0,-50.79880315459804,345.8511260786816,1200,right,0.0015703584360121663,4613000,3662.4460782925867
SAT-0-0,289.16271000005514,301.21001265204933,1200,SAT-7-0,-50.693016069236165,256.2100126520493,1200,left,0.001563283968854295,4617000,3670.7306248950053
SAT-0-0,289.16271000005514,301.21001265204933,1200,SAT-1-0,-50.693016069236165,346.21001265204933,1200,right,0.0015632839689253136,4617000,3670.7306248950044
SAT-0-0,289.41323000005525,301.56727578777674,1200,SAT-7-0,-50.586132091494115,256.5672757877768,1200,left,0.001556195141757838,4621000,3679.088364160342
SAT-0-0,289.41323000005525,301.56727578777674,1200,SAT-1-0,-50.586132091494115,346.56727578777674,1200,right,0.0015561951419005224,4621000,3679.088364160342
SAT-0-0,289.66375000005536,301.9229124514711,1200,SAT-7-0,-50.478160345324646,256.92291245147106,1200,left,0.0015490937426797238,4625000,3687.5181614771654
SAT-0-0,289.66375000005536,301.9229124514711,1200,SAT-1-0,-50.478160345324646,346.9229124514711,1200,right,0.0015490937426080546,4625000,3687.5181614771664
SAT-0-0,289.91427000005547,302.27692001378654,1200,SAT-7-0,-50.36910994850949,257.27692001378654,1200,left,0.0015419815264391423,4629000,3696.018881383215
SAT-0-0,289.91427000005547,302.27692001378654,1200,SAT-1-0,-50.36910994850949,347.27692001378654,1200,right,0.0015419815265111422,4629000,3696.018881383214
SAT-0-0,290.1647900000555,302.62929624291746,1200,SAT-7-0,-50.25899001026902,257.6292962429175,1200,left,0.0015348602152421846,4633000,3704.5893878432184
SAT-0-0,290.1647900000555,302.62929624291746,1200,SAT-1-0,-50.25899001026902,347.62929624291746,1200,right,0.0015348602152421846,4633000,3704.589387843216
SAT-0-0,290.4153100000556,302.980039297021,1200,SAT-7-0,-50.147809628935605,257.980039297021,1200,left,0.001527731498398481,4637000,3713.2285445201055
SAT-0-0,290.4153100000556,302.980039297021,1200,SAT-1-0,-50.147809628935605,347.980039297021,1200,right,0.0015277314986164952,4637000,3713.228544520104
SAT-0-0,290.66583000005573,303.3291477165802,1200,SAT-7-0,-50.035577889690465,258.32914771658017,1200,left,0.0015205970314236977,4641000,3721.935215039653
SAT-0-0,290.66583000005573,303.3291477165802,1200,SAT-1-0,-50.035577889690465,348.3291477165802,1200,right,0.0015205970316427347,4641000,3721.9352150396517
SAT-0-0,290.91635000005584,303.6766204167161,1200,SAT-7-0,-49.922303862363954,258.6766204167161,1200,left,0.0015134584363427845,4645000,3730.7082632485067
SAT-0-0,290.91635000005584,303.6766204167161,1200,SAT-1-0,-49.922303862363954,348.6766204167161,1200,right,0.0015134584364894978,4645000,3730.708263248506
SAT-0-0,291.1668700000559,304.02245667946,1200,SAT-7-0,-49.80799659929924,259.02245667945994,1200,left,0.0015063173016872657,4649000,3739.5465534656328
SAT-0-0,291.1668700000559,304.02245667946,1200,SAT-1-0,-49.80799659929924,349.02245667946,1200,right,0.0015063173016872657,4649000,3739.5465534656323
SAT-0-0,291.417390000056,304.366656145993,1200,SAT-7-0,-49.69266513327928,259.366656145993,1200,left,0.0014991751815111537,4653000,3748.448950727168
SAT-0-0,291.417390000056,304.366656145993,1200,SAT-1-0,-49.69266513327928,349.366656145993,1200,right,0.0014991751815111537,4653000,3748.4489507271664
SAT-0-0,291.6679100000561,304.70921880886414,1200,SAT-7-0,-49.57631847551657,259.7092188088642,1200,left,0.0014920335963702507,4657000,3757.4143210247216
SAT-0-0,291.6679100000561,304.70921880886414,1200,SAT-1-0,-49.57631847551657,349.70921880886414,1200,right,0.0014920335963702507,4657000,3757.4143210247207
SAT-0-0,291.9184300000562,305.05014500419406,1200,SAT-7-0,-49.45896561370555,260.05014500419406,1200,left,0.0014848940323694876,4661000,3766.441531537147
SAT-0-0,291.9184300000562,305.05014500419406,1200,SAT-1-0,-49.45896561370555,350.05014500419406,1200,right,0.0014848940323694876,4661000,3766.4415315371466
SAT-0-0,292.16895000005627,305.3894354038729,1200,SAT-7-0,-49.34061551013705,260.3894354038729,1200,left,0.0014777579421208812,4665000,3775.5294508558086
SAT-0-0,292.16895000005627,305.3894354038729,1200,SAT-1-0,-49.34061551013705,350.3894354038729,1200,right,0.0014777579420457523,4665000,3775.5294508558077
SAT-0-0,292.4194700000564,305.72709100776035,1200,SAT-7-0,-49.22127709987474,260.7270910077603,1200,left,0.0014706267437525746,4669000,3784.676949203378
SAT-0-0,292.4194700000564,305.72709100776035,1200,SAT-1-0,-49.22127709987474,350.72709100776035,1200,right,0.0014706267437525746,4669000,3784.676949203377
SAT-0-0,292.6699900000565,306.06311313589595,1200,SAT-7-0,-49.10095928899261,261.0631131358959,1200,left,0.0014635018217725474,4673000,3793.8828986462336
SAT-0-0,292.6699900000565,306.06311313589595,1200,SAT-1-0,-49.10095928899261,351.06311313589595,1200,right,0.001463501821620826,4673000,3793.882898646233
SAT-0-0,292.9205100000566,306.3975034207263,1200,SAT-7-0,-48.97967095287322,261.39750342072637,1200,left,0.001456384526268817,4677000,3803.1461733004803
SAT-0-0,292.9205100000566,306.3975034207263,1200,SAT-1-0,-48.97967095287322,351.3975034207263,1200,right,0.001456384526268817,4677000,3803.146173300479
SAT-0-0,293.17103000005665,306.730263799357,1200,SAT-7-0,-48.85742093456588,261.730263799357,1200,left,0.0014492761740671114,4681000,3812.46564953167
SAT-0-0,293.17103000005665,306.730263799357,1200,SAT-1-0,-48.85742093456588,351.730263799357,1200,right,0.001449276173990506,4681000,3812.4656495316685
SAT-0-0,293.42155000005675,307.0613965058343,1200,SAT-7-0,-48.734218043204606,262.0613965058343,1200,left,0.0014421780483734883,4685000,3821.8402061482643
SAT-0-0,293.42155000005675,307.0613965058343,1200,SAT-1-0,-48.734218043204606,352.0613965058343,1200,right,0.0014421780483734883,4685000,3821.840206148264
SAT-0-0,293.67207000005686,307.3909040634655,1200,SAT-7-0,-48.610071052484486,262.3909040634655,1200,left,0.0014350913986297753,4689000,3831.2687245889256
SAT-0-0,293.67207000005686,307.3909040634655,1200,SAT-1-0,-48.610071052484486,352.3909040634655,1200,right,0.0014350913986297753,4689000,3831.2687245889247
SAT-0-0,293.92259000005697,307.7187892771817,1200,SAT-7-0,-48.48498869919617,262.71878927718177,1200,left,0.0014280174413677854,4693000,3840.750089103687
SAT-0-0,293.92259000005697,307.7187892771817,1200,SAT-1-0,-48.48498869919617,352.7187892771817,1200,right,0.0014280174412122937,4693000,3840.750089103686
SAT-0-0,294.173110000057,308.04505522594997,1200,SAT-7-0,-48.35897968181771,263.04505522594997,1200,left,0.001420957359676011,4697000,3850.2831869290835
SAT-0-0,294.173110000057,308.04505522594997,1200,SAT-1-0,-48.35897968181771,353.04505522594997,1200,right,0.001420957359676011,4697000,3850.283186929083
SAT-0-0,294.42363000005713,308.36970525524,1200,SAT-7-0,-48.232052659162626,263.36970525524,1200,left,0.0014139123042150436,4701000,3859.8669084573385
SAT-0-0,294.42363000005713,308.36970525524,1200,SAT-1-0,-48.232052659162626,353.36970525524,1200,right,0.001413912304293565,4701000,3859.8669084573385
SAT-0-0,294.67415000005724,308.6927429695503,1200,SAT-7-0,-48.104216249083905,263.69274296955035,1200,left,0.0014068833933117383,4705000,3869.5001473996385
SAT-0-0,294.67415000005724,308.6927429695503,1200,SAT-1-0,-48.104216249083905,353.6927429695503,1200,right,0.0014068833932328246,4705000,3869.500147399637
SAT-0-0,294.92467000005735,309.0141722249996,1200,SAT-7-0,-47.97547902723247,264.0141722249996,1200,left,0.0013998717124177606,4709000,3879.1818009436392
SAT-0-0,294.92467000005735,309.0141722249996,1200,SAT-1-0,-47.97547902723247,354.0141722249996,1200,right,0.0013998717124177606,4709000,3879.1818009436392
SAT-0-0,295.1751900000574,309.3339971219861,1200,SAT-7-0,-47.84584952586967,264.33399712198604,1200,left,0.001392878315700807,4713000,3888.910769905251
SAT-0-0,295.1751900000574,309.3339971219861,1200,SAT-1-0,-47.84584952586967,354.3339971219861,1200,right,0.0013928783157805143,4713000,3888.9107699052506
SAT-0-0,295.4257100000575,309.6522219979218,1200,SAT-7-0,-47.71533623273264,264.65222199792186,1200,left,0.0013859042252785043,4717000,3898.6859588748093
SAT-0-0,295.4257100000575,309.6522219979218,1200,SAT-1-0,-47.71533623273264,354.6522219979218,1200,right,0.0013859042252785043,4717000,3898.6859588748084
SAT-0-0,295.6762300000576,309.96885142004265,1200,SAT-7-0,-47.58394758995192,264.9688514200426,1200,left,0.0013789504326818627,4721000,3908.5062763577007
SAT-0-0,295.6762300000576,309.96885142004265,1200,SAT-1-0,-47.58394758995192,354.96885142004265,1200,right,0.0013789504326013505,4721000,3908.5062763577002
SAT-0-0,295.9267500000577,310.2838901783011,1200,SAT-7-0,-47.45169199301989,265.283890178301,1200,left,0.0013720178976921531,4725000,3918.3706349095855
SAT-0-0,295.9267500000577,310.2838901783011,1200,SAT-1-0,-47.45169199301989,355.2838901783011,1200,right,0.0013720178977730724,4725000,3918.370634909586
SAT-0-0,296.1772700000578,310.59734327834246,1200,SAT-7-0,-47.31857778980947,265.59734327834246,1200,left,0.001365107550151451,4729000,3928.2779512662496
SAT-0-0,296.1772700000578,310.59734327834246,1200,SAT-1-0,-47.31857778980947,355.59734327834246,1200,right,0.0013651075502327796,4729000,3928.2779512662487
SAT-0-0,296.4277900000579,310.90921593457017,1200,SAT-7-0,-47.184613279641894,265.90921593457017,1200,left,0.0013582202900308505,4733000,3938.2271464682453
SAT-0-0,296.4277900000579,310.90921593457017,1200,SAT-1-0,-47.184613279641894,355.90921593457017,1200,right,0.0013582202900308505,4733000,3938.2271464682462
SAT-0-0,296.678310000058,311.21951356330084,1200,SAT-7-0,-47.04980671240278,266.2195135633009,1200,left,0.0013513569867625267,4737000,3948.21714598037
SAT-0-0,296.678310000058,311.21951356330084,1200,SAT-1-0,-47.04980671240278,356.21951356330084,1200,right,0.0013513569866803706,4737000,3948.2171459803694
SAT-0-0,296.9288300000581,311.5282417760134,1200,SAT-7-0,-46.914166287705186,266.5282417760133,1200,left,0.0013445184811956487,4741000,3958.2468798061113
SAT-0-0,296.9288300000581,311.5282417760134,1200,SAT-1-0,-46.914166287705186,356.5282417760134,1200,right,0.0013445184811956487,4741000,3958.2468798061104
SAT-0-0,297.1793500000582,311.8354063726947,1200,SAT-7-0,-46.777700154098895,266.83540637269476,1200,left,0.00133770558504197,4745000,3968.315282597155
SAT-0-0,297.1793500000582,311.8354063726947,1200,SAT-1-0,-46.777700154098895,356.8354063726947,1200,right,0.0013377055851249646,4745000,3968.3152825971542
SAT-0-0,297.42987000005826,312.14101333528345,1200,SAT-7-0,-46.64041640832474,267.1410133352834,1200,left,0.0013309190816419947,4749000,3978.421293758067
SAT-0-0,297.42987000005826,312.14101333528345,1200,SAT-1-0,-46.64041640832474,357.14101333528345,1200,right,0.0013309190814751592,4749000,3978.4212937580664
SAT-0-0,297.68039000005837,312.44506882121385,1200,SAT-7-0,-46.502323094613196,267.44506882121385,1200,left,0.0013241597260036648,4753000,3988.5638575462085
SAT-0-0,297.68039000005837,312.44506882121385,1200,SAT-1-0,-46.502323094613196,357.44506882121385,1200,right,0.0013241597260036648,4753000,3988.5638575462094
SAT-0-0,297.9309100000585,312.7475791570627,1200,SAT-7-0,-46.36342820402586,267.7475791570627,1200,left,0.0013174282460260733,4757000,3998.741923167062
SAT-0-0,297.9309100000585,312.7475791570627,1200,SAT-1-0,-46.36342820402586,357.7475791570627,1200,right,0.0013174282458575293,4757000,3998.741923167061
SAT-0-0,298.1814300000586,313.04855083229967,1200,SAT-7-0,-46.22373967383915,268.04855083229967,1200,left,0.0013107253424947897,4761000,4008.9544448649963
SAT-0-0,298.1814300000586,313.04855083229967,1200,SAT-1-0,-46.22373967383915,358.04855083229967,1200,right,0.0013107253424947897,4761000,4008.954444864995
SAT-0-0,298.43195000005863,313.3479904931434,1200,SAT-7-0,-46.08326538696876,268.3479904931434,1200,left,0.0013040516889966814,4765000,4019.200382009641
SAT-0-0,298.43195000005863,313.3479904931434,1200,SAT-1-0,-46.08326538696876,358.3479904931434,1200,right,0.0013040516890818177,4765000,4019.2003820096397
SAT-0-0,298.68247000005874,313.6459049365244,1200,SAT-7-0,-45.942013171434525,268.64590493652435,1200,left,0.0012974079338911688,4769000,4029.4786991779097
SAT-0-0,298.68247000005874,313.6459049365244,1200,SAT-1-0,-45.942013171434525,358.6459049365244,1200,right,0.0012974079338055962,4769000,4029.4786991779083
SAT-0-0,298.93299000005885,313.94230110415504,1200,SAT-7-0,-45.799990799863856,268.94230110415504,1200,left,0.0012907946989075103,4773000,4039.788366231835
SAT-0-0,298.93299000005885,313.94230110415504,1200,SAT-1-0,-45.799990799863856,358.94230110415504,1200,right,0.0012907946988214994,4773000,4039.7883662318336
SAT-0-0,299.18351000005896,314.23718607670924,1200,SAT-7-0,-45.657205989033386,269.23718607670924,1200,left,0.0012842125809897726,4777000,4050.1283583922786
SAT-0-0,299.18351000005896,314.23718607670924,1200,SAT-1-0,-45.657205989033386,359.23718607670924,1200,right,0.0012842125809897726,4777000,4050.1283583922773
SAT-0-0,299.434030000059,314.53056706811077,1200,SAT-7-0,-45.513666399447374,269.53056706811077,1200,left,0.0012776621525541938,4781000,4060.497656308649
SAT-0-0,299.434030000059,314.53056706811077,1200,SAT-1-0,-45.513666399447374,359.53056706811077,1200,right,0.0012776621525541938,4781000,4060.4976563086475
SAT-0-0,299.6845500000591,314.82245141993207,1200,SAT-7-0,-45.36937963495223,269.822451419932,1200,left,0.0012711439612368282,4785000,4070.89524612469
SAT-0-0,299.6845500000591,314.82245141993207,1200,SAT-1-0,-45.36937963495223,359.82245141993207,1200,right,0.0012711439612368282,4785000,4070.8952461246886
SAT-0-0,299.9350700000592,315.11284659590285,1200,SAT-7-0,-45.224353242385824,270.11284659590285,1200,left,0.0012646585313081423,4789000,4081.320119540496
SAT-0-0,299.9350700000592,315.11284659590285,1200,SAT-1-0,-45.224353242385824,0.11284659590287272,1200,right,0.0012646585313959306,4789000,4081.320119540495
SAT-0-0,300.18559000005934,315.4017601765304,1200,SAT-7-0,-45.07859471126082,270.4017601765304,1200,left,0.001258206363726561,4793000,4091.771273870802
SAT-0-0,300.18559000005934,315.4017601765304,1200,SAT-1-0,-45.07859471126082,0.4017601765304161,1200,right,0.001258206363726561,4793000,4091.771273870802
SAT-0-0,300.4361100000594,315.68919985383013,1200,SAT-7-0,-44.93211147348077,270.68919985383013,1200,left,0.0012517879362894222,4797000,4102.247712099703
SAT-0-0,300.4361100000594,315.68919985383013,1200,SAT-1-0,-44.93211147348077,0.6891998538301543,1200,right,0.0012517879362894222,4797000,4102.247712099701
SAT-0-0,300.6866300000595,315.97517342616663,1200,SAT-7-0,-44.78491090308855,270.9751734261667,1200,left,0.001245403704687445,4801000,4112.748442931829
SAT-0-0,300.6866300000595,315.97517342616663,1200,SAT-1-0,-44.78491090308855,0.9751734261666565,1200,right,0.0012454037048657363,4801000,4112.748442931829
SAT-0-0,300.9371500000596,316.25968879320646,1200,SAT-7-0,-44.637000316045466,271.2596887932064,1200,left,0.0012390541030617077,4805000,4123.272480840176
SAT-0-0,300.9371500000596,316.25968879320646,1200,SAT-1-0,-44.637000316045466,1.2596887932064817,1200,right,0.0012390541032409126,4805000,4123.2724808401745
SAT-0-0,301.1876700000597,316.5427539509806,1200,SAT-7-0,-44.4883869700406,271.5427539509806,1200,left,0.001232739543774782,4809000,4133.818846110579
SAT-0-0,301.1876700000597,316.5427539509806,1200,SAT-1-0,-44.4883869700406,1.5427539509806347,1200,right,0.001232739543774782,4809000,4133.818846110578
SAT-0-0,301.43819000005976,316.8243769870578,1200,SAT-7-0,-44.33907806432913,271.8243769870578,1200,left,0.001226460418359294,4813000,4144.386564883027
SAT-0-0,301.43819000005976,316.8243769870578,1200,SAT-1-0,-44.33907806432913,1.824376987057807,1200,right,0.001226460418359294,4813000,4144.386564883027
SAT-0-0,301.68871000005987,317.104566075827,1200,SAT-7-0,-44.189080739599085,272.10456607582694,1200,left,0.001220217098048734,4817000,4154.974669189828
SAT-0-0,301.68871000005987,317.104566075827,1200,SAT-1-0,-44.189080739599085,2.1045660758269786,1200,right,0.0012202170978667627,4817000,4154.974669189826
SAT-0-0,301.93923000006,317.3833294738894,1200,SAT-7-0,-44.03840207786516,272.3833294738894,1200,left,0.0012140099340581178,4821000,4165.58219699078
SAT-0-0,301.93923000006,317.3833294738894,1200,SAT-1-0,-44.03840207786516,2.383329473889378,1200,right,0.0012140099340581178,4821000,4165.582196990778
SAT-0-0,302.1897500000601,317.66067551555903,1200,SAT-7-0,-43.887049102389014,272.66067551555903,1200,left,0.0012078392581569492,4825000,4176.208192205414
SAT-0-0,302.1897500000601,317.66067551555903,1200,SAT-1-0,-43.887049102389014,2.660675515559044,1200,right,0.0012078392583407857,4825000,4176.208192205412
SAT-0-0,302.44027000006014,317.93661260847125,1200,SAT-7-0,-43.73502877762493,272.9366126084713,1200,left,0.001201705383914506,4829000,4186.851704742408
SAT-0-0,302.44027000006014,317.93661260847125,1200,SAT-1-0,-43.73502877762493,2.936612608471263,1200,right,0.001201705383914506,4829000,4186.8517047424075
SAT-0-0,302.69079000006025,318.2111492292977,1200,SAT-7-0,-43.582348009190376,273.21114922929763,1200,left,0.0011956086046483534,4833000,4197.5117905262505
SAT-0-0,302.69079000006025,318.2111492292977,1200,SAT-1-0,-43.582348009190376,3.21114922929768,1200,right,0.0011956086046483534,4833000,4197.5117905262505
SAT-0-0,302.94131000006035,318.484293919568,1200,SAT-7-0,-43.42901364386,273.484293919568,1200,left,0.001189549197011041,4837000,4208.187511521257
SAT-0-0,302.94131000006035,318.484293919568,1200,SAT-1-0,-43.42901364386,3.4842939195680156,1200,right,0.001189549197011041,4837000,4208.187511521256
SAT-0-0,303.19183000006046,318.75605528159656,1200,SAT-7-0,-43.27503246958281,273.7560552815966,1200,left,0.0011835274200048184,4841000,4218.877935753021
SAT-0-0,303.19183000006046,318.75605528159656,1200,SAT-1-0,-43.27503246958281,3.75605528159656,1200,right,0.0011835274200048184,4841000,4218.877935753019
SAT-0-0,303.4423500000605,319.0264419745131,1200,SAT-7-0,-43.12041121552118,274.02644197451315,1200,left,0.001177543514633613,4845000,4229.582137327397
SAT-0-0,303.4423500000605,319.0264419745131,1200,SAT-1-0,-43.12041121552118,4.026441974513102,1200,right,0.0011775435144450468,4845000,4229.582137327397
SAT-0-0,303.6928700000606,319.2954627103968,1200,SAT-7-0,-42.96515655211145,274.29546271039686,1200,left,0.0011715977057318886,4849000,4240.2991964470575
SAT-0-0,303.6928700000606,319.2954627103968,1200,SAT-1-0,-42.96515655211145,4.2954627103967935,1200,right,0.0011715977057318886,4849000,4240.299196447057
SAT-0-0,303.94339000006073,319.5631262505118,1200,SAT-7-0,-42.809275091144784,274.5631262505118,1200,left,0.001165690201952592,4853000,4251.028199425768
SAT-0-0,303.94339000006073,319.5631262505118,1200,SAT-1-0,-42.809275091144784,4.5631262505118,1200,right,0.0011656902021430753,4853000,4251.0281994257675
SAT-0-0,304.19391000006084,319.82944140164375,1200,SAT-7-0,-42.65277338586787,274.82944140164375,1200,left,0.0011598211967195238,4857000,4261.768238700417
SAT-0-0,304.19391000006084,319.82944140164375,1200,SAT-1-0,-42.65277338586787,4.829441401643761,1200,right,0.0011598211965280765,4857000,4261.768238700415
SAT-0-0,304.4444300000609,320.09441701253604,1200,SAT-7-0,-42.49565793110235,275.09441701253604,1200,left,0.0011539908660414518,4861000,4272.518412840897
SAT-0-0,304.4444300000609,320.09441701253604,1200,SAT-1-0,-42.49565793110235,5.094417012536041,1200,right,0.0011539908658490371,4861000,4272.5184128408955
SAT-0-0,304.694950000061,320.3580619704234,1200,SAT-7-0,-42.33793516338282,275.3580619704235,1200,left,0.0011481993733259792,4865000,4283.2778265579045
SAT-0-0,304.694950000061,320.3580619704234,1200,SAT-1-0,-42.33793516338282,5.35806197042343,1200,right,0.0011481993731325942,4865000,4283.277826557905
SAT-0-0,304.9454700000611,320.62038519766327,1200,SAT-7-0,-42.17961146111198,275.6203851976633,1200,left,0.0011424468658928378,4869000,4294.045590708755
SAT-0-0,304.9454700000611,320.62038519766327,1200,SAT-1-0,-42.17961146111198,5.620385197663257,1200,right,0.0011424468660871966,4869000,4294.045590708753
SAT-0-0,305.1959900000612,320.88139564846193,1200,SAT-7-0,-42.02069314473272,275.88139564846193,1200,left,0.0011367334777366803,4873000,4304.8208223012525
SAT-0-0,305.1959900000612,320.88139564846193,1200,SAT-1-0,-42.02069314473272,5.8813956484619565,1200,right,0.0011367334775413444,4873000,4304.82082230125
SAT-0-0,305.44651000006127,321.14110230569537,1200,SAT-7-0,-41.86118647691603,276.1411023056953,1200,left,0.0011310593286511818,4877000,4315.602644495745
SAT-0-0,305.44651000006127,321.14110230569537,1200,SAT-1-0,-41.86118647691603,6.141102305695381,1200,right,0.0011310593286511818,4877000,4315.602644495745
SAT-0-0,305.6970300000614,321.3995141778221,1200,SAT-7-0,-41.70109766276474,276.3995141778221,1200,left,0.0011254245251093179,4881000,4326.39018660536
SAT-0-0,305.6970300000614,321.3995141778221,1200,SAT-1-0,-41.70109766276474,6.399514177822085,1200,right,0.0011254245253066164,4881000,4326.390186605359
SAT-0-0,305.9475500000615,321.65664029588754,1200,SAT-7-0,-41.540432850031486,276.6566402958876,1200,left,0.001119829161375666,4885000,4337.182584094555
SAT-0-0,305.9475500000615,321.65664029588754,1200,SAT-1-0,-41.540432850031486,6.656640295887551,1200,right,0.0011198291616730926,4885000,4337.182584094553
SAT-0-0,306.1980700000616,321.9124897106183,1200,SAT-7-0,-41.37919812935106,276.9124897106182,1200,left,0.0011142733183673085,4889000,4347.97897857602
SAT-0-0,306.1980700000616,321.9124897106183,1200,SAT-1-0,-41.37919812935106,6.912489710618277,1200,right,0.0011142733183673085,4889000,4347.978978576018
SAT-0-0,306.44859000006164,322.167071489604,1200,SAT-7-0,-41.2173995344861,277.16707148960404,1200,left,0.0011087570651907449,4893000,4358.778517806007
SAT-0-0,306.44859000006164,322.167071489604,1200,SAT-1-0,-41.2173995344861,7.167071489604011,1200,right,0.0011087570649904804,4893000,4358.778517806005
SAT-0-0,306.69911000006175,322.4203947145672,1200,SAT-7-0,-41.055043042585496,277.4203947145672,1200,left,0.0011032804591216314,4897000,4369.580355678152
SAT-0-0,306.69911000006175,322.4203947145672,1200,SAT-1-0,-41.055043042585496,7.4203947145671565,1200,right,0.0011032804587191144,4897000,4369.580355678151
SAT-0-0,306.94963000006186,322.67246847871616,1200,SAT-7-0,-40.89213457445532,277.6724684787162,1200,left,0.0010978435456913984,4901000,4380.38365221584
SAT-0-0,306.94963000006186,322.67246847871616,1200,SAT-1-0,-40.89213457445532,7.672468478716144,1200,right,0.0010978435456913984,4901000,4380.383652215839
SAT-0-0,307.20015000006197,322.923301884184,1200,SAT-7-0,-40.72867999484102,277.92330188418396,1200,left,0.0010924463599007478,4905000,4391.187573563187
SAT-0-0,307.20015000006197,322.923301884184,1200,SAT-1-0,-40.72867999484102,7.923301884183989,1200,right,0.0010924463599007478,4905000,4391.187573563186
SAT-0-0,307.450670000062,323.1729040395478,1200,SAT-7-0,-40.56468511272102,278.1729040395478,1200,left,0.0010870889267605563,4909000,4401.991291974709
SAT-0-0,307.450670000062,323.1729040395478,1200,SAT-1-0,-40.56468511272102,8.172904039547813,1200,right,0.0010870889265563,4909000,4401.991291974709
SAT-0-0,307.7011900000621,323.42128405742943,1200,SAT-7-0,-40.4001556816105,278.4212840574295,1200,left,0.0010817712587756177,4913000,4412.793985803718
SAT-0-0,307.7011900000621,323.42128405742943,1200,SAT-1-0,-40.4001556816105,8.421284057429443,1200,right,0.0010817712585703574,4913000,4412.793985803716
SAT-0-0,307.95171000006223,323.6684510521749,1200,SAT-7-0,-40.23509739987555,278.6684510521749,1200,left,0.0010764933602698276,4917000,4423.594839489485
SAT-0-0,307.95171000006223,323.6684510521749,1200,SAT-1-0,-40.23509739987555,8.668451052174865,1200,right,0.0010764933602698276,4917000,4423.594839489484
SAT-0-0,308.20223000006234,323.9144141376111,1200,SAT-7-0,-40.06951591105648,278.9144141376112,1200,left,0.001071255225419689,4921000,4434.393043543292
SAT-0-0,308.20223000006234,323.9144141376111,1200,SAT-1-0,-40.06951591105648,8.914414137611104,1200,right,0.0010712552252124137,4921000,4434.39304354329
SAT-0-0,308.4527500000624,324.1591824248791,1200,SAT-7-0,-39.90341680420027,279.1591824248791,1200,left,0.0010660568389425802,4925000,4445.18779453334
SAT-0-0,308.4527500000624,324.1591824248791,1200,SAT-1-0,-39.90341680420027,9.159182424879067,1200,right,0.001066056839150866,4925000,4445.187794533339
SAT-0-0,308.7032700000625,324.4027650203406,1200,SAT-7-0,-39.7368056142012,279.4027650203406,1200,left,0.0010608981769154556,4929000,4455.978295068649
SAT-0-0,308.7032700000625,324.4027650203406,1200,SAT-1-0,-39.7368056142012,9.402765020340631,1200,right,0.0010608981767061569,4929000,4455.9782950686495
SAT-0-0,308.9537900000626,324.6451710235586,1200,SAT-7-0,-39.56968782214999,279.64517102355865,1200,left,0.001055779206045347,4933000,4466.76375378191
SAT-0-0,308.9537900000626,324.6451710235586,1200,SAT-1-0,-39.56968782214999,9.645171023558571,1200,right,0.0010557792059401902,4933000,4466.763753781909
SAT-0-0,309.2043100000627,324.8864095253477,1200,SAT-7-0,-39.402068855689905,279.8864095253477,1200,left,0.001050699885248233,4937000,4477.54338531144
SAT-0-0,309.2043100000627,324.8864095253477,1200,SAT-1-0,-39.402068855689905,9.886409525347707,1200,right,0.001050699885248233,4937000,4477.543385311439
SAT-0-0,309.4548300000628,325.12648960589564,1200,SAT-7-0,-39.23395408938032,280.12648960589564,1200,left,0.0010456601652615706,4941000,4488.316410282201
SAT-0-0,309.4548300000628,325.12648960589564,1200,SAT-1-0,-39.23395408938032,10.126489605895632,1200,right,0.0010456601650492218,4941000,4488.316410282201
SAT-0-0,309.7053500000629,325.36542033295206,1200,SAT-7-0,-39.06534884506665,280.3654203329521,1200,left,0.0010406599884634606,4945000,4499.082055285988
SAT-0-0,309.7053500000629,325.36542033295206,1200,SAT-1-0,-39.06534884506665,10.36542033295204,1200,right,0.001040659988570145,4945000,4499.082055285987
SAT-0-0,309.955870000063,325.60321076008387,1200,SAT-7-0,-38.89625839225682,280.6032107600838,1200,left,0.0010356992907279924,4949000,4509.839552860778
SAT-0-0,309.955870000063,325.60321076008387,1200,SAT-1-0,-38.89625839225682,10.603210760083892,1200,right,0.001035699290835188,4949000,4509.839552860777
SAT-0-0,310.2063900000631,325.83986992499683,1200,SAT-7-0,-38.72668794850325,280.8398699249969,1200,left,0.001030777999676462,4953000,4520.58814146935
SAT-0-0,310.2063900000631,325.83986992499683,1200,SAT-1-0,-38.72668794850325,10.839869924996854,1200,right,0.0010307779997841692,4953000,4520.5881414693495
SAT-0-0,310.4569100000632,326.0754068479191,1200,SAT-7-0,-38.55664267979046,281.0754068479191,1200,left,0.0010258960371029413,4957000,4531.327065477156
SAT-0-0,310.4569100000632,326.0754068479191,1200,SAT-1-0,-38.55664267979046,11.07540684791911,1200,right,0.0010258960369947214,4957000,4531.327065477155
SAT-0-0,310.70743000006325,326.30983053004866,1200,SAT-7-0,-38.386127700927496,281.3098305300487,1200,left,0.001021053316689337,4961000,4542.055575129521
SAT-0-0,310.70743000006325,326.30983053004866,1200,SAT-1-0,-38.386127700927496,11.309830530048647,1200,right,0.001021053316689337,4961000,4542.055575129521
SAT-0-0,310.95795000006336,326.5431499520601,1200,SAT-7-0,-38.21514807594538,281.5431499520601,1200,left,0.0010162497470120684,4965000,4552.772926528196
SAT-0-0,310.95795000006336,326.5431499520601,1200,SAT-1-0,-38.21514807594538,11.543149952060118,1200,right,0.0010162497471213157,4965000,4552.772926528193
SAT-0-0,311.20847000006347,326.77537407267164,1200,SAT-7-0,-38.04370881849853,281.7753740726717,1200,left,0.0010114852299186127,4969000,4563.478381607304
SAT-0-0,311.20847000006347,326.77537407267164,1200,SAT-1-0,-38.04370881849853,11.775374072671664,1200,right,0.0010114852299186127,4969000,4563.478381607304
SAT-0-0,311.4589900000636,327.00651182726915,1200,SAT-7-0,-37.87181489227034,282.00651182726915,1200,left,0.0010067596612873071,4973000,4574.171208108741
SAT-0-0,311.4589900000636,327.00651182726915,1200,SAT-1-0,-37.87181489227034,12.00651182726913,1200,right,0.0010067596612873071,4973000,4574.171208108739
SAT-0-0,311.70951000006363,327.23657212658736,1200,SAT-7-0,-37.69947121138224,282.2365721265874,1200,left,0.0010020729317015127,4977000,4584.850679557008
SAT-0-0,311.70951000006363,327.23657212658736,1200,SAT-1-0,-37.69947121138224,12.236572126587383,1200,right,0.0010020729313691347,4977000,4584.850679557007
SAT-0-0,311.96003000006374,327.4655638554455,1200,SAT-7-0,-37.526682640806335,282.4655638554455,1200,left,0.0009974249253650652,4981000,4595.5160752335905
SAT-0-0,311.96003000006374,327.4655638554455,1200,SAT-1-0,-37.526682640806335,12.465563855445524,1200,right,0.0009974249255876831,4981000,4595.516075233589
SAT-0-0,312.21055000006385,327.6934958715367,1200,SAT-7-0,-37.35345399678083,282.6934958715367,1200,left,0.0009928155227925685,4985000,4606.166680150836
SAT-0-0,312.21055000006385,327.6934958715367,1200,SAT-1-0,-37.35345399678083,12.69349587153669,1200,right,0.0009928155227925685,4985000,4606.166680150836
SAT-0-0,312.46107000006396,327.92037700426954,1200,SAT-7-0,-37.17979004722827,282.92037700426954,1200,left,0.0009882445988595517,4989000,4616.801785025435
SAT-0-0,312.46107000006396,327.92037700426954,1200,SAT-1-0,-37.17979004722827,12.920377004269525,1200,right,0.0009882445987472086,4989000,4616.801785025433
SAT-0-0,312.711590000064,328.1462160536612,1200,SAT-7-0,-37.00569551217603,283.14621605366125,1200,left,0.000983712022493651,4993000,4627.42068625148
SAT-0-0,312.711590000064,328.1462160536612,1200,SAT-1-0,-37.00569551217603,13.146216053661195,1200,right,0.0009837120226065114,4993000,4627.42068625148
SAT-0-0,312.9621100000641,328.3710217892791,1200,SAT-7-0,-36.83117506417934,283.3710217892791,1200,left,0.0009792176603286946,4997000,4638.022685873177
SAT-0-0,312.9621100000641,328.3710217892791,1200,SAT-1-0,-36.83117506417934,13.371021789279096,1200,right,0.0009792176601019374,4997000,4638.022685873175
SAT-0-0,313.2126300000642,328.5948029492316,1200,SAT-7-0,-36.656233328745756,283.5948029492316,1200,left,0.0009747613724895613,5001000,4648.607091557189
SAT-0-0,313.2126300000642,328.5948029492316,1200,SAT-1-0,-36.656233328745756,13.594802949231633,1200,right,0.0009747613724895613,5001000,4648.607091557187
SAT-0-0,313.46315000006433,328.8175682392056,1200,SAT-7-0,-36.480874884761604,283.8175682392056,1200,left,0.000970343016729796,5005000,4659.1732165647045
SAT-0-0,313.46315000006433,328.8175682392056,1200,SAT-1-0,-36.480874884761604,13.817568239205606,1200,right,0.000970343016729796,5005000,4659.173216564703
SAT-0-0,313.7136700000644,329.0393263315496,1200,SAT-7-0,-36.30510426491942,284.03932633154966,1200,left,0.0009659624454445781,5009000,4669.720379723203
SAT-0-0,313.7136700000644,329.0393263315496,1200,SAT-1-0,-36.30510426491942,14.039326331549594,1200,right,0.0009659624455595126,5009000,4669.720379723201
SAT-0-0,313.9641900000645,329.26008586440145,1200,SAT-7-0,-36.12892595614705,284.2600858644014,1200,left,0.0009616195087229729,5013000,4680.247905397955
SAT-0-0,313.9641900000645,329.26008586440145,1200,SAT-1-0,-36.12892595614705,14.260085864401466,1200,right,0.0009616195087229729,5013000,4680.247905397954
SAT-0-0,314.2147100000646,329.47985544085947,1200,SAT-7-0,-35.952344400037255,284.47985544085947,1200,left,0.0009573140519187891,5017000,4690.755123463314
SAT-0-0,314.2147100000646,329.47985544085947,1200,SAT-1-0,-35.952344400037255,14.47985544085946,1200,right,0.0009573140516868436,5017000,4690.755123463313
SAT-0-0,314.4652300000647,329.6986436281954,1200,SAT-7-0,-35.77536399327811,284.69864362819544,1200,left,0.0009530459177004862,5021000,4701.241369273773
SAT-0-0,314.4652300000647,329.6986436281954,1200,SAT-1-0,-35.77536399327811,14.69864362819538,1200,right,0.000953045917583994,5021000,4701.241369273773
SAT-0-0,314.71575000006476,329.91645895710866,1200,SAT-7-0,-35.59798908808392,284.91645895710866,1200,left,0.0009488149449991584,5025000,4711.705983634876
SAT-0-0,314.71575000006476,329.91645895710866,1200,SAT-1-0,-35.59798908808392,14.916458957108675,1200,right,0.0009488149448821468,5025000,4711.705983634874
SAT-0-0,314.96627000006487,330.13330992101993,1200,SAT-7-0,-35.42022399262658,285.13330992102,1200,left,0.000944620969927849,5029000,4722.14831277391
SAT-0-0,314.96627000006487,330.13330992101993,1200,SAT-1-0,-35.42022399262658,15.133309921019942,1200,right,0.000944620969927849,5029000,4722.148312773908
SAT-0-0,315.216790000065,330.34920497540344,1200,SAT-7-0,-35.242072971466726,285.3492049754035,1200,left,0.0009404638266091278,5033000,4732.567708310517
SAT-0-0,315.216790000065,330.34920497540344,1200,SAT-1-0,-35.242072971466726,15.34920497540342,1200,right,0.0009404638264910772,5033000,4732.5677083105165
SAT-0-0,315.4673100000651,330.56415253715716,1200,SAT-7-0,-35.06354024598508,285.5641525371572,1200,left,0.0009363433450616455,5037000,4742.9635272271435
SAT-0-0,315.4673100000651,330.56415253715716,1200,SAT-1-0,-35.06354024598508,15.564152537157142,1200,right,0.0009363433449430754,5037000,4742.963527227143
SAT-0-0,315.71783000006513,330.7781609840089,1200,SAT-7-0,-34.88462999481322,285.77816098400893,1200,left,0.0009322593533192419,5041000,4753.335131839418
SAT-0-0,315.71783000006513,330.7781609840089,1200,SAT-1-0,-34.88462999481322,15.7781609840089,1200,right,0.0009322593533192419,5041000,4753.335131839415
SAT-0-0,315.96835000006524,330.99123865395813,1200,SAT-7-0,-34.705346354264336,285.9912386539582,1200,left,0.0009282116776938691,5045000,4763.681889766423
SAT-0-0,315.96835000006524,330.99123865395813,1200,SAT-1-0,-34.705346354264336,15.991238653958156,1200,right,0.0009282116776938691,5045000,4763.6818897664225
SAT-0-0,316.21887000006535,331.20339384475204,1200,SAT-7-0,-34.52569341876307,286.20339384475204,1200,left,0.000924200141484551,5049000,4774.003173900931
SAT-0-0,316.21887000006535,331.20339384475204,1200,SAT-1-0,-34.52569341876307,16.203393844752032,1200,right,0.000924200141484551,5049000,4774.003173900929
SAT-0-0,316.46939000006546,331.4146348133945,1200,SAT-7-0,-34.34567524127464,286.41463481339446,1200,left,0.0009202245659458569,5053000,4784.298362379569
SAT-0-0,316.46939000006546,331.4146348133945,1200,SAT-1-0,-34.34567524127464,16.414634813394493,1200,right,0.0009202245660665039,5053000,4784.298362379565
SAT-0-0,316.7199100000655,331.6249697756882,1200,SAT-7-0,-34.16529583373315,286.6249697756882,1200,left,0.0009162847707981342,5057000,4794.566838552983
SAT-0-0,316.7199100000655,331.6249697756882,1200,SAT-1-0,-34.16529583373315,16.624969775688193,1200,right,0.0009162847710404656,5057000,4794.566838552982
SAT-0-0,316.9704300000656,331.83440690580704,1200,SAT-7-0,-33.98455916746892,286.8344069058071,1200,left,0.0009123805741432738,5061000,4804.807990955975
SAT-0-0,316.9704300000656,331.83440690580704,1200,SAT-1-0,-33.98455916746892,16.83440690580705,1200,right,0.0009123805741432738,5061000,4804.807990955972
SAT-0-0,317.2209500000657,332.04295433589976,1200,SAT-7-0,-33.80346917363452,287.04295433589976,1200,left,0.0009085117914012509,5065000,4815.02121327763
SAT-0-0,317.2209500000657,332.04295433589976,1200,SAT-1-0,-33.80346917363452,17.04295433589974,1200,right,0.0009085117911568461,5065000,4815.021213277629
SAT-0-0,317.47147000006584,332.2506201557222,1200,SAT-7-0,-33.62202974362956,287.2506201557222,1200,left,0.0009046782371654974,5069000,4825.205904331504
SAT-0-0,317.47147000006584,332.2506201557222,1200,SAT-1-0,-33.62202974362956,17.2506201557222,1200,right,0.0009046782371654974,5069000,4825.205904331503
SAT-0-0,317.7219900000659,332.45741241229916,1200,SAT-7-0,-33.44024472952398,287.4574124122992,1200,left,0.0009008797240254702,5073000,4835.3614680258015
SAT-0-0,317.7219900000659,332.45741241229916,1200,SAT-1-0,-33.44024472952398,17.45741241229915,1200,right,0.0009008797245184209,5073000,4835.361468025801
SAT-0-0,317.972510000066,332.6633391096125,1200,SAT-7-0,-33.258117944480055,287.6633391096124,1200,left,0.0008971160649485689,5077000,4845.487313333622
SAT-0-0,317.972510000066,332.6633391096125,1200,SAT-1-0,-33.258117944480055,17.663339109612465,1200,right,0.0008971160645773049,5077000,4845.48731333362
SAT-0-0,318.2230300000661,332.86840820831685,1200,SAT-7-0,-33.07565316317248,287.86840820831685,1200,left,0.0008933870690118409,5081000,4855.582854263259
SAT-0-0,318.2230300000661,332.86840820831685,1200,SAT-1-0,-33.07565316317248,17.86840820831684,1200,right,0.0008933870688875696,5081000,4855.582854263258
SAT-0-0,318.4735500000662,333.07262762548123,1200,SAT-7-0,-32.89285412220681,288.07262762548123,1200,left,0.0008896925462609843,5085000,4865.647509828575
SAT-0-0,318.4735500000662,333.07262762548123,1200,SAT-1-0,-32.89285412220681,18.072627625481243,1200,right,0.0008896925462609843,5085000,4865.647509828573
SAT-0-0,318.72407000006626,333.2760052343554,1200,SAT-7-0,-32.7097245205362,288.2760052343554,1200,left,0.00088603230542409,5089000,4875.680704019454
SAT-0-0,318.72407000006626,333.2760052343554,1200,SAT-1-0,-32.7097245205362,18.27600523435542,1200,right,0.0008860323057999983,5089000,4875.6807040194535
SAT-0-0,318.97459000006637,333.4785488641604,1200,SAT-7-0,-32.526268019875786,288.4785488641604,1200,left,0.0008824061534553024,5093000,4885.681865772368
SAT-0-0,318.97459000006637,333.4785488641604,1200,SAT-1-0,-32.526268019875786,18.478548864160402,1200,right,0.0008824061534553024,5093000,4885.681865772366
SAT-0-0,319.2251100000665,333.6802662999027,1200,SAT-7-0,-32.34248824511568,288.6802662999027,1200,left,0.0008788138977206138,5097000,4895.650428941003
SAT-0-0,319.2251100000665,333.6802662999027,1200,SAT-1-0,-32.34248824511568,18.680266299902737,1200,right,0.0008788138975942818,5097000,4895.650428941001
SAT-0-0,319.4756300000666,333.88116528221104,1200,SAT-7-0,-32.158388784731315,288.8811652822111,1200,left,0.0008752553437979879,5101000,4905.585832267055
SAT-0-0,319.4756300000666,333.88116528221104,1200,SAT-1-0,-32.158388784731315,18.88116528221107,1200,right,0.0008752553441785249,5101000,4905.585832267054
SAT-0-0,319.72615000006664,334.081253507195,1200,SAT-7-0,-31.97397319119184,289.081253507195,1200,left,0.0008717302981904293,5105000,4915.4875193511225
SAT-0-0,319.72615000006664,334.081253507195,1200,SAT-1-0,-31.97397319119184,19.081253507195044,1200,right,0.0008717302981904293,5105000,4915.487519351122
SAT-0-0,319.97667000006675,334.2805386263251,1200,SAT-7-0,-31.78924498136609,289.28053862632515,1200,left,0.0008682385648394521,5109000,4925.35493862373
SAT-0-0,319.97667000006675,334.2805386263251,1200,SAT-1-0,-31.78924498136609,19.280538626325118,1200,right,0.0008682385649673229,5109000,4925.354938623728
SAT-0-0,320.22719000006686,334.47902824633275,1200,SAT-7-0,-31.604207636926596,289.47902824633275,1200,left,0.0008647799487433182,5113000,4935.187543316507
SAT-0-0,320.22719000006686,334.47902824633275,1200,SAT-1-0,-31.604207636926596,19.479028246332774,1200,right,0.0008647799487433182,5113000,4935.187543316505
SAT-0-0,320.47771000006696,334.67672992913054,1200,SAT-7-0,-31.41886460475076,289.67672992913054,1200,left,0.0008613542542491528,5117000,4944.98479143351
SAT-0-0,320.47771000006696,334.67672992913054,1200,SAT-1-0,-31.41886460475076,19.67672992913057,1200,right,0.0008613542542491528,5117000,4944.98479143351
SAT-0-0,320.728230000067,334.8736511917512,1200,SAT-7-0,-31.233219297319863,289.87365119175126,1200,left,0.0008579612860209363,5121000,4954.74614572271
SAT-0-0,320.728230000067,334.8736511917512,1200,SAT-1-0,-31.233219297319863,19.873651191751208,1200,right,0.0008579612856327288,5121000,4954.746145722708
SAT-0-0,320.9787500000671,335.0697995063054,1200,SAT-7-0,-31.047275093115328,290.0697995063054,1200,left,0.0008546008470422992,5125000,4964.471073647643
SAT-0-0,320.9787500000671,335.0697995063054,1200,SAT-1-0,-31.047275093115328,20.069799506305394,1200,right,0.0008546008470422992,5125000,4964.471073647641
SAT-0-0,321.22927000006723,335.26518229995656,1200,SAT-7-0,-30.86103533701277,290.26518229995656,1200,left,0.0008512727417886068,5129000,4974.159047359229
SAT-0-0,321.22927000006723,335.26518229995656,1200,SAT-1-0,-30.86103533701277,20.265182299956578,1200,right,0.0008512727413973493,5129000,4974.159047359228
SAT-0-0,321.47979000006734,335.45980695491386,1200,SAT-7-0,-30.674503340673063,290.4598069549139,1200,left,0.0008479767738437021,5133000,4983.8095436677795
SAT-0-0,321.47979000006734,335.45980695491386,1200,SAT-1-0,-30.674503340673063,20.459806954913855,1200,right,0.000847976773712776,5133000,4983.809543667779
SAT-0-0,321.73031000006745,335.6536808084405,1200,SAT-7-0,-30.48768238293099,290.6536808084406,1200,left,0.0008447127471401854,5137000,4993.422044015183
SAT-0-0,321.73031000006745,335.6536808084405,1200,SAT-1-0,-30.48768238293099,20.653680808440548,1200,right,0.0008447127472716175,5137000,4993.42204401518
SAT-0-0,321.9808300000675,335.84681115287935,1200,SAT-7-0,-30.30057571018094,290.84681115287935,1200,left,0.0008414804660408976,5141000,5002.9960344472975
SAT-0-0,321.9808300000675,335.84681115287935,1200,SAT-1-0,-30.30057571018094,20.84681115287935,1200,right,0.0008414804660408976,5141000,5002.996034447297
SAT-0-0,322.2313500000676,336.0392052356924,1200,SAT-7-0,-30.113186536760267,291.0392052356924,1200,left,0.0008382797343620875,5145000,5012.531005586516
SAT-0-0,322.2313500000676,336.0392052356924,1200,SAT-1-0,-30.113186536760267,21.039205235692386,1200,right,0.0008382797343620875,5145000,5012.531005586515
SAT-0-0,322.4818700000677,336.2308702595161,1200,SAT-7-0,-29.925518045329458,291.23087025951617,1200,left,0.000835110356899555,5149000,5022.026452604554
SAT-0-0,322.4818700000677,336.2308702595161,1200,SAT-1-0,-29.925518045329458,21.230870259516095,1200,right,0.0008351103570324983,5149000,5022.026452604552
SAT-0-0,322.7323900000678,336.42181338223037,1200,SAT-7-0,-29.73757338724975,291.4218133822304,1200,left,0.0008319721388540665,5153000,5031.481875195438
SAT-0-0,322.7323900000678,336.42181338223037,1200,SAT-1-0,-29.73757338724975,21.42181338223037,1200,right,0.0008319721388540665,5153000,5031.481875195437
SAT-0-0,322.9829100000679,336.61204171704196,1200,SAT-7-0,-29.54935568295765,291.6120417170419,1200,left,0.0008288648845731066,5157000,5040.896777548716
SAT-0-0,322.9829100000679,336.61204171704196,1200,SAT-1-0,-29.54935568295765,21.61204171704194,1200,right,0.0008288648845731066,5157000,5040.896777548716
SAT-0-0,323.233430000068,336.8015623325798,1200,SAT-7-0,-29.36086802233702,291.80156233257975,1200,left,0.0008257884001626939,5161000,5050.270668322856
SAT-0-0,323.233430000068,336.8015623325798,1200,SAT-1-0,-29.36086802233702,21.8015623325798,1200,right,0.0008257884000282499,5161000,5050.270668322853
SAT-0-0,323.4839500000681,336.9903822530043,1200,SAT-7-0,-29.17211346508781,291.99038225300427,1200,left,0.0008227424914342654,5165000,5059.603060618895
SAT-0-0,323.4839500000681,336.9903822530043,1200,SAT-1-0,-29.17211346508781,21.99038225300431,1200,right,0.0008227424919740324,5165000,5059.603060618893
SAT-0-0,323.7344700000682,337.178508458128,1200,SAT-7-0,-28.98309504109217,292.1785084581281,1200,left,0.0008197269662742583,5169000,5068.893471954297
SAT-0-0,323.7344700000682,337.178508458128,1200,SAT-1-0,-28.98309504109217,22.17850845812801,1200,right,0.0008197269661388202,5169000,5068.893471954295
SAT-0-0,323.98499000006825,337.36594788354836,1200,SAT-7-0,-28.793815750777362,292.3659478835483,1200,left,0.0008167416306765033,5173000,5078.141424237048
SAT-0-0,323.98499000006825,337.36594788354836,1200,SAT-1-0,-28.793815750777362,22.365947883548333,1200,right,0.0008167416310843029,5173000,5078.1414242370465
SAT-0-0,324.23551000006836,337.55270742079136,1200,SAT-7-0,-28.604278565476132,292.55270742079136,1200,left,0.0008137862930085907,5177000,5087.346443739957
SAT-0-0,324.23551000006836,337.55270742079136,1200,SAT-1-0,-28.604278565476132,22.552707420791368,1200,right,0.0008137862930085907,5177000,5087.346443739956
SAT-0-0,324.48603000006847,337.73879391746664,1200,SAT-7-0,-28.41448642778373,292.7387939174667,1200,left,0.0008108607624836642,5181000,5096.508061075223
SAT-0-0,324.48603000006847,337.73879391746664,1200,SAT-1-0,-28.41448642778373,22.738793917466616,1200,right,0.000810860762346745,5181000,5096.508061075222
SAT-0-0,324.7365500000686,337.92421417743185,1200,SAT-7-0,-28.224442251912137,292.9242141774319,1200,left,0.0008079648473227561,5185000,5105.625811169209
SAT-0-0,324.7365500000686,337.92421417743185,1200,SAT-1-0,-28.224442251912137,22.924214177431868,1200,right,0.0008079648473227561,5185000,5105.625811169209
SAT-0-0,324.9870700000686,338.10897496096857,1200,SAT-7-0,-28.034148924041126,293.1089749609685,1200,left,0.0008050983586687102,5189000,5114.699233237478
SAT-0-0,324.9870700000686,338.10897496096857,1200,SAT-1-0,-28.034148924041126,23.10897496096857,1200,right,0.000805098358392912,5189000,5114.6992332374775
SAT-0-0,325.23759000006874,338.29308298496585,1200,SAT-7-0,-27.84360930266672,293.29308298496585,1200,left,0.0008022611066951962,5193000,5123.727870760046
SAT-0-0,325.23759000006874,338.29308298496585,1200,SAT-1-0,-27.84360930266672,23.293082984965828,1200,right,0.0008022611071103564,5193000,5123.727870760043
SAT-0-0,325.48811000006884,338.4765449231143,1200,SAT-7-0,-27.652826218946206,293.47654492311426,1200,left,0.0007994529042696745,5197000,5132.711271456889
SAT-0-0,325.48811000006884,338.4765449231143,1200,SAT-1-0,-27.652826218946206,23.476544923114307,1200,right,0.0007994529045474202,5197000,5132.7112714568875
SAT-0-0,325.73863000006895,338.6593674061087,1200,SAT-7-0,-27.46180247704042,293.65936740610863,1200,left,0.0007966735633071747,5201000,5141.648987263702
SAT-0-0,325.73863000006895,338.6593674061087,1200,SAT-1-0,-27.46180247704042,23.65936740610866,1200,right,0.0007966735635858893,5201000,5141.648987263701
SAT-0-0,325.989150000069,338.84155702185825,1200,SAT-7-0,-27.270540854452754,293.84155702185825,1200,left,0.0007939228977586894,5205000,5150.540574307886
SAT-0-0,325.989150000069,338.84155702185825,1200,SAT-1-0,-27.270540854452754,23.841557021858264,1200,right,0.0007939228978985296,5205000,5150.540574307885
SAT-0-0,326.2396700000691,339.0231203157058,1200,SAT-7-0,-27.07904410236561,294.0231203157058,1200,left,0.0007912007223113731,5209000,5159.385592884789
SAT-0-0,326.2396700000691,339.0231203157058,1200,SAT-1-0,-27.07904410236561,24.02312031570578,1200,right,0.0007912007224516944,5209000,5159.385592884788
SAT-0-0,326.4901900000692,339.2040637906539,1200,SAT-7-0,-26.88731494597335,294.20406379065395,1200,left,0.0007885068523277562,5213000,5168.183607434196
SAT-0-0,326.4901900000692,339.2040637906539,1200,SAT-1-0,-26.88731494597335,24.204063790653915,1200,right,0.0007885068523277562,5213000,5168.1836074341945
SAT-0-0,326.7407100000693,339.3843939075989,1200,SAT-7-0,-26.69535608481256,294.38439390759896,1200,left,0.0007858411046305576,5217000,5176.934186517072
SAT-0-0,326.7407100000693,339.3843939075989,1200,SAT-1-0,-26.69535608481256,24.384393907598913,1200,right,0.0007858411047718359,5217000,5176.934186517071
SAT-0-0,326.9912300000694,339.5641170855715,1200,SAT-7-0,-26.50317019308905,294.5641170855715,1200,left,0.0007832032973102763,5221000,5185.636902792546
SAT-0-0,326.9912300000694,339.5641170855715,1200,SAT-1-0,-26.50317019308905,24.564117085571546,1200,right,0.0007832032975937847,5221000,5185.636902792544
SAT-0-0,327.2417500000695,339.7432397019843,1200,SAT-7-0,-26.310759920002237,294.74323970198424,1200,left,0.000780593248816569,5225000,5194.2913329951425
SAT-0-0,327.2417500000695,339.7432397019843,1200,SAT-1-0,-26.310759920002237,24.74323970198429,1200,right,0.0007805932485321129,5225000,5194.291332995141
SAT-0-0,327.4922700000696,339.9217680928852,1200,SAT-7-0,-26.118127890066145,294.92176809288526,1200,left,0.0007780107786001265,5229000,5202.897057912284
SAT-0-0,327.4922700000696,339.9217680928852,1200,SAT-1-0,-26.118127890066145,24.92176809288522,1200,right,0.000778010778885527,5229000,5202.897057912282
SAT-0-0,327.7427900000697,340.09970855321785,1200,SAT-7-0,-25.925276703427645,295.09970855321785,1200,left,0.0007754557089119874,5233000,5211.453662362014
SAT-0-0,327.7427900000697,340.09970855321785,1200,SAT-1-0,-25.925276703427645,25.099708553217877,1200,right,0.000775455708768817,5233000,5211.453662362014
SAT-0-0,327.99331000006976,340.27706733708703,1200,SAT-7-0,-25.732208936181536,295.277067337087,1200,left,0.0007729278608916574,5237000,5219.960735171015
SAT-0-0,327.99331000006976,340.27706733708703,1200,SAT-1-0,-25.732208936181536,25.27706733708703,1200,right,0.0007729278607480188,5237000,5219.960735171012
SAT-0-0,328.24383000006986,340.4538506580294,1200,SAT-7-0,-25.53892714068299,295.45385065802947,1200,left,0.0007704270583588097,5241000,5228.417869152811
SAT-0-0,328.24383000006986,340.4538506580294,1200,SAT-1-0,-25.53892714068299,25.453850658029438,1200,right,0.0007704270582147047,5241000,5228.41786915281
SAT-0-0,328.49435000006997,340.6300646892906,1200,SAT-7-0,-25.34543384585669,295.6300646892906,1200,left,0.0007679531263293859,5245000,5236.824661086303
SAT-0-0,328.49435000006997,340.6300646892906,1200,SAT-1-0,-25.34543384585669,25.630064689290556,1200,right,0.000767953126473955,5245000,5236.8246610863025
SAT-0-0,328.7448700000701,340.80571556410564,1200,SAT-7-0,-25.15173155750325,295.8057155641057,1200,left,0.0007655058902265732,5249000,5245.180711694488
SAT-0-0,328.7448700000701,340.80571556410564,1200,SAT-1-0,-25.15173155750325,25.805715564105622,1200,right,0.0007655058905166358,5249000,5245.180711694486
SAT-0-0,328.99539000007013,340.9808093759858,1200,SAT-7-0,-24.95782275860246,295.98080937598587,1200,left,0.0007630851775490846,5253000,5253.485625623472
SAT-0-0,328.99539000007013,340.9808093759858,1200,SAT-1-0,-24.95782275860246,25.980809375985817,1200,right,0.0007630851774035933,5253000,5253.48562562347
SAT-0-0,329.24591000007024,341.1553521790087,1200,SAT-7-0,-24.763709909614036,296.1553521790087,1200,left,0.0007606908160675493,5257000,5261.739011421708
SAT-0-0,329.24591000007024,341.1553521790087,1200,SAT-1-0,-24.763709909614036,26.155352179008684,1200,right,0.0007606908163594479,5257000,5261.739011421707
SAT-0-0,329.49643000007035,341.3293499881129,1200,SAT-7-0,-24.56939544877505,296.3293499881128,1200,left,0.0007583226362313781,5261000,5269.940481519499
SAT-0-0,329.49643000007035,341.3293499881129,1200,SAT-1-0,-24.56939544877505,26.329349988112885,1200,right,0.0007583226362313781,5261000,5269.940481519498
SAT-0-0,329.74695000007046,341.50280877939673,1200,SAT-7-0,-24.37488179239476,296.5028087793968,1200,left,0.0007559804689203597,5265000,5278.089652208747
SAT-0-0,329.74695000007046,341.50280877939673,1200,SAT-1-0,-24.37488179239476,26.502808779396744,1200,right,0.0007559804687735011,5265000,5278.089652208747
SAT-0-0,329.9974700000705,341.675734490421,1200,SAT-7-0,-24.180171335146262,296.675734490421,1200,left,0.0007536641462465337,5269000,5286.1861436229565
SAT-0-0,329.9974700000705,341.675734490421,1200,SAT-1-0,-24.180171335146262,26.67573449042102,1200,right,0.0007536641462465337,5269000,5286.186143622954
SAT-0-0,330.2479900000706,341.8481330205148,1200,SAT-7-0,-23.98526645035579,296.84813302051487,1200,left,0.000751373501926851,5273000,5294.229579717462
SAT-0-0,330.2479900000706,341.8481330205148,1200,SAT-1-0,-23.98526645035579,26.848133020514812,1200,right,0.000751373501926851,5273000,5294.229579717459
SAT-0-0,330.4985100000707,342.020010231085,1200,SAT-7-0,-23.790169490288662,297.020010231085,1200,left,0.0007491083710687611,5277000,5302.219588249947
SAT-0-0,330.4985100000707,342.020010231085,1200,SAT-1-0,-23.790169490288662,27.020010231084996,1200,right,0.0007491083710687611,5277000,5302.219588249946
SAT-0-0,330.74903000007083,342.19137194592867,1200,SAT-7-0,-23.594882786432773,297.19137194592867,1200,left,0.0007468685900993959,5281000,5310.155800761168
SAT-0-0,330.74903000007083,342.19137194592867,1200,SAT-1-0,-23.594882786432773,27.191371945928655,1200,right,0.0007468685902480463,5281000,5310.155800761168
SAT-0-0,330.9995500000709,342.36222395154897,1200,SAT-7-0,-23.399408649779147,297.36222395154897,1200,left,0.0007446539968415074,5285000,5318.037852555953
SAT-0-0,330.9995500000709,342.36222395154897,1200,SAT-1-0,-23.399408649779147,27.362223951548977,1200,right,0.0007446539968415074,5285000,5318.037852555951
SAT-0-0,331.250070000071,342.53257199747327,1200,SAT-7-0,-23.20374937109963,297.5325719974732,1200,left,0.0007424644304401818,5289000,5325.865382684422
SAT-0-0,331.250070000071,342.53257199747327,1200,SAT-1-0,-23.20374937109963,27.532571997473276,1200,right,0.0007424644302906497,5289000,5325.865382684421
SAT-0-0,331.5005900000711,342.70242179657413,1200,SAT-7-0,-23.007907221222162,297.70242179657413,1200,left,0.0007402997314371741,5293000,5333.638033923476
SAT-0-0,331.5005900000711,342.70242179657413,1200,SAT-1-0,-23.007907221222162,27.702421796574132,1200,right,0.0007402997314371741,5293000,5333.638033923475
SAT-0-0,331.7511100000712,342.87177902539264,1200,SAT-7-0,-22.811884451302962,297.87177902539264,1200,left,0.0007381597419959188,5297000,5341.355452758503
SAT-0-0,331.7511100000712,342.87177902539264,1200,SAT-1-0,-22.811884451302962,27.871779025392616,1200,right,0.0007381597419959188,5297000,5341.355452758501
SAT-0-0,332.00163000007126,343.04064932446397,1200,SAT-7-0,-22.61568329309624,298.04064932446397,1200,left,0.0007360443052243527,5301000,5349.01728936535
SAT-0-0,332.00163000007126,343.04064932446397,1200,SAT-1-0,-22.61568329309624,28.04064932446399,1200,right,0.0007360443049226798,5301000,5349.017289365348
SAT-0-0,332.25215000007137,343.2090382986456,1200,SAT-7-0,-22.419305959220985,298.20903829864557,1200,left,0.0007339532663002004,5305000,5356.623197592518
SAT-0-0,332.25215000007137,343.2090382986456,1200,SAT-1-0,-22.419305959220985,28.209038298645627,1200,right,0.0007339532663002004,5305000,5356.623197592516
SAT-0-0,332.5026700000715,343.3769515174465,1200,SAT-7-0,-22.222754643425482,298.37695151744646,1200,left,0.0007318864710357302,5309000,5364.1728349436
SAT-0-0,332.5026700000715,343.3769515174465,1200,SAT-1-0,-22.222754643425482,28.37695151744652,1200,right,0.0007318864713391169,5309000,5364.172834943599
SAT-0-0,332.7531900000716,343.5443945153588,1200,SAT-7-0,-22.02603152084881,298.5443945153588,1200,left,0.0007298437682199938,5313000,5371.665862559963
SAT-0-0,332.7531900000716,343.5443945153588,1200,SAT-1-0,-22.02603152084881,28.54439451535884,1200,right,0.0007298437682199938,5313000,5371.66586255996
SAT-0-0,333.0037100000717,343.7113727921912,1200,SAT-7-0,-21.829138748279956,298.7113727921912,1200,left,0.0007278250062028894,5317000,5379.101945203654
SAT-0-0,333.0037100000717,343.7113727921912,1200,SAT-1-0,-21.829138748279956,28.711372792191213,1200,right,0.0007278250062028894,5317000,5379.101945203654
SAT-0-0,333.25423000007174,343.87789181340344,1200,SAT-7-0,-21.63207846441411,298.8778918134034,1200,left,0.0007258300359983428,5321000,5386.480751240564
SAT-0-0,333.25423000007174,343.87789181340344,1200,SAT-1-0,-21.63207846441411,28.877891813403416,1200,right,0.0007258300358453836,5321000,5386.480751240562
SAT-0-0,333.50475000007185,344.0439570104425,1200,SAT-7-0,-21.434852790106774,299.04395701044257,1200,left,0.0007238587093766965,5325000,5393.801952623785
SAT-0-0,333.50475000007185,344.0439570104425,1200,SAT-1-0,-21.434852790106774,29.043957010442522,1200,right,0.0007238587093766965,5325000,5393.801952623785
SAT-0-0,333.75527000007196,344.20957378108017,1200,SAT-7-0,-21.237463828624993,299.2095737810801,1200,left,0.0007219108801541777,5329000,5401.065224877249
SAT-0-0,333.75527000007196,344.20957378108017,1200,SAT-1-0,-21.237463828624993,29.20957378108014,1200,right,0.0007219108801541777,5329000,5401.065224877248
SAT-0-0,334.00579000007207,344.3747474897512,1200,SAT-7-0,-21.039913665896215,299.3747474897512,1200,left,0.0007199864034977628,5333000,5408.270247079548
SAT-0-0,334.00579000007207,344.3747474897512,1200,SAT-1-0,-21.039913665896215,29.374747489751197,1200,right,0.0007199864038061639,5333000,5408.2702470795475
SAT-0-0,334.2563100000721,344.5394834678934,1200,SAT-7-0,-20.8422043707545,299.5394834678934,1200,left,0.0007180851362999623,5337000,5415.416701848026
SAT-0-0,334.2563100000721,344.5394834678934,1200,SAT-1-0,-20.8422043707545,29.539483467893394,1200,right,0.0007180851358361358,5337000,5415.416701848024
SAT-0-0,334.5068300000722,344.70378701428774,1200,SAT-7-0,-20.644337995184664,299.7037870142878,1200,left,0.0007162069360084099,5341000,5422.504275323064
SAT-0-0,334.5068300000722,344.70378701428774,1200,SAT-1-0,-20.644337995184664,29.703787014287737,1200,right,0.0007162069358533957,5341000,5422.504275323062
SAT-0-0,334.75735000007234,344.8676633953998,1200,SAT-7-0,-20.446316574563507,299.8676633953998,1200,left,0.0007143516623890095,5345000,5429.532657152609
SAT-0-0,334.75735000007234,344.8676633953998,1200,SAT-1-0,-20.446316574563507,29.86766339539981,1200,right,0.0007143516625444264,5345000,5429.532657152608
SAT-0-0,335.00787000007244,345.0311178457219,1200,SAT-7-0,-20.248142127898987,300.03111784572184,1200,left,0.0007125191763552202,5349000,5436.5015404769265
SAT-0-0,335.00787000007244,345.0311178457219,1200,SAT-1-0,-20.248142127898987,30.031117845721887,1200,right,0.0007125191766668535,5349000,5436.501540476926
SAT-0-0,335.2583900000725,345.1941555681156,1200,SAT-7-0,-20.049816658066664,300.19415556811555,1200,left,0.0007107093412774747,5353000,5443.410621913566
SAT-0-0,335.2583900000725,345.1941555681156,1200,SAT-1-0,-20.049816658066664,30.194155568115583,1200,right,0.0007107093411212614,5353000,5443.410621913565
SAT-0-0,335.5089100000726,345.3567817341549,1200,SAT-7-0,-19.851342152044253,300.3567817341549,1200,left,0.0007089220200831857,5357000,5450.259601542545
SAT-0-0,335.5089100000726,345.3567817341549,1200,SAT-1-0,-19.851342152044253,30.356781734154882,1200,right,0.0007089220199265785,5357000,5450.259601542544
SAT-0-0,335.7594300000727,345.51900148447,1200,SAT-7-0,-19.652720581143413,300.51900148447,1200,left,0.0007071570792198013,5361000,5457.048182891773
SAT-0-0,335.7594300000727,345.51900148447,1200,SAT-1-0,-19.652720581143413,30.519001484469957,1200,right,0.0007071570792198013,5361000,5457.048182891771
SAT-0-0,336.0099500000728,345.68081992909083,1200,SAT-7-0,-19.45395390123947,300.68081992909083,1200,left,0.0007054143848072522,5365000,5463.776072922661
SAT-0-0,336.0099500000728,345.68081992909083,1200,SAT-1-0,-19.45395390123947,30.68081992909084,1200,right,0.0007054143846498662,5365000,5463.77607292266
SAT-0-0,336.26047000007287,345.842242147792,1200,SAT-7-0,-19.25504405299864,300.842242147792,1200,left,0.0007036938064627934,5369000,5470.442982015977
SAT-0-0,336.26047000007287,345.842242147792,1200,SAT-1-0,-19.25504405299864,30.842242147791953,1200,right,0.0007036938063050226,5369000,5470.442982015977
SAT-0-0,336.510990000073,346.00327319043623,1200,SAT-7-0,-19.055992962103392,301.00327319043623,1200,left,0.0007019952127991933,5373000,5477.048623957891
SAT-0-0,336.510990000073,346.00327319043623,1200,SAT-1-0,-19.055992962103392,31.003273190436243,1200,right,0.0007019952129573457,5373000,5477.0486239578895
SAT-0-0,336.7615100000731,346.16391807731964,1200,SAT-7-0,-18.856802539475165,301.1639180773196,1200,left,0.0007003184773194152,5377000,5483.592715926243
SAT-0-0,336.7615100000731,346.16391807731964,1200,SAT-1-0,-18.856802539475165,31.163918077319657,1200,right,0.0007003184773194152,5377000,5483.592715926242
SAT-0-0,337.0120300000732,346.32418179951577,1200,SAT-7-0,-18.657474681495152,301.3241817995158,1200,left,0.0006986634715238622,5381000,5490.074978477013
SAT-0-0,337.0120300000732,346.32418179951577,1200,SAT-1-0,-18.657474681495152,31.324181799515777,1200,right,0.0006986634715238622,5381000,5490.074978477012
SAT-0-0,337.26255000007325,346.48406931922034,1200,SAT-7-0,-18.458011270222674,301.4840693192203,1200,left,0.0006970300705012348,5385000,5496.495135531025
SAT-0-0,337.26255000007325,346.48406931922034,1200,SAT-1-0,-18.458011270222674,31.484069319220325,1200,right,0.0006970300708197929,5385000,5496.495135531024
SAT-0-0,337.51307000007336,346.6435855700954,1200,SAT-7-0,-18.258414173611786,301.6435855700954,1200,left,0.0006954181504557785,5389000,5502.852914360808
SAT-0-0,337.51307000007336,346.6435855700954,1200,SAT-1-0,-18.258414173611786,31.643585570095414,1200,right,0.000695418150136482,5389000,5502.852914360807
SAT-0-0,337.76359000007346,346.8027354576139,1200,SAT-7-0,-18.05868524572538,301.80273545761395,1200,left,0.0006938275887588542,5393000,5509.148045577709
SAT-0-0,337.76359000007346,346.8027354576139,1200,SAT-1-0,-18.05868524572538,31.80273545761389,1200,right,0.0006938275887588542,5393000,5509.148045577708
SAT-0-0,338.0141100000736,346.96152385940314,1200,SAT-7-0,-17.858826326947455,301.96152385940314,1200,left,0.0006922582640004701,5397000,5515.380263119187
SAT-0-0,338.0141100000736,346.96152385940314,1200,SAT-1-0,-17.858826326947455,31.961523859403165,1200,right,0.0006922582643212242,5397000,5515.380263119185
SAT-0-0,338.2646300000736,347.1199556255892,1200,SAT-7-0,-17.658839244193032,302.1199556255892,1200,left,0.0006907100576481155,5401000,5521.549304236307
SAT-0-0,338.2646300000736,347.1199556255892,1200,SAT-1-0,-17.658839244193032,32.11995562558924,1200,right,0.0006907100578088521,5401000,5521.549304236306
SAT-0-0,338.51515000007373,347.27803557913967,1200,SAT-7-0,-17.458725811116498,302.2780355791396,1200,left,0.0006891828513773727,5405000,5527.654909481442
SAT-0-0,338.51515000007373,347.27803557913967,1200,SAT-1-0,-17.458725811116498,32.27803557913969,1200,right,0.0006891828513773727,5405000,5527.65490948144
SAT-0-0,338.76567000007384,347.43576851620696,1200,SAT-7-0,-17.2584878283175,302.43576851620696,1200,left,0.000687676528563504,5409000,5533.696822696158
SAT-0-0,338.76567000007384,347.43576851620696,1200,SAT-1-0,-17.2584878283175,32.435768516206956,1200,right,0.0006876765288863951,5409000,5533.696822696157
SAT-0-0,339.01619000007395,347.5931592064708,1200,SAT-7-0,-17.058127083545102,302.5931592064708,1200,left,0.0006861909746595512,5413000,5539.674790999317
SAT-0-0,339.01619000007395,347.5931592064708,1200,SAT-1-0,-17.058127083545102,32.59315920647077,1200,right,0.0006861909744977562,5413000,5539.6747909993155
SAT-0-0,339.266710000074,347.75021239348047,1200,SAT-7-0,-16.85764535189976,302.75021239348047,1200,left,0.000684726075632619,5417000,5545.588564775346
SAT-0-0,339.266710000074,347.75021239348047,1200,SAT-1-0,-16.85764535189976,32.75021239348049,1200,right,0.000684726075632619,5417000,5545.588564775345
SAT-0-0,339.5172300000741,347.90693279499624,1200,SAT-7-0,-16.657044396033747,302.9069327949962,1200,left,0.0006832817199538369,5421000,5551.437897662724
SAT-0-0,339.5172300000741,347.90693279499624,1200,SAT-1-0,-16.657044396033747,32.90693279499625,1200,right,0.0006832817201163208,5421000,5551.437897662722
SAT-0-0,339.7677500000742,348.06332510333027,1200,SAT-7-0,-16.456325966349308,303.0633251033302,1200,left,0.0006818577971935436,5425000,5557.222546542638
SAT-0-0,339.7677500000742,348.06332510333027,1200,SAT-1-0,-16.456325966349308,33.06332510333029,1200,right,0.0006818577973563669,5425000,5557.222546542637
SAT-0-0,340.0182700000743,348.2193939856873,1200,SAT-7-0,-16.255491801195156,303.21939398568736,1200,left,0.0006804541980662039,5429000,5562.942271527843
SAT-0-0,340.0182700000743,348.2193939856873,1200,SAT-1-0,-16.255491801195156,33.21939398568732,1200,right,0.0006804541980662039,5429000,5562.942271527841
SAT-0-0,340.2687900000744,348.37514408450426,1200,SAT-7-0,-16.054543627060884,303.3751440845043,1200,left,0.0006790708152926575,5433000,5568.5968359517
SAT-0-0,340.2687900000744,348.37514408450426,1200,SAT-1-0,-16.054543627060884,33.37514408450428,1200,right,0.000679070815456149,5433000,5568.596835951698
SAT-0-0,340.5193100000745,348.5305800177894,1200,SAT-7-0,-15.85348315876998,303.53058001778936,1200,left,0.0006777075426700625,5437000,5574.186006357398
SAT-0-0,340.5193100000745,348.5305800177894,1200,SAT-1-0,-15.85348315876998,33.53058001778943,1200,right,0.0006777075426700625,5437000,5574.186006357398
SAT-0-0,340.7698300000746,348.6857063794607,1200,SAT-7-0,-15.652312099670597,303.6857063794608,1200,left,0.000676364275607001,5441000,5579.709552487373
SAT-0-0,340.7698300000746,348.6857063794607,1200,SAT-1-0,-15.652312099670597,33.68570637946074,1200,right,0.000676364275607001,5441000,5579.709552487371
SAT-0-0,341.0203500000747,348.8405277396836,1200,SAT-7-0,-15.45103214182487,303.8405277396835,1200,left,0.0006750409114997645,5445000,5585.167247272875
SAT-0-0,341.0203500000747,348.8405277396836,1200,SAT-1-0,-15.45103214182487,33.840527739683594,1200,right,0.0006750409111708294,5445000,5585.167247272875
SAT-0-0,341.27087000007475,348.9950486452079,1200,SAT-7-0,-15.24964496619617,303.9950486452078,1200,left,0.0006737373478051303,5449000,5590.558866823772
SAT-0-0,341.27087000007475,348.9950486452079,1200,SAT-1-0,-15.24964496619617,33.995048645207866,1200,right,0.0006737373478051303,5449000,5590.55886682377
SAT-0-0,341.52139000007486,349.14927361970393,1200,SAT-7-0,-15.048152242835123,304.1492736197039,1200,left,0.0006724534853732356,5453000,5595.884190418459
SAT-0-0,341.52139000007486,349.14927361970393,1200,SAT-1-0,-15.048152242835123,34.14927361970392,1200,right,0.0006724534852081352,5453000,5595.884190418458
SAT-0-0,341.77191000007497,349.30320716409784,1200,SAT-7-0,-14.84655563106346,304.3032071640979,1200,left,0.0006711892247052481,5457000,5601.143000494014
SAT-0-0,341.77191000007497,349.30320716409784,1200,SAT-1-0,-14.84655563106346,34.303207164097834,1200,right,0.0006711892247052481,5457000,5601.143000494011
SAT-0-0,342.0224300000751,349.4568537569061,1200,SAT-7-0,-14.644856779656498,304.4568537569062,1200,left,0.000669944468630707,5461000,5606.335082636469
SAT-0-0,342.0224300000751,349.4568537569061,1200,SAT-1-0,-14.644856779656498,34.456853756906156,1200,right,0.0006699444687964256,5461000,5606.335082636468
SAT-0-0,342.2729500000751,349.61021785456956,1200,SAT-7-0,-14.443057327023897,304.6102178545696,1200,left,0.0006687191223579466,5465000,5611.460225571304
SAT-0-0,342.2729500000751,349.61021785456956,1200,SAT-1-0,-14.443057327023897,34.61021785456955,1200,right,0.0006687191223579466,5465000,5611.460225571304
SAT-0-0,342.52347000007524,349.76330389178554,1200,SAT-7-0,-14.241158901388667,304.76330389178554,1200,left,0.0006675130905301067,5469000,5616.51822115408
SAT-0-0,342.52347000007524,349.76330389178554,1200,SAT-1-0,-14.241158901388667,34.76330389178553,1200,right,0.0006675130905301067,5469000,5616.518221154079
SAT-0-0,342.77399000007534,349.9161162818403,1200,SAT-7-0,-14.039163120964957,304.9161162818403,1200,left,0.0006663262802467782,5473000,5621.50886436124
SAT-0-0,342.77399000007534,349.9161162818403,1200,SAT-1-0,-14.039163120964957,34.916116281840274,1200,right,0.0006663262804133967,5473000,5621.508864361238
SAT-0-0,343.02451000007545,350.06865941693985,1200,SAT-7-0,-13.83707159413392,305.0686594169399,1200,left,0.0006651586007793627,5477000,5626.4319532811105
SAT-0-0,343.02451000007545,350.06865941693985,1200,SAT-1-0,-13.83707159413392,35.06865941693985,1200,right,0.0006651586007793627,5477000,5626.431953281109
SAT-0-0,343.2750300000755,350.2209376685402,1200,SAT-7-0,-13.634885919618252,305.2209376685402,1200,left,0.0006640099621118872,5481000,5631.287289105026
SAT-0-0,343.2750300000755,350.2209376685402,1200,SAT-1-0,-13.634885919618252,35.22093766854019,1200,right,0.0006640099621118872,5481000,5631.287289105026
SAT-0-0,343.5255500000756,350.3729553876766,1200,SAT-7-0,-13.43260768665501,305.37295538767654,1200,left,0.0006628802746382292,5485000,5636.074676118666
SAT-0-0,343.5255500000756,350.3729553876766,1200,SAT-1-0,-13.43260768665501,35.37295538767658,1200,right,0.0006628802748057139,5485000,5636.074676118663
SAT-0-0,343.7760700000757,350.5247169052914,1200,SAT-7-0,-13.23023847516733,305.5247169052915,1200,left,0.00066176945221118,5489000,5640.793921693498
SAT-0-0,343.7760700000757,350.5247169052914,1200,SAT-1-0,-13.23023847516733,35.524716905291406,1200,right,0.0006617694520434141,5489000,5640.793921693497
SAT-0-0,344.0265900000758,350.67622653256194,1200,SAT-7-0,-13.027779855934307,305.67622653256194,1200,left,0.0006606774086677676,5493000,5645.444836278443
SAT-0-0,344.0265900000758,350.67622653256194,1200,SAT-1-0,-13.027779855934307,35.676226532561955,1200,right,0.0006606774084997245,5493000,5645.44483627844
SAT-0-0,344.2771100000759,350.8274885612265,1200,SAT-7-0,-12.825233390759683,305.8274885612265,1200,left,0.0006596040598735107,5497000,5650.02723339165
SAT-0-0,344.2771100000759,350.8274885612265,1200,SAT-1-0,-12.825233390759683,35.82748856122653,1200,right,0.0006596040600418274,5497000,5650.027233391648
SAT-0-0,344.527630000076,350.97850726391005,1200,SAT-7-0,-12.62260063263886,305.97850726391005,1200,left,0.0006585493229202444,5501000,5654.540929612469
SAT-0-0,344.527630000076,350.97850726391005,1200,SAT-1-0,-12.62260063263886,35.97850726391004,1200,right,0.0006585493229202444,5501000,5654.540929612469
SAT-0-0,344.7781500000761,351.1292868944482,1200,SAT-7-0,-12.41988312592499,306.1292868944482,1200,left,0.0006575131168350587,5505000,5658.98574457355
SAT-0-0,344.7781500000761,351.1292868944482,1200,SAT-1-0,-12.41988312592499,36.12928689444823,1200,right,0.000657513116666207,5505000,5658.985744573548
SAT-0-0,345.0286700000762,351.27983168821135,1200,SAT-7-0,-12.217082406493262,306.27983168821135,1200,left,0.0006564953604202758,5509000,5663.361500953114
SAT-0-0,345.0286700000762,351.27983168821135,1200,SAT-1-0,-12.217082406493262,36.279831688211324,1200,right,0.0006564953605893894,5509000,5663.361500953115
SAT-0-0,345.2791900000763,351.43014586242657,1200,SAT-7-0,-12.014200001904108,306.43014586242657,1200,left,0.0006554959760007481,5513000,5667.668024467383
SAT-0-0,345.2791900000763,351.43014586242657,1200,SAT-1-0,-12.014200001904108,36.4301458624266,1200,right,0.000655495976339491,5513000,5667.6680244673835
SAT-0-0,345.52971000007636,351.5802336164998,1200,SAT-7-0,-11.811237431564876,306.5802336164998,1200,left,0.0006545148864198419,5517000,5671.905143863146
SAT-0-0,345.52971000007636,351.5802336164998,1200,SAT-1-0,-11.811237431564876,36.58023361649983,1200,right,0.0006545148862502166,5517000,5671.905143863145
SAT-0-0,345.7802300000765,351.73009913233585,1200,SAT-7-0,-11.608196206890627,306.7300991323359,1200,left,0.0006535520155746717,5521000,5676.072690910486
SAT-0-0,345.7802300000765,351.73009913233585,1200,SAT-1-0,-11.608196206890627,36.73009913233587,1200,right,0.0006535520152349211,5521000,5676.072690910486
SAT-0-0,346.0307500000766,351.87974657465827,1200,SAT-7-0,-11.405077831463252,306.87974657465827,1200,left,0.0006526072884453107,5525000,5680.170500395667
SAT-0-0,346.0307500000766,351.87974657465827,1200,SAT-1-0,-11.405077831463252,36.879746574658256,1200,right,0.0006526072884453107,5525000,5680.170500395667
SAT-0-0,346.2812700000767,352.02918009132793,1200,SAT-7-0,-11.201883801189611,307.02918009132793,1200,left,0.0006516806328273535,5529000,5684.198410114144
SAT-0-0,346.2812700000767,352.02918009132793,1200,SAT-1-0,-11.201883801189611,37.02918009132792,1200,right,0.0006516806328273535,5529000,5684.198410114142
SAT-0-0,346.53179000007674,352.17840381366085,1200,SAT-7-0,-10.99861560445822,307.17840381366085,1200,left,0.0006507719763016265,5533000,5688.156260863744
SAT-0-0,346.53179000007674,352.17840381366085,1200,SAT-1-0,-10.99861560445822,37.17840381366084,1200,right,0.0006507719763016265,5533000,5688.156260863742
SAT-0-0,346.78231000007685,352.32742185674465,1200,SAT-7-0,-10.795274722295163,307.32742185674465,1200,left,0.000649881249669451,5537000,5692.043896437989
SAT-0-0,346.78231000007685,352.32742185674465,1200,SAT-1-0,-10.795274722295163,37.327421856744664,1200,right,0.0006498812494986162,5537000,5692.043896437986
SAT-0-0,347.03283000007696,352.4762383197546,1200,SAT-7-0,-10.591862628518431,307.4762383197546,1200,left,0.0006490083825466646,5541000,5695.861163619549
SAT-0-0,347.03283000007696,352.4762383197546,1200,SAT-1-0,-10.591862628518431,37.47623831975459,1200,right,0.0006490083828887937,5541000,5695.861163619547
SAT-0-0,347.28335000007706,352.62485728626797,1200,SAT-7-0,-10.388380789891372,307.62485728626797,1200,left,0.0006481533090274846,5545000,5699.60791217385
SAT-0-0,347.28335000007706,352.62485728626797,1200,SAT-1-0,-10.388380789891372,37.62485728626798,1200,right,0.0006481533088561945,5545000,5699.607912173849
SAT-0-0,347.5338700000771,352.77328282457836,1200,SAT-7-0,-10.184830666274777,307.77328282457836,1200,left,0.0006473159615584302,5549000,5703.283994842835
SAT-0-0,347.5338700000771,352.77328282457836,1200,SAT-1-0,-10.184830666274777,37.77328282457833,1200,right,0.0006473159613869185,5549000,5703.283994842835
SAT-0-0,347.7843900000772,352.92151898800824,1200,SAT-7-0,-9.981213710778304,307.92151898800824,1200,left,0.0006464962759261301,5553000,5706.889267338836
SAT-0-0,347.7843900000772,352.92151898800824,1200,SAT-1-0,-9.981213710778304,37.92151898800825,1200,right,0.0006464962755826717,5553000,5706.889267338835
SAT-0-0,348.03491000007733,353.0695698152212,1200,SAT-7-0,-9.777531369910397,308.0695698152212,1200,left,0.0006456941883735551,5557000,5710.423588338611
SAT-0-0,348.03491000007733,353.0695698152212,1200,SAT-1-0,-9.777531369910397,38.06956981522117,1200,right,0.0006456941885454976,5557000,5710.423588338609
SAT-0-0,348.28543000007744,353.2174393305326,1200,SAT-7-0,-9.573785083727437,308.21743933053256,1200,left,0.0006449096371697129,5561000,5713.886819477513
SAT-0-0,348.28543000007744,353.2174393305326,1200,SAT-1-0,-9.573785083727437,38.2174393305326,1200,right,0.0006449096373418645,5561000,5713.886819477511
SAT-0-0,348.5359500000775,353.36513154422016,1200,SAT-7-0,-9.3699762859816,308.3651315442201,1200,left,0.0006441425621220288,5565000,5717.278825343794
SAT-0-0,348.5359500000775,353.36513154422016,1200,SAT-1-0,-9.3699762859816,38.36513154422015,1200,right,0.0006441425617773153,5565000,5717.278825343793
SAT-0-0,348.7864700000776,353.5126504528328,1200,SAT-7-0,-9.16610640426816,308.51265045283276,1200,left,0.0006433929020137405,5569000,5720.599473473044
SAT-0-0,348.7864700000776,353.5126504528328,1200,SAT-1-0,-9.16610640426816,38.512650452832816,1200,right,0.0006433929020137405,5569000,5720.599473473042
SAT-0-0,349.0369900000777,353.66000003949915,1200,SAT-7-0,-8.962176860171379,308.66000003949915,1200,left,0.0006426606003152912,5573000,5723.848634342763
SAT-0-0,349.0369900000777,353.66000003949915,1200,SAT-1-0,-8.962176860171379,38.66000003949917,1200,right,0.0006426606004880453,5573000,5723.848634342764
SAT-0-0,349.2875100000778,353.8071842742348,1200,SAT-7-0,-8.75818906940971,308.8071842742349,1200,left,0.000641945599865666,5577000,5727.026181367084
SAT-0-0,349.2875100000778,353.8071842742348,1200,SAT-1-0,-8.75818906940971,38.80718427423484,1200,right,0.0006419456000386126,5577000,5727.026181367085
SAT-0-0,349.53803000007787,353.95420711424913,1200,SAT-7-0,-8.554144441979814,308.95420711424913,1200,left,0.0006412478456543912,5581000,5730.131990891598
SAT-0-0,349.53803000007787,353.95420711424913,1200,SAT-1-0,-8.554144441979814,38.95420711424912,1200,right,0.0006412478456543912,5581000,5730.131990891599
SAT-0-0,349.788550000078,354.1010725042506,1200,SAT-7-0,-8.350044382300082,309.1010725042506,1200,left,0.0006405672834618208,5585000,5733.165942188342
SAT-0-0,349.788550000078,354.1010725042506,1200,SAT-1-0,-8.350044382300082,39.10107250425061,1200,right,0.0006405672831151834,5585000,5733.165942188341
SAT-0-0,350.0390700000781,354.247784376752,1200,SAT-7-0,-8.145890289352888,309.24778437675207,1200,left,0.0006399038600515377,5589000,5736.1279174508945
SAT-0-0,350.0390700000781,354.247784376752,1200,SAT-1-0,-8.145890289352888,39.24778437675201,1200,right,0.0006399038598780394,5589000,5736.127917450894
SAT-0-0,350.2895900000782,354.39434665237405,1200,SAT-7-0,-7.941683556826187,309.39434665237405,1200,left,0.0006392575244055992,5593000,5739.017801789615
SAT-0-0,350.2895900000782,354.39434665237405,1200,SAT-1-0,-7.941683556826187,39.39434665237408,1200,right,0.0006392575244055992,5593000,5739.017801789613
SAT-0-0,350.54011000007824,354.5407632401491,1200,SAT-7-0,-7.737425573254052,309.54076324014915,1200,left,0.0006386282267066626,5597000,5741.835483227007
SAT-0-0,350.54011000007824,354.5407632401491,1200,SAT-1-0,-7.737425573254052,39.540763240149104,1200,right,0.0006386282261851276,5597000,5741.835483227006
SAT-0-0,350.79063000007835,354.6870380378227,1200,SAT-7-0,-7.533117722156803,309.68703803782273,1200,left,0.0006380159174873308,5601000,5744.580852693207
SAT-0-0,350.79063000007835,354.6870380378227,1200,SAT-1-0,-7.533117722156803,39.68703803782267,1200,right,0.0006380159176613427,5601000,5744.580852693204
SAT-0-0,351.04115000007846,354.83317493215594,1200,SAT-7-0,-7.328761382179929,309.83317493215594,1200,left,0.0006374205499093497,5605000,5747.2538040215995
SAT-0-0,351.04115000007846,354.83317493215594,1200,SAT-1-0,-7.328761382179929,39.83317493215594,1200,right,0.0006374205500835241,5605000,5747.253804021599
SAT-0-0,351.29167000007857,354.97917779922585,1200,SAT-7-0,-7.1243579272324835,309.9791777992258,1200,left,0.0006368420782197327,5609000,5749.854233944571
SAT-0-0,351.29167000007857,354.97917779922585,1200,SAT-1-0,-7.1243579272324835,39.979177799225845,1200,right,0.0006368420782197327,5609000,5749.854233944569
SAT-0-0,351.5421900000786,355.1250505047255,1200,SAT-7-0,-6.919908726624469,310.12505050472544,1200,left,0.0006362804565465992,5613000,5752.382042089364
SAT-0-0,351.5421900000786,355.1250505047255,1200,SAT-1-0,-6.919908726624469,40.12505050472549,1200,right,0.0006362804565465992,5613000,5752.382042089363
SAT-0-0,351.7927100000787,355.27079690426325,1200,SAT-7-0,-6.715415145203932,310.2707969042633,1200,left,0.0006357356420542558,5617000,5754.837130974081
SAT-0-0,351.7927100000787,355.27079690426325,1200,SAT-1-0,-6.715415145203932,40.27079690426328,1200,right,0.0006357356424035277,5617000,5754.837130974079
SAT-0-0,352.04323000007884,355.4164208436614,1200,SAT-7-0,-6.5108785434929075,310.41642084366134,1200,left,0.0006352075925210324,5621000,5757.219406003793
SAT-0-0,352.04323000007884,355.4164208436614,1200,SAT-1-0,-6.5108785434929075,40.416420843661385,1200,right,0.0006352075925210324,5621000,5757.219406003792
SAT-0-0,352.29375000007894,355.5619261592537,1200,SAT-7-0,-6.306300277822946,310.56192615925363,1200,left,0.0006346962670527718,5625000,5759.528775466782
SAT-0-0,352.29375000007894,355.5619261592537,1200,SAT-1-0,-6.306300277822946,40.56192615925369,1200,right,0.0006346962668778499,5625000,5759.528775466779
SAT-0-0,352.544270000079,355.707316678183,1200,SAT-7-0,-6.101681700469719,310.707316678183,1200,left,0.0006342016253989205,5629000,5761.765150530898
SAT-0-0,352.544270000079,355.707316678183,1200,SAT-1-0,-6.101681700469719,40.70731667818304,1200,right,0.0006342016253989205,5629000,5761.765150530896
SAT-0-0,352.7947900000791,355.85259621869744,1200,SAT-7-0,-5.8970241597873905,310.85259621869744,1200,left,0.0006337236300680193,5633000,5763.92844524004
SAT-0-0,352.7947900000791,355.85259621869744,1200,SAT-1-0,-5.8970241597873905,40.85259621869742,1200,right,0.000633723629892829,5633000,5763.928445240038
SAT-0-0,353.0453100000792,355.99776859044596,1200,SAT-7-0,-5.69232900034196,310.997768590446,1200,left,0.000633262243718576,5637000,5766.018576510757
SAT-0-0,353.0453100000792,355.99776859044596,1200,SAT-1-0,-5.69232900034196,40.99776859044598,1200,right,0.0006332622438938941,5637000,5766.018576510756
SAT-0-0,353.2958300000793,356.14283759477394,1200,SAT-7-0,-5.487597563044251,311.1428375947739,1200,left,0.0006328174305729731,5641000,5768.03546412897
SAT-0-0,353.2958300000793,356.14283759477394,1200,SAT-1-0,-5.487597563044251,41.14283759477394,1200,right,0.0006328174305729731,5641000,5768.03546412897
SAT-0-0,353.54635000007937,356.28780702501746,1200,SAT-7-0,-5.2828311852820615,311.2878070250175,1200,left,0.0006323891559058799,5645000,5769.979030746806
SAT-0-0,353.54635000007937,356.28780702501746,1200,SAT-1-0,-5.2828311852820615,41.287807025017464,1200,right,0.00063238915608144,5645000,5769.979030746804
SAT-0-0,353.7968700000795,356.4326806667974,1200,SAT-7-0,-5.078031201052181,311.43268066679747,1200,left,0.0006319773869354251,5649000,5771.849201879557
SAT-0-0,353.7968700000795,356.4326806667974,1200,SAT-1-0,-5.078031201052181,41.43268066679742,1200,right,0.0006319773869354251,5649000,5771.849201879557
SAT-0-0,354.0473900000796,356.57746229831247,1200,SAT-7-0,-4.873198941091452,311.57746229831247,1200,left,0.0006315820914320868,5653000,5773.645905902756
SAT-0-0,354.0473900000796,356.57746229831247,1200,SAT-1-0,-4.873198941091452,41.57746229831247,1200,right,0.0006315820916078712,5653000,5773.645905902754
SAT-0-0,354.2979100000797,356.72215569063235,1200,SAT-7-0,-4.6683357330075115,311.7221556906323,1200,left,0.0006312032391360337,5657000,5775.369074049361
SAT-0-0,354.2979100000797,356.72215569063235,1200,SAT-1-0,-4.6683357330075115,41.722155690632356,1200,right,0.0006312032393119237,5657000,5775.369074049359
SAT-0-0,354.54843000007975,356.86676460798964,1200,SAT-7-0,-4.463442901409046,311.8667646079896,1200,left,0.0006308408003632631,5661000,5777.018640407071
SAT-0-0,354.54843000007975,356.86676460798964,1200,SAT-1-0,-4.463442901409046,41.86676460798961,1200,right,0.0006308408003632631,5661000,5777.018640407069
SAT-0-0,354.79895000007986,357.0112928080718,1200,SAT-7-0,-4.258521768035358,312.0112928080718,1200,left,0.0006304947475998543,5665000,5778.594541915734
SAT-0-0,354.79895000007986,357.0112928080718,1200,SAT-1-0,-4.258521768035358,42.01129280807177,1200,right,0.0006304947475998543,5665000,5778.594541915735
SAT-0-0,355.04947000007996,357.15574404231205,1200,SAT-7-0,-4.053573651885895,312.15574404231205,1200,left,0.0006301650530488535,5669000,5780.096718364904
SAT-0-0,355.04947000007996,357.15574404231205,1200,SAT-1-0,-4.053573651885895,42.15574404231205,1200,right,0.0006301650530488535,5669000,5780.096718364902
SAT-0-0,355.2999900000801,357.30012205618056,1200,SAT-7-0,-3.8485998693489205,312.30012205618056,1200,left,0.0006298516919858024,5673000,5781.5251123914695
SAT-0-0,355.2999900000801,357.30012205618056,1200,SAT-1-0,-3.8485998693489205,42.30012205618054,1200,right,0.0006298516919858024,5673000,5781.525112391466
SAT-0-0,355.5505100000801,357.4444305894741,1200,SAT-7-0,-3.6436017343300264,312.4444305894741,1200,left,0.0006295546399515942,5677000,5782.879669477433
SAT-0-0,355.5505100000801,357.4444305894741,1200,SAT-1-0,-3.6436017343300264,42.444430589474095,1200,right,0.0006295546399515942,5677000,5782.879669477432
SAT-0-0,355.80103000008023,357.5886733766063,1200,SAT-7-0,-3.4385805583800004,312.5886733766063,1200,left,0.0006292738734651954,5681000,5784.16033794779
SAT-0-0,355.80103000008023,357.5886733766063,1200,SAT-1-0,-3.4385805583800004,42.588673376606344,1200,right,0.0006292738734651954,5681000,5784.160337947789
SAT-0-0,356.05155000008034,357.73285414689707,1200,SAT-7-0,-3.233537650822729,312.7328541468971,1200,left,0.000629009371444067,5685000,5785.367068968515
SAT-0-0,356.05155000008034,357.73285414689707,1200,SAT-1-0,-3.233537650822729,42.732854146897076,1200,right,0.0006290093716205704,5685000,5785.367068968514
SAT-0-0,356.30207000008045,357.87697662486113,1200,SAT-7-0,-3.028474318882341,312.8769766248612,1200,left,0.0006287611129195257,5689000,5786.499816544661
SAT-0-0,356.30207000008045,357.87697662486113,1200,SAT-1-0,-3.028474318882341,42.876976624861115,1200,right,0.0006287611129195257,5689000,5786.49981654466
SAT-0-0,356.5525900000805,358.02104453049697,1200,SAT-7-0,-2.8233918678102543,313.0210445304969,1200,left,0.0006285290788087899,5693000,5787.558537518588
SAT-0-0,356.5525900000805,358.02104453049697,1200,SAT-1-0,-2.8233918678102543,43.02104453049696,1200,right,0.0006285290789854282,5693000,5787.558537518587
SAT-0-0,356.8031100000806,358.16506157957525,1200,SAT-7-0,-2.618291601011671,313.16506157957525,1200,left,0.000628313251746937,5697000,5788.543191568278
SAT-0-0,356.8031100000806,358.16506157957525,1200,SAT-1-0,-2.618291601011671,43.16506157957528,1200,right,0.0006283132515702381,5697000,5788.543191568278
SAT-0-0,357.0536300000807,358.30903148392645,1200,SAT-7-0,-2.413174820172187,313.3090314839264,1200,left,0.0006281136136199877,5701000,5789.453741205784
SAT-0-0,357.0536300000807,358.30903148392645,1200,SAT-1-0,-2.413174820172187,43.30903148392645,1200,right,0.0006281136136199877,5701000,5789.453741205784
SAT-0-0,357.3041500000808,358.45295795172837,1200,SAT-7-0,-2.2080428253837185,313.45295795172837,1200,left,0.0006279301501652677,5705000,5790.290151775774
SAT-0-0,357.3041500000808,358.45295795172837,1200,SAT-1-0,-2.2080428253837185,43.45295795172838,1200,right,0.0006279301503420745,5705000,5790.290151775773
SAT-0-0,357.55467000008093,358.5968446877939,1200,SAT-7-0,-2.002896915270417,313.596844687794,1200,left,0.0006277628467367143,5709000,5791.052391454189
SAT-0-0,357.55467000008093,358.5968446877939,1200,SAT-1-0,-2.002896915270417,43.596844687793904,1200,right,0.0006277628467367143,5709000,5791.052391454188
SAT-0-0,357.805190000081,358.74069539385766,1200,SAT-7-0,-1.7977383871141084,313.74069539385766,1200,left,0.0006276116904308477,5713000,5791.740431247018
SAT-0-0,357.805190000081,358.74069539385766,1200,SAT-1-0,-1.7977383871141084,43.740695393857656,1200,right,0.0006276116906077442,5713000,5791.740431247016
SAT-0-0,358.0557100000811,358.884513768863,1200,SAT-7-0,-1.5925685369799314,313.88451376886303,1200,left,0.000627476669561612,5717000,5792.354244989181
SAT-0-0,358.0557100000811,358.884513768863,1200,SAT-1-0,-1.5925685369799314,43.88451376886299,1200,right,0.0006274766693846774,5717000,5792.35424498918
SAT-0-0,358.3062300000812,359.0283035092485,1200,SAT-7-0,-1.3873886598413672,314.0283035092484,1200,left,0.0006273577738418163,5721000,5792.8938093435145
SAT-0-0,358.3062300000812,359.0283035092485,1200,SAT-1-0,-1.3873886598413672,44.028303509248474,1200,right,0.0006273577734878801,5721000,5792.893809343513
SAT-0-0,358.5567500000813,359.1720683092344,1200,SAT-7-0,-1.1822000497053444,314.17206830923436,1200,left,0.0006272549933253041,5725000,5793.359103799872
SAT-0-0,358.5567500000813,359.1720683092344,1200,SAT-1-0,-1.1822000497053444,44.172068309234426,1200,right,0.0006272549929713099,5725000,5793.359103799872
SAT-0-0,358.80727000008136,359.31581186110895,1200,SAT-7-0,-0.9770039997369425,314.315811861109,1200,left,0.0006271683207111127,5729000,5793.750110674337
SAT-0-0,358.80727000008136,359.31581186110895,1200,SAT-1-0,-0.9770039997369425,44.31581186110896,1200,right,0.0006271683207111127,5729000,5793.750110674337
SAT-0-0,359.05779000008147,359.4595378555141,1200,SAT-7-0,-0.7718018023843737,314.4595378555141,1200,left,0.000627097749045978,5733000,5794.066815108539
SAT-0-0,359.05779000008147,359.4595378555141,1200,SAT-1-0,-0.7718018023843737,44.45953785551411,1200,right,0.0006270977494000608,5733000,5794.066815108536
SAT-0-0,359.3083100000816,359.60324998173184,1200,SAT-7-0,-0.5665947495034401,314.60324998173184,1200,left,0.0006270432731428149,5737000,5794.30920506908
SAT-0-0,359.3083100000816,359.60324998173184,1200,SAT-1-0,-0.5665947495034401,44.60324998173181,1200,right,0.0006270432731428149,5737000,5794.3092050690775
SAT-0-0,359.5588300000817,359.7469519279695,1200,SAT-7-0,-0.36138413248214146,314.7469519279695,1200,left,0.0006270048886977053,5741000,5794.477271347074
SAT-0-0,359.5588300000817,359.7469519279695,1200,SAT-1-0,-0.36138413248214146,44.74695192796952,1200,right,0.0006270048886977053,5741000,5794.477271347072
SAT-0-0,359.80935000008174,359.89064738164626,1200,SAT-7-0,-0.15617124236496183,314.89064738164626,1200,left,0.0006269825922913865,5745000,5794.5710075577945
SAT-0-0,359.80935000008174,359.89064738164626,1200,SAT-1-0,-0.15617124236496183,44.890647381646254,1200,right,0.0006269825926455344,5745000,5794.571007557791
