S1_id,S1_lat,S1_lon,S1_alt,S2_id,S2_lat,S2_lon,S2_alt,link direction,gap of angle (rad),time,distance
SAT-0-0,0.06263,0.039516198808027786,1325,SAT-19-0,0.04858999183076823,342.03951619880803,1325,left,0.0006896877770149275,1000,2407.838420042855
SAT-0-0,0.06263,0.039516198808027786,1325,SAT-1-0,0.04858999183076823,18.039516198808027,1325,right,0.0006896877770149275,1000,2407.838420042853
SAT-0-0,0.18789,0.11854882378422807,1325,SAT-19-0,0.14576988304104177,342.11854882378424,1325,left,0.0006896907529485436,3000,2407.831493205431
SAT-0-0,0.18789,0.11854882378422807,1325,SAT-1-0,0.14576988304104177,18.118548823784227,1325,right,0.0006896907529485436,3000,2407.83149320543
SAT-0-0,0.50104,0.3161343650778232,1325,SAT-19-0,0.3887179931414447,342.3161343650778,1325,left,0.0006897155550617074,8000,2407.7838718536605
SAT-0-0,0.50104,0.3161343650778232,1325,SAT-1-0,0.3887179931414447,18.316134365077826,1325,right,0.0006897155550617074,8000,2407.783871853658
SAT-0-0,0.6263,0.3951713668505745,1325,SAT-19-0,0.48589610460150223,342.39517136685055,1325,left,0.0006897324207876113,10000,2407.752702134082
SAT-0-0,0.6263,0.3951713668505745,1325,SAT-1-0,0.48589610460150223,18.395171366850573,1325,right,0.0006897324203047184,10000,2407.7527021340798
SAT-0-0,0.8768199999999998,0.5532526464600427,1325,SAT-19-0,0.6802493687806118,342.55325264646007,1325,left,0.0006897780579748089,14000,2407.66958527923
SAT-0-0,0.8768199999999998,0.5532526464600427,1325,SAT-1-0,0.6802493687806118,18.55325264646004,1325,right,0.0006897780579748089,14000,2407.669585279228
SAT-0-0,1.0020799999999999,0.6322978339912478,1325,SAT-19-0,0.7774241515530931,342.6322978339913,1325,left,0.0006898068317064189,16000,2407.6176390157443
SAT-0-0,1.0020799999999999,0.6322978339912478,1325,SAT-1-0,0.7774241515530931,18.63229783399125,1325,right,0.0006898068318673658,16000,2407.6176390157425
SAT-0-0,1.2526,0.7903995791000494,1325,SAT-19-0,0.9717690933983488,342.79039957910004,1325,left,0.000689876288571168,20000,2407.4929735410765
SAT-0-0,1.2526,0.7903995791000494,1325,SAT-1-0,0.9717690933983488,18.79039957910005,1325,right,0.000689876288571168,20000,2407.4929735410747
SAT-0-0,1.3778599999999999,0.8694570466873379,1325,SAT-19-0,1.068938882348837,342.86945704668733,1325,left,0.0006899169730800777,22000,2407.420255637658
SAT-0-0,1.3778599999999999,0.8694570466873379,1325,SAT-1-0,1.068938882348837,18.869457046687337,1325,right,0.000689916973240999,22000,2407.4202556376567
SAT-0-0,1.6283799999999997,1.0275874474667637,1325,SAT-19-0,1.2632721707127605,343.0275874474668,1325,left,0.0006900102587841108,26000,2407.254053313128
SAT-0-0,1.6283799999999997,1.0275874474667637,1325,SAT-1-0,1.2632721707127605,19.027587447466765,1325,right,0.0006900102587841108,26000,2407.254053313126
SAT-0-0,1.7536399999999999,1.10666129110989,1325,SAT-19-0,1.36043529975784,343.1066612911099,1325,left,0.000690062860459819,28000,2407.160570635854
SAT-0-0,1.7536399999999999,1.10666129110989,1325,SAT-1-0,1.36043529975784,19.10666129110989,1325,right,0.0006900628609424808,28000,2407.1605706358523
SAT-0-0,2.00416,1.2648285417029117,1325,SAT-19-0,1.5547536012782832,343.2648285417029,1325,left,0.0006901799872121721,32000,2406.9528471561007
SAT-0-0,2.00416,1.2648285417029117,1325,SAT-1-0,1.5547536012782832,19.26482854170291,1325,right,0.000690179987694752,32000,2406.952847156099
SAT-0-0,2.12942,1.3439228596711976,1325,SAT-19-0,1.6519084030687998,343.34392285967124,1325,left,0.0006902445141258276,34000,2406.8386085336647
SAT-0-0,2.12942,1.3439228596711976,1325,SAT-1-0,1.6519084030687998,19.3439228596712,1325,right,0.0006902445141258276,34000,2406.8386085336624
SAT-0-0,2.37994,1.5021351593274095,1325,SAT-19-0,1.8462083815351342,343.5021351593274,1325,left,0.0006903854986205612,38000,2406.5893835191873
SAT-0-0,2.37994,1.5021351593274095,1325,SAT-1-0,1.8462083815351342,19.50213515932741,1325,right,0.0006903854986205612,38000,2406.589383519186
SAT-0-0,2.5052,1.5812540527272458,1325,SAT-19-0,1.9433531871391043,343.5812540527273,1325,left,0.0006904619590717431,40000,2406.454399743557
SAT-0-0,2.5052,1.5812540527272458,1325,SAT-1-0,1.9433531871391043,19.581254052727246,1325,right,0.0006904619587501546,40000,2406.4543997435558
SAT-0-0,2.7557199999999997,1.7395196069379333,1325,SAT-19-0,2.137631502857625,343.7395196069379,1325,left,0.0006906268208663943,44000,2406.163696742182
SAT-0-0,2.7557199999999997,1.7395196069379333,1325,SAT-1-0,2.137631502857625,19.739519606937936,1325,right,0.0006906268207056385,44000,2406.1636967421805
SAT-0-0,2.88098,1.8186671802803502,1325,SAT-19-0,2.2347646414427116,343.81866718028033,1325,left,0.0006907152248247792,46000,2406.0079805694113
SAT-0-0,2.88098,1.8186671802803502,1325,SAT-1-0,2.2347646414427116,19.81866718028035,1325,right,0.0006907152251462498,46000,2406.00798056941
SAT-0-0,3.1315000000000004,1.9769942019137137,1325,SAT-19-0,2.429017950601083,343.9769942019137,1325,left,0.0006909039868079589,50000,2405.675827058054
SAT-0-0,3.1315000000000004,1.9769942019137137,1325,SAT-1-0,2.429017950601083,19.976994201913715,1325,right,0.0006909039869686503,50000,2405.6758270580517
SAT-0-0,3.2567600000000003,2.056174563682037,1325,SAT-19-0,2.526137749116545,344.056174563682,1325,left,0.0006910043473513057,52000,2405.4993932092325
SAT-0-0,3.2567600000000003,2.056174563682037,1325,SAT-1-0,2.526137749116545,20.056174563682035,1325,right,0.0006910043473513057,52000,2405.4993932092298
SAT-0-0,3.5072800000000006,2.21457127411859,1325,SAT-19-0,2.720362703147106,344.21457127411855,1325,left,0.0006912170350820443,56000,2405.125820595951
SAT-0-0,3.5072800000000006,2.21457127411859,1325,SAT-1-0,2.720362703147106,20.21457127411859,1325,right,0.0006912170357245188,56000,2405.1258205959493
SAT-0-0,3.6325400000000005,2.293788537336186,1325,SAT-19-0,2.817467486005136,344.2937885373362,1325,left,0.000691329365814557,58000,2404.9286857583097
SAT-0-0,3.6325400000000005,2.293788537336186,1325,SAT-1-0,2.817467486005136,20.293788537336184,1325,right,0.0006913293662963345,58000,2404.9286857583074
SAT-0-0,3.883060000000001,2.4522631676043547,1325,SAT-19-0,3.0116607309469017,344.45226316760437,1325,left,0.000691566009430174,62000,2404.513729384664
SAT-0-0,3.883060000000001,2.4522631676043547,1325,SAT-1-0,3.0116607309469017,20.452263167604354,1325,right,0.0006915660092696365,62000,2404.5137293846624
SAT-0-0,4.008320000000001,2.5315214504024834,1325,SAT-19-0,3.1087488197032687,344.5315214504025,1325,left,0.0006916903260788281,64000,2404.2959122128245
SAT-0-0,4.008320000000001,2.5315214504024834,1325,SAT-1-0,3.1087488197032687,20.531521450402483,1325,right,0.0006916903260788281,64000,2404.2959122128227
SAT-0-0,4.258840000000003,2.69008224231442,1325,SAT-19-0,3.302906995562444,344.6900822423144,1325,left,0.0006919509580225672,68000,2403.8396113565186
SAT-0-0,4.258840000000003,2.69008224231442,1325,SAT-1-0,3.302906995562444,20.69008224231442,1325,right,0.000691950958503912,68000,2403.839611356517
SAT-0-0,4.384100000000004,2.769385668500199,1325,SAT-19-0,3.3999767085963475,344.7693856685002,1325,left,0.0006920872776220184,70000,2403.601132473892
SAT-0-0,4.384100000000004,2.769385668500199,1325,SAT-1-0,3.3999767085963475,20.7693856685002,1325,right,0.0006920872774616018,70000,2403.60113247389
SAT-0-0,4.634620000000005,2.928040875787823,1325,SAT-19-0,3.5940964487051774,344.9280408757878,1325,left,0.0006923719342237181,74000,2403.103530351723
SAT-0-0,4.634620000000005,2.928040875787823,1325,SAT-1-0,3.5940964487051774,20.928040875787826,1325,right,0.0006923719339030168,74000,2403.103530351721
SAT-0-0,4.759880000000006,3.007393575412311,1325,SAT-19-0,3.6911461008982247,345.0073935754123,1325,left,0.000692520275424312,76000,2402.8444123520553
SAT-0-0,4.759880000000006,3.007393575412311,1325,SAT-1-0,3.6911461008982247,21.007393575412312,1325,right,0.0006925202757449446,76000,2402.844412352053
SAT-0-0,5.010400000000008,3.1661514648636016,1325,SAT-19-0,3.8852240312720183,345.1661514648636,1325,left,0.0006928289959092551,80000,2402.3055561231563
SAT-0-0,5.010400000000008,3.1661514648636016,1325,SAT-1-0,3.8852240312720183,21.1661514648636,1325,right,0.0006928289957490102,80000,2402.305556123154
SAT-0-0,5.1356600000000086,3.2455575747899994,1325,SAT-19-0,3.9822519336862454,345.24555757479,1325,left,0.000692989379283009,82000,2402.0258235722276
SAT-0-0,5.1356600000000086,3.2455575747899994,1325,SAT-1-0,3.9822519336862454,21.24555757479,1325,right,0.000692989379283009,82000,2402.0258235722245
SAT-0-0,5.386180000000012,3.404426427385531,1325,SAT-19-0,4.176284672378386,345.40442642738554,1325,left,0.0006933222057424063,86000,2401.445764341609
SAT-0-0,5.386180000000012,3.404426427385531,1325,SAT-1-0,4.176284672378386,21.40442642738553,1325,right,0.0006933222057424063,86000,2401.445764341607
SAT-0-0,5.511440000000014,3.4838900918575226,1325,SAT-19-0,4.273289131933232,345.4838900918575,1325,left,0.0006934946540865603,88000,2401.145443779078
SAT-0-0,5.511440000000014,3.4838900918575226,1325,SAT-1-0,4.273289131933232,21.48389009185752,1325,right,0.0006934946540865603,88000,2401.1454437790762
SAT-0-0,5.761960000000017,3.642878203907255,1325,SAT-19-0,4.467273288387993,345.64287820390723,1325,left,0.0006938516335257418,92000,2400.5242366014763
SAT-0-0,5.761960000000017,3.642878203907255,1325,SAT-1-0,4.467273288387993,21.642878203907255,1325,right,0.0006938516330457157,92000,2400.524236601474
SAT-0-0,5.887220000000019,3.7224035751174585,1325,SAT-19-0,4.564252607536125,345.7224035751174,1325,left,0.0006940361692836736,94000,2400.2033565428774
SAT-0-0,5.887220000000019,3.7224035751174585,1325,SAT-1-0,4.564252607536125,21.72240357511746,1325,right,0.0006940361696036061,94000,2400.2033565428756
SAT-0-0,6.137740000000021,3.8815192593977903,1325,SAT-19-0,4.7581847819391445,345.8815192593978,1325,left,0.0006944173503838246,98000,2399.5410604268877
SAT-0-0,6.137740000000021,3.8815192593977903,1325,SAT-1-0,4.7581847819391445,21.88151925939779,1325,right,0.0006944173499041895,98000,2399.541060426886
SAT-0-0,6.263000000000023,3.9611104980563474,1325,SAT-19-0,4.855137258341079,345.96111049805637,1325,left,0.0006946140002690243,100000,2399.199651365779
SAT-0-0,6.263000000000023,3.9611104980563474,1325,SAT-1-0,4.855137258341079,21.961110498056346,1325,right,0.0006946140002690243,100000,2399.1996513657778
SAT-0-0,6.513520000000026,4.120362084947402,1325,SAT-19-0,5.049014040967276,346.1203620849474,1325,left,0.0006950194355898887,104000,2398.4963292783114
SAT-0-0,6.513520000000026,4.120362084947402,1325,SAT-1-0,5.049014040967276,22.120362084947406,1325,right,0.000695019435270409,104000,2398.496329278309
SAT-0-0,6.638780000000028,4.200023360850687,1325,SAT-19-0,5.145937967164666,346.20002336085065,1325,left,0.0006952282260850657,106000,2398.134423688572
SAT-0-0,6.638780000000028,4.200023360850687,1325,SAT-1-0,5.145937967164666,22.200023360850686,1325,right,0.0006952282265641414,106000,2398.13442368857
SAT-0-0,6.8893000000000315,4.359419199473841,1325,SAT-19-0,5.339755937723463,346.35941919947385,1325,left,0.0006956579718630996,110000,2397.390142559595
SAT-0-0,6.8893000000000315,4.359419199473841,1325,SAT-1-0,5.339755937723463,22.35941919947384,1325,right,0.0006956579717035063,110000,2397.3901425595927
SAT-0-0,7.014560000000033,4.439154692073277,1325,SAT-19-0,5.436649600811003,346.43915469207326,1325,left,0.0006958789322373554,112000,2397.007774897877
SAT-0-0,7.014560000000033,4.439154692073277,1325,SAT-1-0,5.436649600811003,22.439154692073277,1325,right,0.0006958789323968979,112000,2397.0077748978742
SAT-0-0,7.265080000000036,4.598703151428917,1325,SAT-19-0,5.630405327788654,346.59870315142894,1325,left,0.0006963330467453493,116000,2396.222605625474
SAT-0-0,7.265080000000036,4.598703151428917,1325,SAT-1-0,5.630405327788654,22.598703151428918,1325,right,0.0006963330467453493,116000,2396.2226056254717
SAT-0-0,7.390340000000037,4.6785170503999,1325,SAT-19-0,5.727267009084486,346.67851705039993,1325,left,0.0006965662075930082,118000,2395.8198123338047
SAT-0-0,7.390340000000037,4.6785170503999,1325,SAT-1-0,5.727267009084486,22.6785170503999,1325,right,0.0006965662077523934,118000,2395.819812333803
SAT-0-0,7.640860000000041,4.8382265205053505,1325,SAT-19-0,5.920957049083333,346.8382265205054,1325,left,0.0006970447538075358,122000,2394.9938297895364
SAT-0-0,7.640860000000041,4.8382265205053505,1325,SAT-1-0,5.920957049083333,22.838226520505348,1325,right,0.0006970447542853629,122000,2394.993829789534
SAT-0-0,7.7661200000000425,4.918123026316268,1325,SAT-19-0,6.017785023797891,346.91812302631627,1325,left,0.0006972901470251953,124000,2394.5706492980776
SAT-0-0,7.7661200000000425,4.918123026316268,1325,SAT-1-0,6.017785023797891,22.918123026316266,1325,right,0.0006972901470251953,124000,2394.5706492980753
SAT-0-0,8.016640000000045,5.078001919343905,1325,SAT-19-0,6.211405920872399,347.07800191934393,1325,left,0.0006977931912984966,128000,2393.7039323326467
SAT-0-0,8.016640000000045,5.078001919343905,1325,SAT-1-0,6.211405920872399,23.078001919343905,1325,right,0.0006977931912984966,128000,2393.7039323326444
SAT-0-0,8.141900000000046,5.157985243825219,1325,SAT-19-0,6.308198457775562,347.15798524382524,1325,left,0.0006980508499023906,130000,2393.260405062604
SAT-0-0,8.141900000000046,5.157985243825219,1325,SAT-1-0,6.308198457775562,23.15798524382522,1325,right,0.0006980508499023906,130000,2393.260405062602
SAT-0-0,8.392420000000048,5.318041995240702,1325,SAT-19-0,6.501746742764928,347.31804199524066,1325,left,0.0006985784611160317,134000,2392.3530365118368
SAT-0-0,8.392420000000048,5.318041995240702,1325,SAT-1-0,6.501746742764928,23.3180419952407,1325,right,0.0006985784609571056,134000,2392.3530365118336
SAT-0-0,8.517680000000048,5.398116362154089,1325,SAT-19-0,6.598502103851457,347.3981163621541,1325,left,0.0006988484212837994,136000,2391.889204878528
SAT-0-0,8.517680000000048,5.398116362154089,1325,SAT-1-0,6.598502103851457,23.398116362154088,1325,right,0.0006988484212837994,136000,2391.8892048785256
SAT-0-0,8.768200000000052,5.558359431854676,1325,SAT-19-0,6.791974293708629,347.5583594318547,1325,left,0.0006994006715910938,140000,2390.9412715696603
SAT-0-0,8.768200000000052,5.558359431854676,1325,SAT-1-0,6.791974293708629,23.558359431854676,1325,right,0.0006994006714323547,140000,2390.9412715696585
SAT-0-0,8.893460000000053,5.638529077462195,1325,SAT-19-0,6.888690733861741,347.6385290774622,1325,left,0.0006996829702463865,142000,2390.4571799857385
SAT-0-0,8.893460000000053,5.638529077462195,1325,SAT-1-0,6.888690733861741,23.638529077462195,1325,right,0.0006996829700877112,142000,2390.4571799857367
SAT-0-0,9.143980000000056,5.798966950915074,1325,SAT-19-0,7.082083330978666,347.7989669509151,1325,left,0.0007002599354921167,146000,2389.468772744021
SAT-0-0,9.143980000000056,5.798966950915074,1325,SAT-1-0,7.082083330978666,23.798966950915073,1325,right,0.0007002599354921167,146000,2389.468772744018
SAT-0-0,9.269240000000057,5.879236124548334,1325,SAT-19-0,7.178759097631682,347.87923612454836,1325,left,0.0007005546109138572,148000,2388.964467622851
SAT-0-0,9.269240000000057,5.879236124548334,1325,SAT-1-0,7.178759097631682,23.879236124548335,1325,right,0.0007005546107553795,148000,2388.9644676228486
SAT-0-0,9.519760000000058,6.039877313928933,1325,SAT-19-0,7.372068589160621,348.0398773139289,1325,left,0.000701156370572857,152000,2387.935681278461
SAT-0-0,9.519760000000058,6.039877313928933,1325,SAT-1-0,7.372068589160621,24.039877313928933,1325,right,0.000701156370572857,152000,2387.9356812784586
SAT-0-0,9.64502000000006,6.120250278558224,1325,SAT-19-0,7.468701921956615,348.1202502785582,1325,left,0.0007014634636325588,154000,2387.4112110376614
SAT-0-0,9.64502000000006,6.120250278558224,1325,SAT-1-0,7.468701921956615,24.120250278558224,1325,right,0.0007014634639491036,154000,2387.411211037659
SAT-0-0,9.89554000000006,6.2811033238884155,1325,SAT-19-0,7.661924779127332,348.28110332388843,1325,left,0.0007020900994796392,158000,2386.3421444329424
SAT-0-0,9.89554000000006,6.2811033238884155,1325,SAT-1-0,7.661924779127332,24.281103323888416,1325,right,0.0007020900994796392,158000,2386.34214443294
SAT-0-0,10.020800000000062,6.361584356691764,1325,SAT-19-0,7.758513909576655,348.36158435669176,1325,left,0.0007024096518660866,160000,2385.7975594980758
SAT-0-0,10.020800000000062,6.361584356691764,1325,SAT-1-0,7.758513909576655,24.361584356691765,1325,right,0.0007024096520241458,160000,2385.7975594980735
SAT-0-0,10.271320000000063,6.522657826977867,1325,SAT-19-0,7.951646587009313,348.5226578269779,1325,left,0.0007030612504447727,164000,2384.688315495083
SAT-0-0,10.271320000000063,6.522657826977867,1325,SAT-1-0,7.951646587009313,24.522657826977866,1325,right,0.00070306125028686,164000,2384.688315495081
SAT-0-0,10.396580000000064,6.603251219909984,1325,SAT-19-0,8.048189738144936,348.60325121990996,1325,left,0.0007033933057399957,166000,2384.1236683035163
SAT-0-0,10.396580000000064,6.603251219909984,1325,SAT-1-0,8.048189738144936,24.603251219909982,1325,right,0.0007033933057399957,166000,2384.123668303514
SAT-0-0,10.647100000000068,6.764553714280504,1325,SAT-19-0,8.241228673158519,348.7645537142805,1325,left,0.0007040699551315427,170000,2382.9743537918907
SAT-0-0,10.647100000000068,6.764553714280504,1325,SAT-1-0,8.241228673158519,24.764553714280503,1325,right,0.0007040699551315427,170000,2382.9743537918885
SAT-0-0,10.77236000000007,6.845263774641558,1325,SAT-19-0,8.337724059189094,348.8452637746415,1325,left,0.0007044145590909944,172000,2382.3896987968096
SAT-0-0,10.77236000000007,6.845263774641558,1325,SAT-1-0,8.337724059189094,24.84526377464156,1325,right,0.0007044145592486038,172000,2382.3896987968074
SAT-0-0,11.022880000000074,7.006803923484538,1325,SAT-19-0,8.530665671105181,349.00680392348454,1325,left,0.0007051163521619866,176000,2381.2004247019727
SAT-0-0,11.022880000000074,7.006803923484538,1325,SAT-1-0,8.530665671105181,25.00680392348454,1325,right,0.0007051163523194391,176000,2381.200424701971
SAT-0-0,11.148140000000074,7.08763497448872,1325,SAT-19-0,8.627111497065744,349.0876349744887,1325,left,0.000705473551573083,178000,2380.5958183765583
SAT-0-0,11.148140000000074,7.08763497448872,1325,SAT-1-0,8.627111497065744,25.087634974488722,1325,right,0.0007054735520452012,178000,2380.595818376556
SAT-0-0,11.398660000000078,7.249421440588597,1325,SAT-19-0,8.819952186507464,349.2494214405886,1325,left,0.0007062005835347023,182000,2379.36669966823
SAT-0-0,11.398660000000078,7.249421440588597,1325,SAT-1-0,8.819952186507464,25.2494214405886,1325,right,0.0007062005835347023,182000,2379.366699668228
SAT-0-0,11.523920000000079,7.330377821932399,1325,SAT-19-0,8.91634664790766,349.3303778219324,1325,left,0.0007065704274411545,184000,2378.742200510003
SAT-0-0,11.523920000000079,7.330377821932399,1325,SAT-1-0,8.91634664790766,25.330377821932398,1325,right,0.0007065704271268977,184000,2378.7422005100016
SAT-0-0,11.774440000000082,7.4924193016062395,1325,SAT-19-0,9.10908279609365,349.4924193016063,1325,left,0.0007073227975063216,188000,2377.473356211045
SAT-0-0,11.774440000000082,7.4924193016062395,1325,SAT-1-0,9.10908279609365,25.49241930160624,1325,right,0.0007073227975063216,188000,2377.4733562110437
SAT-0-0,11.899700000000085,7.573505370036403,1325,SAT-19-0,9.205424078563444,349.5735053700364,1325,left,0.0007077053352826184,190000,2376.829024746368
SAT-0-0,11.899700000000085,7.573505370036403,1325,SAT-1-0,9.205424078563444,25.573505370036404,1325,right,0.0007077053352826184,190000,2376.8290247463656
SAT-0-0,12.150220000000088,7.735810594269388,1325,SAT-19-0,9.398052046596616,349.73581059426937,1325,left,0.0007084831454869117,194000,2375.5205779419607
SAT-0-0,12.150220000000088,7.735810594269388,1325,SAT-1-0,9.398052046596616,25.735810594269388,1325,right,0.000708483145643616,194000,2375.520577941959
SAT-0-0,12.275480000000089,7.8170307241504196,1325,SAT-19-0,9.49433832552934,349.8170307241504,1325,left,0.0007088784297837153,196000,2374.856476730707
SAT-0-0,12.275480000000089,7.8170307241504196,1325,SAT-1-0,9.49433832552934,25.81703072415042,1325,right,0.0007088784297837153,196000,2374.8564767307043
SAT-0-0,12.526000000000092,7.979608459730414,1325,SAT-19-0,9.68685445368032,349.9796084597304,1325,left,0.0007096817856883911,200000,2373.508554577854
SAT-0-0,12.526000000000092,7.979608459730414,1325,SAT-1-0,9.68685445368032,25.979608459730414,1325,right,0.0007096817860012702,200000,2373.5085545778506
SAT-0-0,12.651260000000093,8.060967043611617,1325,SAT-19-0,9.783083893873034,350.0609670436116,1325,left,0.0007100898700342597,202000,2372.8247482182446
SAT-0-0,12.651260000000093,8.060967043611617,1325,SAT-1-0,9.783083893873034,26.060967043611615,1325,right,0.0007100898701906094,202000,2372.824748218243
SAT-0-0,12.901780000000096,8.223826094262668,1325,SAT-19-0,9.975484500858057,350.2238260942626,1325,left,0.0007109188807976289,206000,2371.437481955606
SAT-0-0,12.901780000000096,8.223826094262668,1325,SAT-1-0,9.975484500858057,26.223826094262666,1325,right,0.0007109188806414615,206000,2371.437481955605
SAT-0-0,13.027040000000099,8.305327543444593,1325,SAT-19-0,10.071655256149077,350.3053275434446,1325,left,0.0007113398197178924,208000,2370.7340370892143
SAT-0-0,13.027040000000099,8.305327543444593,1325,SAT-1-0,10.071655256149077,26.30532754344459,1325,right,0.0007113398198739673,208000,2370.734037089212
SAT-0-0,13.277560000000102,8.468476750959175,1325,SAT-19-0,10.263936638402203,350.4684767509592,1325,left,0.0007121945969158001,212000,2369.3075620472905
SAT-0-0,13.277560000000102,8.468476750959175,1325,SAT-1-0,10.263936638402203,26.468476750959173,1325,right,0.0007121945972275753,212000,2369.3075620472873
SAT-0-0,13.402820000000103,8.550125496059392,1325,SAT-19-0,10.360046851305752,350.5501254960594,1325,left,0.0007126284485426911,214000,2368.5845473642075
SAT-0-0,13.402820000000103,8.550125496059392,1325,SAT-1-0,10.360046851305752,26.55012549605939,1325,right,0.0007126284485426911,214000,2368.5845473642053
SAT-0-0,13.653340000000107,8.713573741429201,1325,SAT-19-0,10.552205282245183,350.7135737414292,1325,left,0.0007135091077958795,218000,2367.1190029758404
SAT-0-0,13.653340000000107,8.713573741429201,1325,SAT-1-0,10.552205282245183,26.7135737414292,1325,right,0.00071350910795148,218000,2367.119002975838
SAT-0-0,13.778600000000107,8.795374232947301,1325,SAT-19-0,10.648253083583048,350.7953742329473,1325,left,0.0007139559296086406,220000,2366.376489220023
SAT-0-0,13.778600000000107,8.795374232947301,1325,SAT-1-0,10.648253083583048,26.7953742329473,1325,right,0.0007139559296086406,220000,2366.37648922002
SAT-0-0,14.02912000000011,8.959130437492398,1325,SAT-19-0,10.84028481287141,350.9591304374924,1325,left,0.0007148625898657951,224000,2364.872019031253
SAT-0-0,14.02912000000011,8.959130437492398,1325,SAT-1-0,10.84028481287141,26.959130437492398,1325,right,0.0007148625893998777,224000,2364.8720190312515
SAT-0-0,14.154380000000113,9.041087146374101,1325,SAT-19-0,10.93626832140155,351.0410871463741,1325,left,0.000715322442387386,226000,2364.110079006031
SAT-0-0,14.154380000000113,9.041087146374101,1325,SAT-1-0,10.93626832140155,27.041087146374103,1325,right,0.000715322442387386,226000,2364.110079006029
SAT-0-0,14.404900000000117,9.205160272870163,1325,SAT-19-0,11.128169574199966,351.20516027287016,1325,left,0.0007162552256731897,230000,2362.566830687293
SAT-0-0,14.404900000000117,9.205160272870163,1325,SAT-1-0,11.128169574199966,27.205160272870163,1325,right,0.0007162552252081781,230000,2362.5668306872913
SAT-0-0,14.53016000000012,9.28727769107044,1325,SAT-19-0,11.224086896241952,351.2872776910704,1325,left,0.0007167281699323816,232000,2361.7855392610522
SAT-0-0,14.53016000000012,9.28727769107044,1325,SAT-1-0,11.224086896241952,27.28727769107044,1325,right,0.0007167281700872832,232000,2361.7855392610504
SAT-0-0,14.780680000000125,9.451676744873875,1325,SAT-19-0,11.415853872457678,351.45167674487385,1325,left,0.0007176872012532375,236000,2360.203664618713
SAT-0-0,14.780680000000125,9.451676744873875,1325,SAT-1-0,11.415853872457678,27.451676744873872,1325,right,0.0007176872012532375,236000,2360.20366461871
SAT-0-0,14.905940000000127,9.533959385918916,1325,SAT-19-0,11.511703101514891,351.53395938591893,1325,left,0.0007181733016822958,238000,2359.4030987307547
SAT-0-0,14.905940000000127,9.533959385918916,1325,SAT-1-0,11.511703101514891,27.533959385918916,1325,right,0.0007181733016822958,238000,2359.403098730752
SAT-0-0,15.156460000000132,9.69869341608961,1325,SAT-19-0,11.703331975042456,351.6986934160896,1325,left,0.0007191587087721517,242000,2357.782753718997
SAT-0-0,15.156460000000132,9.69869341608961,1325,SAT-1-0,11.703331975042456,27.698693416089608,1325,right,0.0007191587092352858,242000,2357.7827537189946
SAT-0-0,15.281720000000135,9.78114581563755,1325,SAT-19-0,11.799111191420957,351.78114581563756,1325,left,0.0007196580306725591,244000,2356.962992385566
SAT-0-0,15.281720000000135,9.78114581563755,1325,SAT-1-0,11.799111191420957,27.78114581563755,1325,right,0.0007196580305182881,244000,2356.9629923855637
SAT-0-0,15.53224000000014,9.946223916058898,1325,SAT-19-0,11.990598109376489,351.9462239160589,1325,left,0.0007206699462070535,248000,2355.3043371186336
SAT-0-0,15.53224000000014,9.946223916058898,1325,SAT-1-0,11.990598109376489,27.9462239160589,1325,right,0.0007206699462070535,248000,2355.304337118632
SAT-0-0,15.657500000000143,10.028850632459132,1325,SAT-19-0,12.08630537980051,352.0288506324591,1325,left,0.000721182555086986,250000,2354.465461439126
SAT-0-0,15.657500000000143,10.028850632459132,1325,SAT-1-0,12.08630537980051,28.028850632459132,1325,right,0.0007211825552409308,250000,2354.4654614391234
SAT-0-0,15.908020000000148,10.194281942955131,1325,SAT-19-0,12.277646461749201,352.1942819429551,1325,left,0.000722221114257385,254000,2352.768660203907
SAT-0-0,15.908020000000148,10.194281942955131,1325,SAT-1-0,12.277646461749201,28.19428194295513,1325,right,0.000722221114257385,254000,2352.768660203905
SAT-0-0,16.033280000000147,10.277087557806023,1325,SAT-19-0,12.373279838973087,352.277087557806,1325,left,0.0007227470794785403,256000,2351.910753367252
SAT-0-0,16.033280000000147,10.277087557806023,1325,SAT-1-0,12.373279838973087,28.277087557806023,1325,right,0.0007227470791713172,256000,2351.91075336725
SAT-0-0,16.283800000000145,10.442881265255055,1325,SAT-19-0,12.564471176149578,352.44288126525504,1325,left,0.0007238124197339094,260000,2350.1759746362236
SAT-0-0,16.283800000000145,10.442881265255055,1325,SAT-1-0,12.564471176149578,28.442881265255057,1325,right,0.0007238124198872949,260000,2350.175974636221
SAT-0-0,16.409060000000142,10.525870383959967,1325,SAT-19-0,12.660028698566187,352.52587038395995,1325,left,0.0007243518106045792,262000,2349.2991219274463
SAT-0-0,16.409060000000142,10.525870383959967,1325,SAT-1-0,12.660028698566187,28.525870383959965,1325,right,0.0007243518106045792,262000,2349.2991219274436
SAT-0-0,16.65958000000014,10.692035723404937,1325,SAT-19-0,12.851066353087699,352.6920357234049,1325,left,0.0007254440735427497,266000,2347.5265383719766
SAT-0-0,16.65958000000014,10.692035723404937,1325,SAT-1-0,12.851066353087699,28.69203572340494,1325,right,0.0007254440733897092,266000,2347.5265383719748
SAT-0-0,16.784840000000138,10.775212975726317,1325,SAT-19-0,12.946546044333141,352.77521297572633,1325,left,0.000725996962029529,268000,2346.630827178937
SAT-0-0,16.784840000000138,10.775212975726317,1325,SAT-1-0,12.946546044333141,28.77521297572632,1325,right,0.000725996962029529,268000,2346.630827178936
SAT-0-0,17.035360000000132,10.941759231480768,1325,SAT-19-0,13.137426048405175,352.9417592314808,1325,left,0.0007271162922034156,272000,2344.8206156829465
SAT-0-0,17.035360000000132,10.941759231480768,1325,SAT-1-0,13.137426048405175,28.941759231480766,1325,right,0.0007271162925087928,272000,2344.8206156829438
SAT-0-0,17.16062000000013,11.025129272092133,1325,SAT-19-0,13.23282591695976,353.02512927209216,1325,left,0.0007276827513378205,274000,2343.906135503264
SAT-0-0,17.16062000000013,11.025129272092133,1325,SAT-1-0,13.23282591695976,29.02512927209213,1325,right,0.0007276827513378205,274000,2343.9061355032613
SAT-0-0,17.411140000000124,11.192065778841991,1325,SAT-19-0,13.42354427207427,353.192065778842,1325,left,0.0007288292972087837,278000,2342.0584771772437
SAT-0-0,17.411140000000124,11.192065778841991,1325,SAT-1-0,13.42354427207427,29.192065778841993,1325,right,0.0007288292973611133,278000,2342.0584771772415
SAT-0-0,17.536400000000125,11.275633287877637,1325,SAT-19-0,13.518862310859678,353.2756332878776,1325,left,0.0007294094008808996,280000,2341.1253196253906
SAT-0-0,17.536400000000125,11.275633287877637,1325,SAT-1-0,13.518862310859678,29.275633287877636,1325,right,0.0007294094013375252,280000,2341.125319625388
SAT-0-0,17.786920000000123,11.442969431778124,1325,SAT-19-0,13.709414986985443,353.4429694317781,1325,left,0.0007305833137811078,284000,2339.2403998207956
SAT-0-0,17.786920000000123,11.442969431778124,1325,SAT-1-0,13.709414986985443,29.442969431778124,1325,right,0.0007305833137811078,284000,2339.2403998207933
SAT-0-0,17.91218000000012,11.526739115380272,1325,SAT-19-0,13.804649172957943,353.5267391153802,1325,left,0.0007311771391167533,286000,2338.2886586353907
SAT-0-0,17.91218000000012,11.526739115380272,1325,SAT-1-0,13.804649172957943,29.52673911538027,1325,right,0.0007311771391167533,286000,2338.288658635389
SAT-0-0,18.162700000000118,11.694484335147566,1325,SAT-19-0,13.995032107723082,353.6944843351476,1325,left,0.0007323785722185403,290000,2336.3666669593854
SAT-0-0,18.162700000000118,11.694484335147566,1325,SAT-1-0,13.995032107723082,29.694484335147564,1325,right,0.0007323785720669489,290000,2336.366666959383
SAT-0-0,18.287960000000115,11.778460926010828,1325,SAT-19-0,14.090180401462785,353.7784609260108,1325,left,0.0007329861969265544,292000,2335.396438010657
SAT-0-0,18.287960000000115,11.778460926010828,1325,SAT-1-0,14.090180401462785,29.778460926010826,1325,right,0.0007329861969265544,292000,2335.3964380106554
SAT-0-0,18.53848000000011,11.946624714008005,1325,SAT-19-0,14.28038949932917,353.946624714008,1325,left,0.0007342153083103424,296000,2333.4375683412436
SAT-0-0,18.53848000000011,11.946624714008005,1325,SAT-1-0,14.28038949932917,29.946624714008003,1325,right,0.000734215308007918,296000,2333.4375683412413
SAT-0-0,18.663740000000107,12.030812971920826,1325,SAT-19-0,14.375449844625207,354.03081297192085,1325,left,0.00073483681198858,298000,2332.4489496386855
SAT-0-0,18.663740000000107,12.030812971920826,1325,SAT-1-0,14.375449844625207,30.030812971920827,1325,right,0.0007348368118374957,298000,2332.4489496386823
SAT-0-0,18.9142600000001,12.1994048752376,1325,SAT-19-0,14.565480976054697,354.1994048752376,1325,left,0.0007360937614783377,302000,2330.453400140189
SAT-0-0,18.9142600000001,12.1994048752376,1325,SAT-1-0,14.565480976054697,30.199404875237594,1325,right,0.0007360937614783377,302000,2330.4534001401867
SAT-0-0,19.0395200000001,12.283809587620478,1325,SAT-19-0,14.660451299486219,354.28380958762045,1325,left,0.0007367292253964414,304000,2329.4464918403974
SAT-0-0,19.0395200000001,12.283809587620478,1325,SAT-1-0,14.660451299486219,30.28380958762048,1325,right,0.0007367292253964414,304000,2329.4464918403946
SAT-0-0,19.290040000000097,12.452839209146195,1325,SAT-19-0,14.850300300098471,354.4528392091462,1325,left,0.0007380141768532653,308000,2327.4144649793384
SAT-0-0,19.290040000000097,12.452839209146195,1325,SAT-1-0,14.850300300098471,30.452839209146195,1325,right,0.0007380141767028313,308000,2327.4144649793366
SAT-0-0,19.415300000000098,12.537465191586396,1325,SAT-19-0,14.945178510611468,354.5374651915864,1325,left,0.0007386636829832791,310000,2326.38936939404
SAT-0-0,19.415300000000098,12.537465191586396,1325,SAT-1-0,14.945178510611468,30.537465191586396,1325,right,0.0007386636831335807,310000,2326.389369394038
SAT-0-0,19.665820000000092,12.706942191075731,1325,SAT-19-0,15.13484118033324,354.7069421910757,1325,left,0.0007399768035633578,314000,2324.321071955369
SAT-0-0,19.665820000000092,12.706942191075731,1325,SAT-1-0,15.13484118033324,30.706942191075733,1325,right,0.000739976803413323,314000,2324.3210719553663
SAT-0-0,19.791080000000093,12.791794287858211,1325,SAT-19-0,15.229625168813,354.7917942878582,1325,left,0.0007406404367709644,316000,2323.2778935596334
SAT-0-0,19.791080000000093,12.791794287858211,1325,SAT-1-0,15.229625168813,30.791794287858213,1325,right,0.0007406404363212632,316000,2323.277893559631
SAT-0-0,20.04160000000009,12.961728382989012,1325,SAT-19-0,15.419097271018773,354.961728382989,1325,left,0.0007419818955886993,320000,2321.1735366633493
SAT-0-0,20.04160000000009,12.961728382989012,1325,SAT-1-0,15.419097271018773,30.961728382989012,1325,right,0.0007419818954390699,320000,2321.1735366633475
SAT-0-0,20.16686000000009,13.046811467623256,1325,SAT-19-0,15.513784909858002,355.04681146762323,1325,left,0.0007426597405605837,322000,2320.1123821039946
SAT-0-0,20.16686000000009,13.046811467623256,1325,SAT-1-0,15.513784909858002,31.046811467623254,1325,right,0.0007426597405605837,322000,2320.112382103993
SAT-0-0,20.417380000000083,13.217212435045878,1325,SAT-19-0,15.70306217050174,355.2172124350459,1325,left,0.0007440297108066107,326000,2317.9721812221396
SAT-0-0,20.417380000000083,13.217212435045878,1325,SAT-1-0,15.70306217050174,31.21721243504588,1325,right,0.0007440297106573932,326000,2317.972181222138
SAT-0-0,20.54264000000008,13.302531410788339,1325,SAT-19-0,15.797651313164236,355.30253141078833,1325,left,0.0007447218554292426,328000,2316.8931593263223
SAT-0-0,20.54264000000008,13.302531410788339,1325,SAT-1-0,15.797651313164236,31.30253141078834,1325,right,0.0007447218554292426,328000,2316.893159326321
SAT-0-0,20.793160000000075,13.473409087165864,1325,SAT-19-0,15.986729419902208,355.47340908716586,1325,left,0.0007461205130240539,332000,2314.7173343003587
SAT-0-0,20.793160000000075,13.473409087165864,1325,SAT-1-0,15.986729419902208,31.473409087165862,1325,right,0.0007461205130240539,332000,2314.717334300357
SAT-0-0,20.918420000000072,13.558968887537658,1325,SAT-19-0,16.08121790048197,355.5589688875377,1325,left,0.0007468270456173587,334000,2313.620556084357
SAT-0-0,20.918420000000072,13.558968887537658,1325,SAT-1-0,16.08121790048197,31.558968887537656,1325,right,0.0007468270460633346,334000,2313.620556084354
SAT-0-0,21.16894000000007,13.730333170576255,1325,SAT-19-0,16.270092501786426,355.7303331705762,1325,left,0.000748254569519762,338000,2311.4093311429237
SAT-0-0,21.16894000000007,13.730333170576255,1325,SAT-1-0,16.270092501786426,31.730333170576255,1325,right,0.000748254569519762,338000,2311.4093311429224
SAT-0-0,21.294200000000068,13.816138759875763,1325,SAT-19-0,16.364478134562187,355.8161387598758,1325,left,0.000748975580408855,340000,2310.2949098211134
SAT-0-0,21.294200000000068,13.816138759875763,1325,SAT-1-0,16.364478134562187,31.81613875987576,1325,right,0.0007489755801123906,340000,2310.2949098211107
SAT-0-0,21.544720000000066,13.987999609344541,1325,SAT-19-0,16.553144838825773,355.98799960934457,1325,left,0.0007504321514340672,344000,2308.0485135981667
SAT-0-0,21.544720000000066,13.987999609344541,1325,SAT-1-0,16.553144838825773,31.98799960934454,1325,right,0.0007504321515820117,344000,2308.0485135981653
SAT-0-0,21.669980000000066,14.07405598315456,1325,SAT-19-0,16.647425417810904,356.07405598315455,1325,left,0.0007511677327231792,346000,2306.9165645921867
SAT-0-0,21.669980000000066,14.07405598315456,1325,SAT-1-0,16.647425417810904,32.07405598315456,1325,right,0.0007511677324275799,346000,2306.916564592185
SAT-0-0,21.92050000000006,14.246423421894097,1325,SAT-19-0,16.83587979244171,356.24642342189406,1325,left,0.0007526535362129791,350000,2304.635230145527
SAT-0-0,21.92050000000006,14.246423421894097,1325,SAT-1-0,16.83587979244171,32.2464234218941,1325,right,0.0007526535363604869,350000,2304.6352301455245
SAT-0-0,22.04576000000006,14.332735607583128,1325,SAT-19-0,16.93005309092932,356.3327356075831,1325,left,0.0007534037797901142,352000,2303.4858710936387
SAT-0-0,22.04576000000006,14.332735607583128,1325,SAT-1-0,16.93005309092932,32.33273560758313,1325,right,0.0007534037800848362,352000,2303.4858710936355
SAT-0-0,22.296280000000056,14.505619722501894,1325,SAT-19-0,17.118290661436355,356.5056197225019,1325,left,0.0007549190035330605,356000,2301.1698359238185
SAT-0-0,22.296280000000056,14.505619722501894,1325,SAT-1-0,17.118290661436355,32.50561972250189,1325,right,0.0007549190038271909,356000,2301.169835923816
SAT-0-0,22.421540000000054,14.592192779719188,1325,SAT-19-0,17.212354431539673,356.5921927797192,1325,left,0.0007556840046897245,358000,2300.0031866904583
SAT-0-0,22.421540000000054,14.592192779719188,1325,SAT-1-0,17.212354431539673,32.592192779719184,1325,right,0.0007556840046897245,358000,2300.003186690456
SAT-0-0,22.672060000000048,14.765603722777046,1325,SAT-19-0,17.400370680608766,356.76560372277703,1325,left,0.0007572288389184388,362000,2297.652692760082
SAT-0-0,22.672060000000048,14.765603722777046,1325,SAT-1-0,17.400370680608766,32.765603722777044,1325,right,0.0007572288389184388,362000,2297.6526927600794
SAT-0-0,22.797320000000045,14.852442743940966,1325,SAT-19-0,17.49432265279661,356.85244274394097,1325,left,0.0007580086934652181,364000,2296.468875445605
SAT-0-0,22.797320000000045,14.852442743940966,1325,SAT-1-0,17.49432265279661,32.85244274394097,1325,right,0.0007580086934652181,364000,2296.468875445604
SAT-0-0,23.047840000000043,15.026390733118847,1325,SAT-19-0,17.68211301935646,357.02639073311883,1325,left,0.0007595833310025952,368000,2294.084169199015
SAT-0-0,23.047840000000043,15.026390733118847,1325,SAT-1-0,17.68211301935646,33.026390733118845,1325,right,0.0007595833312949194,368000,2294.0841691990126
SAT-0-0,23.17310000000004,15.113500843898064,1325,SAT-19-0,17.775950901983848,357.11350084389807,1325,left,0.0007603781363718767,370000,2292.8833081496387
SAT-0-0,23.17310000000004,15.113500843898064,1325,SAT-1-0,17.775950901983848,33.11350084389806,1325,right,0.000760378136079858,370000,2292.8833081496364
SAT-0-0,23.42362000000004,15.287996164152865,1325,SAT-19-0,17.963510780262233,357.2879961641529,1325,left,0.0007619827734981502,374000,2290.464640532985
SAT-0-0,23.42362000000004,15.287996164152865,1325,SAT-1-0,17.963510780262233,33.287996164152865,1325,right,0.0007619827736438521,374000,2290.4646405329836
SAT-0-0,23.548880000000036,15.37538252393997,1325,SAT-19-0,18.05723225909594,357.37538252393995,1325,left,0.000762792627788667,376000,2289.2468623509176
SAT-0-0,23.548880000000036,15.37538252393997,1325,SAT-1-0,18.05723225909594,33.37538252393997,1325,right,0.000762792627788667,376000,2289.2468623509153
SAT-0-0,23.799400000000034,15.550435528143788,1325,SAT-19-0,18.244556997665914,357.5504355281438,1325,left,0.0007644274639298351,380000,2286.794488832623
SAT-0-0,23.799400000000034,15.550435528143788,1325,SAT-1-0,18.244556997665914,33.550435528143794,1325,right,0.0007644274633488915,380000,2286.794488832621
SAT-0-0,23.924660000000035,15.638103330520803,1325,SAT-19-0,18.33815973540512,357.6381033305208,1325,left,0.0007652524671422989,382000,2285.5599223863937
SAT-0-0,23.924660000000035,15.638103330520803,1325,SAT-1-0,18.33815973540512,33.6381033305208,1325,right,0.0007652524671422989,382000,2285.5599223863915
SAT-0-0,24.17518000000003,15.813724440383403,1325,SAT-19-0,18.525244636221096,357.8137244403834,1325,left,0.0007669177026760671,386000,2283.0741029780006
SAT-0-0,24.17518000000003,15.813724440383403,1325,SAT-1-0,18.525244636221096,33.8137244403834,1325,right,0.0007669177026760671,386000,2283.074102977999
SAT-0-0,24.300440000000027,15.901678913578602,1325,SAT-19-0,18.61872627201282,357.9016789135786,1325,left,0.0007677579570609059,388000,2281.8228794129814
SAT-0-0,24.300440000000027,15.901678913578602,1325,SAT-1-0,18.61872627201282,33.90167891357861,1325,right,0.0007677579570609059,388000,2281.8228794129786
SAT-0-0,24.55096000000002,16.077878620552095,1325,SAT-19-0,18.80556658943648,358.0778786205521,1325,left,0.0007694537957764164,392000,2279.30387869039
SAT-0-0,24.55096000000002,16.077878620552095,1325,SAT-1-0,18.80556658943648,34.07787862055209,1325,right,0.0007694537962092779,392000,2279.3038786903876
SAT-0-0,24.67622000000002,16.16612502788774,1325,SAT-19-0,18.898924738386008,358.16612502788774,1325,left,0.0007703094034324254,394000,2278.036131439511
SAT-0-0,24.67622000000002,16.16612502788774,1325,SAT-1-0,18.898924738386008,34.16612502788774,1325,right,0.0007703094034324254,394000,2278.0361314395086
SAT-0-0,24.926740000000017,16.342913894052366,1325,SAT-19-0,19.0855156782019,358.3429138940524,1325,left,0.0007720360526458674,398000,2275.484218564603
SAT-0-0,24.926740000000017,16.342913894052366,1325,SAT-1-0,19.0855156782019,34.34291389405236,1325,right,0.0007720360523582582,398000,2275.484218564601
SAT-0-0,25.052000000000014,16.431457534382616,1325,SAT-19-0,19.178747930877954,358.4314575343826,1325,left,0.0007729071173251218,400000,2274.200083359264
SAT-0-0,25.052000000000014,16.431457534382616,1325,SAT-1-0,19.178747930877954,34.431457534382616,1325,right,0.0007729071170378368,400000,2274.200083359263
SAT-0-0,25.302520000000012,16.60884619331239,1325,SAT-19-0,19.365084649298705,358.6088461933124,1325,left,0.0007746647852625245,404000,2271.6155321019173
SAT-0-0,25.302520000000012,16.60884619331239,1325,SAT-1-0,19.365084649298705,34.60884619331239,1325,right,0.0007746647849758914,404000,2271.6155321019137
SAT-0-0,25.42778000000001,16.697692401450944,1325,SAT-19-0,19.458188571233478,358.6976924014509,1325,left,0.0007755514119975089,406000,2270.315146983084
SAT-0-0,25.42778000000001,16.697692401450944,1325,SAT-1-0,19.458188571233478,34.69769240145095,1325,right,0.0007755514119975089,406000,2270.3151469830827
SAT-0-0,25.678300000000007,16.87569155905808,1325,SAT-19-0,19.64426617389454,358.87569155905805,1325,left,0.0007773403106527784,410000,2267.6982357435672
SAT-0-0,25.678300000000007,16.87569155905808,1325,SAT-1-0,19.64426617389454,34.87569155905808,1325,right,0.0007773403106527784,410000,2267.698235743564
SAT-0-0,25.803560000000004,16.96484570619478,1325,SAT-19-0,19.737239305078436,358.9648457061948,1325,left,0.0007782426060987105,412000,2266.3817410730735
SAT-0-0,25.803560000000004,16.96484570619478,1325,SAT-1-0,19.737239305078436,34.96484570619477,1325,right,0.0007782426060987105,412000,2266.381741073073
SAT-0-0,26.054080000000003,17.14346614155146,1325,SAT-19-0,19.92305284602233,359.1434661415514,1325,left,0.0007800629489088098,416000,2263.732752904829
SAT-0-0,26.054080000000003,17.14346614155146,1325,SAT-1-0,19.92305284602233,35.14346614155146,1325,right,0.0007800629489088098,416000,2263.7327529048275
SAT-0-0,26.17934,17.232933635657314,1325,SAT-19-0,20.015892700393444,359.23293363565733,1325,left,0.0007809810206854922,418000,2262.4002913768586
SAT-0-0,26.17934,17.232933635657314,1325,SAT-1-0,20.015892700393444,35.23293363565732,1325,right,0.0007809810204011772,418000,2262.400291376857
SAT-0-0,26.429859999999994,17.412186201793592,1325,SAT-19-0,20.201437181043413,359.4121862017936,1325,left,0.0007828330237951352,422000,2259.719514009667
SAT-0-0,26.429859999999994,17.412186201793592,1325,SAT-1-0,20.201437181043413,35.41218620179359,1325,right,0.0007828330237951352,422000,2259.7195140096637
SAT-0-0,26.55511999999999,17.50197248801349,1325,SAT-19-0,20.29414124597167,359.5019724880135,1325,left,0.0007837669801213664,424000,2258.37123066243
SAT-0-0,26.55511999999999,17.50197248801349,1325,SAT-1-0,20.29414124597167,35.501972488013486,1325,right,0.0007837669796964099,424000,2258.371230662429
SAT-0-0,26.805639999999986,17.68186811268985,1325,SAT-19-0,20.479411614094687,359.6818681126898,1325,left,0.000785650861783587,428000,2255.6589565259505
SAT-0-0,26.805639999999986,17.68186811268985,1325,SAT-1-0,20.479411614094687,35.681868112689855,1325,right,0.0007856508620662121,428000,2255.6589565259487
SAT-0-0,26.930899999999987,17.771978673722266,1325,SAT-19-0,20.571977349860717,359.7719786737223,1325,left,0.000786600812105922,430000,2254.294998753557
SAT-0-0,26.930899999999987,17.771978673722266,1325,SAT-1-0,20.571977349860717,35.771978673722266,1325,right,0.000786600812105922,430000,2254.2949987535544
SAT-0-0,27.181419999999985,17.952528360175414,1325,SAT-19-0,20.756968498519793,359.9525283601754,1325,left,0.0007885167933574634,434000,2251.551525001252
SAT-0-0,27.181419999999985,17.952528360175414,1325,SAT-1-0,20.756968498519793,35.952528360175414,1325,right,0.0007885167933574634,434000,2251.551525001249
SAT-0-0,27.306679999999982,18.04296871663832,1325,SAT-19-0,20.84939333778838,0.042968716638334715,1325,left,0.0007894828493866983,436000,2250.1720425657545
SAT-0-0,27.306679999999982,18.04296871663832,1325,SAT-1-0,20.84939333778838,36.04296871663832,1325,right,0.0007894828489648185,436000,2250.172042565753
SAT-0-0,27.55719999999998,18.224183544298707,1325,SAT-19-0,21.034100104284192,0.22418354429871645,1325,left,0.0007914311516177257,440000,2247.3976710991865
SAT-0-0,27.55719999999998,18.224183544298707,1325,SAT-1-0,21.034100104284192,36.224183544298704,1325,right,0.0007914311518982866,440000,2247.397671099184
SAT-0-0,27.682459999999978,18.314959255080986,1325,SAT-19-0,21.12638145157243,0.3149592550809653,1325,left,0.00079241342414314,442000,2246.0028161428327
SAT-0-0,27.682459999999978,18.314959255080986,1325,SAT-1-0,21.12638145157243,36.314959255080986,1325,right,0.00079241342414314,442000,2246.00281614283
SAT-0-0,27.932979999999976,18.496850380260405,1325,SAT-19-0,21.310798616374175,0.496850380260382,1325,left,0.0007943942727321988,446000,2243.197853636324
SAT-0-0,27.932979999999976,18.496850380260405,1325,SAT-1-0,21.310798616374175,36.496850380260405,1325,right,0.0007943942730117132,446000,2243.197853636321
SAT-0-0,28.058239999999973,18.587967042857887,1325,SAT-19-0,21.402933847514195,0.5879670428578887,1325,left,0.0007953928746343819,448000,2241.7877806939737
SAT-0-0,28.058239999999973,18.587967042857887,1325,SAT-1-0,21.402933847514195,36.58796704285789,1325,right,0.0007953928743552185,448000,2241.7877806939728
SAT-0-0,28.308759999999968,18.770545699405588,1325,SAT-19-0,21.587056133179747,0.770545699405598,1325,left,0.0007974064959531157,452000,2238.952538619647
SAT-0-0,28.308759999999968,18.770545699405588,1325,SAT-1-0,21.587056133179747,36.77054569940559,1325,right,0.0007974064962315741,452000,2238.952538619645
SAT-0-0,28.434019999999965,18.86200895024091,1325,SAT-19-0,21.679042594776107,0.8620089502408859,1325,left,0.0007984215409878471,454000,2237.5274046313825
SAT-0-0,28.434019999999965,18.86200895024091,1325,SAT-1-0,21.679042594776107,36.86200895024091,1325,right,0.0007984215409878471,454000,2237.5274046313807
SAT-0-0,28.68453999999996,19.045286450166408,1325,SAT-19-0,21.862864664861384,1.0452864501664196,1325,left,0.0008004681626591544,458000,2234.6621992845494
SAT-0-0,28.68453999999996,19.045286450166408,1325,SAT-1-0,21.862864664861384,37.04528645016641,1325,right,0.0008004681625204577,458000,2234.662199284548
SAT-0-0,28.80979999999996,19.137101964891784,1325,SAT-19-0,21.954699673743082,1.1371019648917873,1325,left,0.0008014997646793485,460000,2233.222163608461
SAT-0-0,28.80979999999996,19.137101964891784,1325,SAT-1-0,21.954699673743082,37.137101964891784,1325,right,0.0008014997650949031,460000,2233.22216360846
SAT-0-0,29.060319999999948,19.32108969895264,1325,SAT-19-0,22.13821613170072,1.3210896989526155,1325,left,0.0008035796167970563,464000,2230.327316133377
SAT-0-0,29.060319999999948,19.32108969895264,1325,SAT-1-0,22.13821613170072,37.32108969895264,1325,right,0.0008035796166588965,464000,2230.3273161333746
SAT-0-0,29.18557999999995,19.413263192734636,1325,SAT-19-0,22.22989697436784,1.4132631927346575,1325,left,0.0008046278920235695,466000,2228.872540558529
SAT-0-0,29.18557999999995,19.413263192734636,1325,SAT-1-0,22.22989697436784,37.41326319273463,1325,right,0.0008046278920235695,466000,2228.8725405585265
SAT-0-0,29.436099999999936,19.597972630987282,1325,SAT-19-0,22.413102362435158,1.5979726309872648,1325,left,0.0008067412058599223,470000,2225.9483769744916
SAT-0-0,29.436099999999936,19.597972630987282,1325,SAT-1-0,22.413102362435158,37.597972630987286,1325,right,0.0008067412055846858,470000,2225.9483769744893
SAT-0-0,29.56135999999994,19.69050985877265,1325,SAT-19-0,22.504626294500177,1.690509858772663,1325,left,0.0008078062698829917,472000,2224.479025734059
SAT-0-0,29.56135999999994,19.69050985877265,1325,SAT-1-0,22.504626294500177,37.69050985877265,1325,right,0.0008078062698829917,472000,2224.479025734057
SAT-0-0,29.81187999999994,19.875952551084346,1325,SAT-19-0,22.687515092576493,1.8759525510843373,1325,left,0.0008099532777262198,476000,2221.5258769618595
SAT-0-0,29.81187999999994,19.875952551084346,1325,SAT-1-0,22.687515092576493,37.87595255108435,1325,right,0.0008099532777262198,476000,2221.5258769618576
SAT-0-0,29.937139999999932,19.968859307845925,1325,SAT-19-0,22.7788793382003,1.9688593078459098,1325,left,0.0008110352469489471,478000,2220.042116746434
SAT-0-0,29.937139999999932,19.968859307845925,1325,SAT-1-0,22.7788793382003,37.968859307845925,1325,right,0.0008110352472227263,478000,2220.0421167464315
SAT-0-0,30.18765999999993,20.155046884365746,1325,SAT-19-0,22.961445962713594,2.1550468843657704,1325,left,0.0008132161833040509,482000,2217.060318635139
SAT-0-0,30.18765999999993,20.155046884365746,1325,SAT-1-0,22.961445962713594,38.155046884365746,1325,right,0.0008132161833040509,482000,2217.0603186351373
SAT-0-0,30.31291999999992,20.24832900532736,1325,SAT-19-0,23.052647714036212,2.2483290053273484,1325,left,0.0008143151762167674,484000,2215.5623186062066
SAT-0-0,30.31291999999992,20.24832900532736,1325,SAT-1-0,23.052647714036212,38.24832900532736,1325,right,0.0008143151762167674,484000,2215.562318606205
SAT-0-0,30.563439999999915,20.43527317691424,1325,SAT-19-0,23.23488651679935,2.435273176914219,1325,left,0.0008165302761178819,488000,2212.5522119602724
SAT-0-0,30.563439999999915,20.43527317691424,1325,SAT-1-0,23.23488651679935,38.435273176914244,1325,right,0.000816530275845945,488000,2212.5522119602697
SAT-0-0,30.68869999999991,20.528936537753573,1325,SAT-19-0,23.325922933365398,2.5289365377535926,1325,left,0.00081764640925027,490000,2211.0401437638507
SAT-0-0,30.68869999999991,20.528936537753573,1325,SAT-1-0,23.325922933365398,38.52893653775357,1325,right,0.00081764640925027,490000,2211.0401437638493
SAT-0-0,30.939219999999903,20.71664909635909,1325,SAT-19-0,23.507828200421923,2.7166490963590926,1325,left,0.0008198959091929128,494000,2208.002074370556
SAT-0-0,30.939219999999903,20.71664909635909,1325,SAT-1-0,23.507828200421923,38.71664909635909,1325,right,0.0008198959089220922,494000,2208.002074370554
SAT-0-0,31.064479999999904,20.810699613387314,1325,SAT-19-0,23.598696408600908,2.8106996133872917,1325,left,0.0008210293020764739,496000,2206.4761121509905
SAT-0-0,31.064479999999904,20.810699613387314,1325,SAT-1-0,23.598696408600908,38.810699613387314,1325,right,0.0008210293018060272,496000,2206.4761121509882
SAT-0-0,31.314999999999902,20.999192432390952,1325,SAT-19-0,23.780262359060416,2.999192432390941,1325,left,0.0008233134388903322,500000,2203.410430808185
SAT-0-0,31.314999999999902,20.999192432390952,1325,SAT-1-0,23.780262359060416,38.999192432390956,1325,right,0.0008233134383509395,500000,2203.410430808183
SAT-0-0,31.440259999999892,21.093636062708075,1325,SAT-19-0,23.870959451461893,3.093636062708057,1325,left,0.0008244642092173934,502000,2201.870751222097
SAT-0-0,31.440259999999892,21.093636062708075,1325,SAT-1-0,23.870959451461893,39.09363606270808,1325,right,0.0008244642092173934,502000,2201.8707512220963
SAT-0-0,31.69077999999989,21.282921097202603,1325,SAT-19-0,24.052180236325295,3.282921097202608,1325,left,0.0008267832215280011,506000,2198.777813766251
SAT-0-0,31.69077999999989,21.282921097202603,1325,SAT-1-0,24.052180236325295,39.2829210972026,1325,right,0.0008267832211251544,506000,2198.7778137662485
SAT-0-0,31.81603999999988,21.377763838827306,1325,SAT-19-0,24.142703271208973,3.3777638388273066,1325,left,0.0008279514895329995,508000,2197.2245959966363
SAT-0-0,31.81603999999988,21.377763838827306,1325,SAT-1-0,24.142703271208973,39.377763838827306,1325,right,0.0008279514892648139,508000,2197.224595996635
SAT-0-0,32.066559999999875,21.567853125851844,1325,SAT-19-0,24.32357297218369,3.567853125851868,1325,left,0.0008303056151635597,512000,2194.104763331173
SAT-0-0,32.066559999999875,21.567853125851844,1325,SAT-1-0,24.32357297218369,39.56785312585184,1325,right,0.0008303056148961345,512000,2194.1047633311728
SAT-0-0,32.19181999999987,21.663101017824413,1325,SAT-19-0,24.413918972864543,3.6631010178244376,1325,left,0.0008314915001649086,514000,2192.5381891016436
SAT-0-0,32.19181999999987,21.663101017824413,1325,SAT-1-0,24.413918972864543,39.66310101782441,1325,right,0.0008314914996308209,514000,2192.5381891016414
SAT-0-0,32.44233999999987,21.854006676542618,1325,SAT-19-0,24.594431601169827,3.8540066765426335,1325,left,0.0008338809784011164,518000,2189.3918272255637
SAT-0-0,32.44233999999987,21.854006676542618,1325,SAT-1-0,24.594431601169827,39.85400667654262,1325,right,0.0008338809786673949,518000,2189.3918272255614
SAT-0-0,32.567599999999864,21.94966579899983,1325,SAT-19-0,24.684597555418307,3.9496657989998454,1325,left,0.0008350845994053061,520000,2187.8120808147155
SAT-0-0,32.567599999999864,21.94966579899983,1325,SAT-1-0,24.684597555418307,39.94966579899983,1325,right,0.000835084599006464,520000,2187.812080814713
SAT-0-0,32.81811999999986,22.14140003082045,1325,SAT-19-0,24.864747050580828,4.141400030820425,1325,left,0.0008375096701537186,524000,2184.6395608514763
SAT-0-0,32.81811999999986,22.14140003082045,1325,SAT-1-0,24.864747050580828,40.14140003082045,1325,right,0.0008375096701537186,524000,2184.639560851476
SAT-0-0,32.94337999999986,22.237476505041005,1325,SAT-19-0,24.9547299100183,4.237476505041026,1325,left,0.0008387311469761212,526000,2183.0468291074058
SAT-0-0,32.94337999999986,22.237476505041005,1325,SAT-1-0,24.9547299100183,40.23747650504101,1325,right,0.0008387311469761212,526000,2183.0468291074044
SAT-0-0,33.19389999999986,22.430051593678208,1325,SAT-19-0,25.134510138658342,4.430051593678217,1325,left,0.0008411920494100148,530000,2179.8485273340557
SAT-0-0,33.19389999999986,22.430051593678208,1325,SAT-1-0,25.134510138658342,40.43005159367821,1325,right,0.0008411920494100148,530000,2179.848527334054
SAT-0-0,33.319159999999854,22.52655158209728,1325,SAT-19-0,25.2243068181478,4.52655158209728,1325,left,0.0008424315017942544,532000,2178.24299968898
SAT-0-0,33.319159999999854,22.52655158209728,1325,SAT-1-0,25.2243068181478,40.52655158209728,1325,right,0.0008424315017942544,532000,2178.2429996889778
SAT-0-0,33.569679999999856,22.719979893567793,1325,SAT-19-0,25.403711572756116,4.719979893567785,1325,left,0.0008449284755308827,536000,2175.0192975655295
SAT-0-0,33.569679999999856,22.719979893567793,1325,SAT-1-0,25.403711572756116,40.71997989356779,1325,right,0.0008449284755308827,536000,2175.019297565528
SAT-0-0,33.69493999999985,22.81690959975928,1325,SAT-19-0,25.49331894978842,4.816909599759305,1325,left,0.0008461860232046953,538000,2173.40116605053
SAT-0-0,33.69493999999985,22.81690959975928,1325,SAT-1-0,25.49331894978842,40.81690959975928,1325,right,0.0008461860232046953,538000,2173.4011660505284
SAT-0-0,33.94545999999985,23.011203582313396,1325,SAT-19-0,25.672341947494168,5.0112035823133985,1325,left,0.0008487193069667799,542000,2170.1524502495454
SAT-0-0,33.94545999999985,23.011203582313396,1325,SAT-1-0,25.672341947494168,41.0112035823134,1325,right,0.0008487193068359683,542000,2170.152450249543
SAT-0-0,34.070719999999845,23.108569250938377,1325,SAT-19-0,25.761756861569765,5.108569250938389,1325,left,0.0008499950695674302,544000,2168.5219095094167
SAT-0-0,34.070719999999845,23.108569250938377,1325,SAT-1-0,25.761756861569765,41.10856925093837,1325,right,0.0008499950693061998,544000,2168.5219095094144
SAT-0-0,34.32123999999985,23.30374143492182,1325,SAT-19-0,25.940391742899784,5.303741434921805,1325,left,0.0008525649015705942,548000,2165.2485719458155
SAT-0-0,34.32123999999985,23.30374143492182,1325,SAT-1-0,25.940391742899784,41.30374143492182,1325,right,0.0008525649015705942,548000,2165.2485719458145
SAT-0-0,34.446499999999844,23.40154935164158,1325,SAT-19-0,26.029610994906243,5.401549351641579,1325,left,0.000853858998051014,550000,2163.6058192540113
SAT-0-0,34.446499999999844,23.40154935164158,1325,SAT-1-0,26.029610994906243,41.40154935164158,1325,right,0.0008538589977909656,550000,2163.605819254009
SAT-0-0,34.69701999999984,23.597612349284965,1325,SAT-19-0,26.207851322535827,5.597612349284984,1325,left,0.0008564656166420611,554000,2160.308257115041
SAT-0-0,34.69701999999984,23.597612349284965,1325,SAT-1-0,26.207851322535827,41.597612349284965,1325,right,0.0008564656166420611,554000,2160.308257115039
SAT-0-0,34.822279999999836,23.69586884063708,1325,SAT-19-0,26.29687167412121,5.69586884063709,1325,left,0.0008577781654666881,556000,2158.6534923887066
SAT-0-0,34.822279999999836,23.69586884063708,1325,SAT-1-0,26.29687167412121,41.695868840637075,1325,right,0.0008577781658549784,556000,2158.6534923887043
SAT-0-0,35.07279999999983,23.892835345769804,1325,SAT-19-0,26.47471093161701,5.892835345769782,1325,left,0.0008604218081958438,560000,2155.3321081640934
SAT-0-0,35.07279999999983,23.892835345769804,1325,SAT-1-0,26.47471093161701,41.89283534576981,1325,right,0.0008604218081958438,560000,2155.3321081640916
SAT-0-0,35.19805999999983,23.991546779005542,1325,SAT-19-0,26.56352910455936,5.991546779005564,1325,left,0.0008617529276619138,562000,2153.665533979174
SAT-0-0,35.19805999999983,23.991546779005542,1325,SAT-1-0,26.56352910455936,41.99154677900554,1325,right,0.0008617529279195801,562000,2153.665533979173
SAT-0-0,35.44857999999982,24.189429566690578,1325,SAT-19-0,26.740960695114524,6.189429566690601,1325,left,0.0008644338293500168,566000,2150.320735491412
SAT-0-0,35.44857999999982,24.189429566690578,1325,SAT-1-0,26.740960695114524,42.18942956669058,1325,right,0.0008644338293500168,566000,2150.3207354914084
SAT-0-0,35.57383999999982,24.288602349571924,1325,SAT-19-0,26.829573370687598,6.28860234957195,1325,left,0.0008657836375191508,568000,2148.642557097836
SAT-0-0,35.57383999999982,24.288602349571924,1325,SAT-1-0,26.829573370687598,42.288602349571924,1325,right,0.0008657836375191508,568000,2148.6425570978336
SAT-0-0,35.824359999999814,24.487414275658118,1325,SAT-19-0,27.00659061584969,6.4874142756581215,1325,left,0.0008685020328502393,572000,2145.274757532596
SAT-0-0,35.824359999999814,24.487414275658118,1325,SAT-1-0,27.00659061584969,42.48741427565812,1325,right,0.0008685020328502393,572000,2145.2747575325957
SAT-0-0,35.94961999999981,24.587054856212635,1325,SAT-19-0,27.094994434185192,6.58705485621265,1325,left,0.0008698706459460345,574000,2143.5851828695004
SAT-0-0,35.94961999999981,24.587054856212635,1325,SAT-1-0,27.094994434185192,42.58705485621264,1325,right,0.0008698706456907729,574000,2143.5851828694986
SAT-0-0,36.20013999999981,24.78680885680079,1325,SAT-19-0,27.27159057257732,6.786808856800806,1325,left,0.0008726267676712297,578000,2140.19480080615
SAT-0-0,36.20013999999981,24.78680885680079,1325,SAT-1-0,27.27159057257732,42.786808856800796,1325,right,0.0008726267681801405,578000,2140.1948008061477
SAT-0-0,36.32539999999981,24.886923723032435,1325,SAT-19-0,27.35978213202385,6.886923723032442,1325,left,0.0008740143020766654,580000,2138.494040517158
SAT-0-0,36.32539999999981,24.886923723032435,1325,SAT-1-0,27.35978213202385,42.88692372303244,1325,right,0.0008740143020766654,580000,2138.494040517156
SAT-0-0,36.575919999999805,25.08763281385149,1325,SAT-19-0,27.535950318059438,7.087632813851494,1325,left,0.0008768083809058866,584000,2135.081499959332
SAT-0-0,36.575919999999805,25.08763281385149,1325,SAT-1-0,27.535950318059438,43.087632813851485,1325,right,0.0008768083809058866,584000,2135.081499959331
SAT-0-0,36.7011799999998,25.18822849340554,1325,SAT-19-0,27.623926174538365,7.18822849340553,1325,left,0.0008782149510656819,586000,2133.369767407861
SAT-0-0,36.7011799999998,25.18822849340554,1325,SAT-1-0,27.623926174538365,43.188228493405546,1325,right,0.0008782149510656819,586000,2133.3697674078594
SAT-0-0,36.9516999999998,25.389905769094952,1325,SAT-19-0,27.799659477130135,7.38990576909497,1325,left,0.0008810472155697634,590000,2129.935497814098
SAT-0-0,36.9516999999998,25.389905769094952,1325,SAT-1-0,27.799659477130135,43.38990576909495,1325,right,0.0008810472158217869,590000,2129.9354978140973
SAT-0-0,37.0769599999998,25.49098882887503,1325,SAT-19-0,27.887416143488757,7.4909888288750235,1325,left,0.0008824729354691576,592000,2128.213009098675
SAT-0-0,37.0769599999998,25.49098882887503,1325,SAT-1-0,27.887416143488757,43.49098882887503,1325,right,0.0008824729357207739,592000,2128.2130090986725
SAT-0-0,37.327479999999795,25.693647462169373,1325,SAT-19-0,28.06270754475238,7.693647462169376,1325,left,0.0008853436122319361,596000,2124.7574454130595
SAT-0-0,37.327479999999795,25.693647462169373,1325,SAT-1-0,28.06270754475238,43.69364746216937,1325,right,0.0008853436122319361,596000,2124.757445413057
SAT-0-0,37.4527399999998,25.795224507904543,1325,SAT-19-0,28.150241490114535,7.795224507904527,1325,left,0.0008867885940837669,598000,2123.024419382644
SAT-0-0,37.4527399999998,25.795224507904543,1325,SAT-1-0,28.150241490114535,43.79522450790454,1325,right,0.0008867885940837669,598000,2123.0244193826416
SAT-0-0,37.703259999999794,25.998877748716183,1325,SAT-19-0,28.32508388406769,7.998877748716183,1325,left,0.0008896979062330805,602000,2119.5480020654354
SAT-0-0,37.703259999999794,25.998877748716183,1325,SAT-1-0,28.32508388406769,43.99887774871618,1325,right,0.0008896979059835075,602000,2119.5480020654354
SAT-0-0,37.82851999999979,26.10095542447605,1325,SAT-19-0,28.41239153318219,8.100955424476055,1325,left,0.0008911622608213353,604000,2117.804660334729
SAT-0-0,37.82851999999979,26.10095542447605,1325,SAT-1-0,28.41239153318219,44.100955424476055,1325,right,0.0008911622608213353,604000,2117.8046603347266
SAT-0-0,38.07903999999979,26.30561659887166,1325,SAT-19-0,28.586777724439486,8.305616598871639,1325,left,0.0008941104279670942,608000,2114.3078353929536
SAT-0-0,38.07903999999979,26.30561659887166,1325,SAT-1-0,28.586777724439486,44.30561659887166,1325,right,0.0008941104282154356,608000,2114.307835392952
SAT-0-0,38.20429999999979,26.408201586527333,1325,SAT-19-0,28.67385545702675,8.408201586527333,1325,left,0.0008955942649827833,610000,2112.5544023576686
SAT-0-0,38.20429999999979,26.408201586527333,1325,SAT-1-0,28.67385545702675,44.40820158652733,1325,right,0.0008955942649827833,610000,2112.554402357666
SAT-0-0,38.454819999999785,26.613884095593857,1325,SAT-19-0,28.847778159491313,8.613884095593848,1325,left,0.000898581504640766,614000,2109.03762137562
SAT-0-0,38.454819999999785,26.613884095593857,1325,SAT-1-0,28.847778159491313,44.61388409559386,1325,right,0.000898581504640766,614000,2109.0376213756185
SAT-0-0,38.58007999999978,26.716983114222444,1325,SAT-19-0,28.934622309588367,8.716983114222442,1325,left,0.0009000849311573341,616000,2107.274324227713
SAT-0-0,38.58007999999978,26.716983114222444,1325,SAT-1-0,28.934622309588367,44.716983114222444,1325,right,0.0009000849311573341,616000,2107.274324227712
SAT-0-0,38.83059999999978,26.923700432818105,1325,SAT-19-0,29.10807414514078,8.923700432818103,1325,left,0.0009031114560832912,620000,2103.738044397343
SAT-0-0,38.83059999999978,26.923700432818105,1325,SAT-1-0,29.10807414514078,44.9237004328181,1325,right,0.0009031114558374249,620000,2103.738044397341
SAT-0-0,38.955859999999774,27.027320238048635,1325,SAT-19-0,29.19468100044527,9.027320238048627,1325,left,0.0009046345774098723,622000,2101.9651131401715
SAT-0-0,38.955859999999774,27.027320238048635,1325,SAT-1-0,29.19468100044527,45.02732023804864,1325,right,0.0009046345776553246,622000,2101.9651131401683
SAT-0-0,39.206379999999776,27.2350859134341,1325,SAT-19-0,29.36765449763056,9.2350859134341,1325,left,0.0009077005966780876,626000,2098.409797291325
SAT-0-0,39.206379999999776,27.2350859134341,1325,SAT-1-0,29.36765449763056,45.2350859134341,1325,right,0.0009077005966780876,626000,2098.409797291323
SAT-0-0,39.33163999999977,27.339233296732377,1325,SAT-19-0,29.454020298843893,9.339233296732393,1325,left,0.000909243516457349,628000,2096.6274647547157
SAT-0-0,39.33163999999977,27.339233296732377,1325,SAT-1-0,29.454020298843893,45.33923329673238,1325,right,0.0009092435162131409,628000,2096.627464754714
SAT-0-0,39.58215999999977,27.54806094707763,1325,SAT-19-0,29.626507891557505,9.548060947077614,1325,left,0.0009123492339560122,632000,2093.0535813851775
SAT-0-0,39.58215999999977,27.54806094707763,1325,SAT-1-0,29.626507891557505,45.54806094707763,1325,right,0.0009123492337126354,632000,2093.0535813851757
SAT-0-0,39.70741999999977,27.6527427349676,1325,SAT-19-0,29.71262883172768,9.652742734967626,1325,left,0.000913912053534392,634000,2091.2620832403973
SAT-0-0,39.70741999999977,27.6527427349676,1325,SAT-1-0,29.71262883172768,45.6527427349676,1325,right,0.0009139120530484708,634000,2091.262083240395
SAT-0-0,39.957939999999766,27.862646047729402,1325,SAT-19-0,29.884622857901228,9.862646047729415,1325,left,0.0009170576685678273,638000,2087.6701065456914
SAT-0-0,39.957939999999766,27.862646047729402,1325,SAT-1-0,29.884622857901228,45.862646047729406,1325,right,0.0009170576683257001,638000,2087.6701065456887
SAT-0-0,40.08319999999976,27.967869100948683,1325,SAT-19-0,29.970495081765858,9.967869100948706,1325,left,0.0009186404857792243,640000,2085.869681320279
SAT-0-0,40.08319999999976,27.967869100948683,1325,SAT-1-0,29.970495081765858,45.96786910094868,1325,right,0.0009186404857792243,640000,2085.869681320278
SAT-0-0,40.333719999999765,28.178861831113622,1325,SAT-19-0,30.141987782053494,10.178861831113622,1325,left,0.0009218261930587783,644000,2082.2600912231946
SAT-0-0,40.333719999999765,28.178861831113622,1325,SAT-1-0,30.141987782053494,46.17886183111362,1325,right,0.0009218261930587783,644000,2082.2600912231933
SAT-0-0,40.45897999999976,28.284633043700513,1325,SAT-19-0,30.227607385383376,10.284633043700511,1325,left,0.0009234291041697427,646000,2080.450980315647
SAT-0-0,40.45897999999976,28.284633043700513,1325,SAT-1-0,30.227607385383376,46.28463304370051,1325,right,0.0009234291039292861,646000,2080.4509803156443
SAT-0-0,40.70949999999976,28.496729011888526,1325,SAT-19-0,30.39859090184997,10.496729011888533,1325,left,0.0009266550916456705,650000,2076.8242624954364
SAT-0-0,40.70949999999976,28.496729011888526,1325,SAT-1-0,30.39859090184997,46.496729011888526,1325,right,0.0009266550921249095,650000,2076.824262495434
SAT-0-0,40.834759999999754,28.6030553101979,1325,SAT-19-0,30.483953930793685,10.603055310197917,1325,left,0.0009282781893062121,652000,2075.0067101897102
SAT-0-0,40.834759999999754,28.6030553101979,1325,SAT-1-0,30.483953930793685,46.6030553101979,1325,right,0.0009282781893062121,652000,2075.006710189709
SAT-0-0,41.085279999999756,28.81626840062096,1325,SAT-19-0,30.65442030560558,10.816268400620979,1325,left,0.0009315446402462763,656000,2071.3633561109045
SAT-0-0,41.085279999999756,28.81626840062096,1325,SAT-1-0,30.65442030560558,46.816268400620956,1325,right,0.0009315446400079145,656000,2071.363356110903
SAT-0-0,41.21053999999975,28.92315674226644,1325,SAT-19-0,30.739522756035846,10.923156742266446,1325,left,0.0009331880137565963,658000,2069.5376095907286
SAT-0-0,41.21053999999975,28.92315674226644,1325,SAT-1-0,30.739522756035846,46.92315674226644,1325,right,0.0009331880135186542,658000,2069.5376095907277
SAT-0-0,41.46105999999975,29.13750090053687,1325,SAT-19-0,30.909463930155468,11.137500900536866,1325,left,0.0009364951034327037,662000,2065.8781165315295
SAT-0-0,41.46105999999975,29.13750090053687,1325,SAT-1-0,30.909463930155468,47.13750090053687,1325,right,0.0009364951034327037,662000,2065.878116531527
SAT-0-0,41.58631999999975,29.2449582732564,1325,SAT-19-0,30.994301747017516,11.244958273256389,1325,left,0.0009381588388928841,664000,2064.0444258944767
SAT-0-0,41.58631999999975,29.2449582732564,1325,SAT-1-0,30.994301747017516,47.2449582732564,1325,right,0.0009381588388928841,664000,2064.044425894474
SAT-0-0,41.83683999999975,29.460447504039475,1325,SAT-19-0,31.163709558902976,11.460447504039458,1325,left,0.0009415067360881745,668000,2060.369296974655
SAT-0-0,41.83683999999975,29.460447504039475,1325,SAT-1-0,31.163709558902976,47.46044750403948,1325,right,0.0009415067363240142,668000,2060.369296974654
SAT-0-0,41.962099999999744,29.56848092448162,1325,SAT-19-0,31.248278635565807,11.568480924481639,1325,left,0.0009431909161909239,670000,2058.527915245967
SAT-0-0,41.962099999999744,29.56848092448162,1325,SAT-1-0,31.248278635565807,47.56848092448162,1325,right,0.0009431909159555055,670000,2058.5279152459657
SAT-0-0,42.21261999999974,29.78512928898645,1325,SAT-19-0,31.417144819876494,11.78512928898645,1325,left,0.0009465797826750137,674000,2054.8376594542337
SAT-0-0,42.21261999999974,29.78512928898645,1325,SAT-1-0,31.417144819876494,47.785129288986454,1325,right,0.0009465797826750137,674000,2054.8376594542324
SAT-0-0,42.337879999999736,29.893745801414443,1325,SAT-19-0,31.501440997487517,11.893745801414436,1325,left,0.0009482844862740167,676000,2052.9888426003527
SAT-0-0,42.337879999999736,29.893745801414443,1325,SAT-1-0,31.501440997487517,47.89374580141444,1325,right,0.0009482844862740167,676000,2052.988842600351
SAT-0-0,42.58839999999974,30.111567414717623,1325,SAT-19-0,31.66975718379729,12.111567414717637,1325,left,0.0009517144751351564,680000,2049.2839748211136
SAT-0-0,42.58839999999974,30.111567414717623,1325,SAT-1-0,31.66975718379729,48.111567414717626,1325,right,0.0009517144751351564,680000,2049.2839748211113
SAT-0-0,42.713659999999734,30.220774089628218,1325,SAT-19-0,31.753776250640943,12.220774089628245,1325,left,0.0009534397762497742,682000,2047.4279817629028
SAT-0-0,42.713659999999734,30.220774089628218,1325,SAT-1-0,31.753776250640943,48.22077408962822,1325,right,0.0009534397763662182,682000,2047.427981762901
SAT-0-0,42.96417999999973,30.439783117824007,1325,SAT-19-0,31.92153396215997,12.439783117824001,1325,left,0.0009569110322607554,686000,2043.709022802359
SAT-0-0,42.96417999999973,30.439783117824007,1325,SAT-1-0,31.92153396215997,48.43978311782401,1325,right,0.000956911032376777,686000,2043.7090228023571
SAT-0-0,43.08943999999973,30.54958705047822,1325,SAT-19-0,32.00527165302112,12.549587050478205,1325,left,0.0009586570017762144,688000,2041.8461154279742
SAT-0-0,43.08943999999973,30.54958705047822,1325,SAT-1-0,32.00527165302112,48.549587050478216,1325,right,0.0009586570017762144,688000,2041.846115427972
SAT-0-0,43.33995999999973,30.769797707649506,1325,SAT-19-0,32.172462305328054,12.769797707649506,1325,left,0.0009621696607123556,692000,2038.113592039482
SAT-0-0,43.33995999999973,30.769797707649506,1325,SAT-1-0,32.172462305328054,48.7697977076495,1325,right,0.0009621696607123556,692000,2038.1135920394804
SAT-0-0,43.465219999999725,30.880206016512027,1325,SAT-19-0,32.25591430086084,12.880206016512028,1325,left,0.0009639363641198687,694000,2036.2440352168571
SAT-0-0,43.465219999999725,30.880206016512027,1325,SAT-1-0,32.25591430086084,48.88020601651203,1325,right,0.0009639363641198687,694000,2036.244035216855
SAT-0-0,43.71573999999973,31.10163256151548,1325,SAT-19-0,32.422529200646466,13.10163256151547,1325,left,0.000967490551999264,698000,2032.4984801255014
SAT-0-0,43.71573999999973,31.10163256151548,1325,SAT-1-0,32.422529200646466,49.10163256151548,1325,right,0.000967490551999264,698000,2032.4984801255007
SAT-0-0,43.840999999999724,31.212652386599846,1325,SAT-19-0,32.50569112674942,13.212652386599826,1325,left,0.0009692780496125107,700000,2030.622541714418
SAT-0-0,43.840999999999724,31.212652386599846,1325,SAT-1-0,32.50569112674942,49.21265238659984,1325,right,0.0009692780496125107,700000,2030.6225417144167
SAT-0-0,44.09151999999972,31.435309119659316,1325,SAT-19-0,32.67172147057373,13.435309119659316,1325,left,0.0009728738825384359,704000,2026.8644936406995
SAT-0-0,44.09151999999972,31.435309119659316,1325,SAT-1-0,32.67172147057373,49.435309119659316,1325,right,0.0009728738824243179,704000,2026.8644936406981
SAT-0-0,44.216779999999716,31.54694762077534,1325,SAT-19-0,32.75458889777184,13.546947620775356,1325,left,0.0009746822299366749,706000,2024.982444504404
SAT-0-0,44.216779999999716,31.54694762077534,1325,SAT-1-0,32.75458889777184,49.54694762077534,1325,right,0.0009746822301644871,706000,2024.9824445044019
SAT-0-0,44.46729999999972,31.770848879876887,1325,SAT-19-0,32.92002577083587,13.770848879876894,1325,left,0.0009783198134985444,710000,2021.212448186983
SAT-0-0,44.46729999999972,31.770848879876887,1325,SAT-1-0,32.92002577083587,49.77084887987689,1325,right,0.0009783198134985444,710000,2021.2124481869816
SAT-0-0,44.592559999999715,31.883113234777518,1325,SAT-19-0,33.00259421367057,13.883113234777525,1325,left,0.0009801490602633905,712000,2019.3245622033053
SAT-0-0,44.592559999999715,31.883113234777518,1325,SAT-1-0,33.00259421367057,49.88311323477752,1325,right,0.0009801490603766612,712000,2019.3245622033037
SAT-0-0,44.84307999999971,32.108273391859456,1325,SAT-19-0,33.16742858860492,14.108273391859454,1325,left,0.0009838284885192673,716000,2015.543168420726
SAT-0-0,44.84307999999971,32.108273391859456,1325,SAT-1-0,33.16742858860492,50.108273391859456,1325,right,0.0009838284886321145,716000,2015.5431684207242
SAT-0-0,44.96833999999971,32.22117079428336,1325,SAT-19-0,33.249693505032766,14.221170794283356,1325,left,0.0009856786790431507,718000,2013.6497224926677
SAT-0-0,44.96833999999971,32.22117079428336,1325,SAT-1-0,33.249693505032766,50.22117079428336,1325,right,0.0009856786789305154,718000,2013.6497224926666
SAT-0-0,45.21885999999971,32.447604251215004,1325,SAT-19-0,33.4139162407044,14.447604251215026,1325,left,0.0009894000335416778,722000,2009.8574880839594
SAT-0-0,45.21885999999971,32.447604251215004,1325,SAT-1-0,33.4139162407044,50.447604251215004,1325,right,0.0009894000336538894,722000,2009.8574880839576
SAT-0-0,45.344119999999705,32.56114190882181,1325,SAT-19-0,33.4958730315055,14.561141908821789,1325,left,0.0009912712054673935,724000,2007.958762149707
SAT-0-0,45.344119999999705,32.56114190882181,1325,SAT-1-0,33.4958730315055,50.56114190882181,1325,right,0.0009912712053553934,724000,2007.9587621497055
SAT-0-0,45.59463999999971,32.788863093163826,1325,SAT-19-0,33.65947487184497,14.788863093163846,1325,left,0.000995034556214484,728000,2004.1562500337998
SAT-0-0,45.59463999999971,32.788863093163826,1325,SAT-1-0,33.65947487184497,50.788863093163826,1325,right,0.000995034556214484,728000,2004.1562500337975
SAT-0-0,45.719899999999704,32.903048225358525,1325,SAT-19-0,33.74111888004191,14.903048225358512,1325,left,0.0009969267412638645,730000,2002.2525270761123
SAT-0-0,45.719899999999704,32.903048225358525,1325,SAT-1-0,33.74111888004191,50.903048225358525,1325,right,0.0009969267409297706,730000,2002.2525270761103
SAT-0-0,45.9704199999997,33.13207158589827,1325,SAT-19-0,33.904090452892724,15.132071585898268,1325,left,0.001000732143783921,734000,1998.4403062699655
SAT-0-0,45.9704199999997,33.13207158589827,1325,SAT-1-0,33.904090452892724,51.13207158589827,1325,right,0.001000732143894862,734000,1998.4403062699635
SAT-0-0,46.095679999999696,33.24691142154143,1325,SAT-19-0,33.985416963181244,15.246911421541448,1325,left,0.001002645366247698,736000,1996.5318723249043
SAT-0-0,46.095679999999696,33.24691142154143,1325,SAT-1-0,33.985416963181244,51.24691142154143,1325,right,0.001002645366247698,736000,1996.5318723249022
SAT-0-0,46.34619999999969,33.477251423596364,1325,SAT-19-0,34.14774877917359,15.477251423596348,1325,left,0.0010064928632792921,740000,1992.71051796025
SAT-0-0,46.34619999999969,33.477251423596364,1325,SAT-1-0,34.14774877917359,51.477251423596364,1325,right,0.0010064928632792921,740000,1992.7105179602468
SAT-0-0,46.47145999999969,33.592753198596554,1325,SAT-19-0,34.22875301736591,15.592753198596549,1325,left,0.0010084271408676852,742000,1990.7976621251853
SAT-0-0,46.47145999999969,33.592753198596554,1325,SAT-1-0,34.22875301736591,51.592753198596554,1325,right,0.00100842714097778,742000,1990.797662125185
SAT-0-0,46.72197999999969,33.82442431907872,1325,SAT-19-0,34.39043546881681,15.82442431907871,1325,left,0.0010123167601757141,746000,1986.9677554638065
SAT-0-0,46.72197999999969,33.82442431907872,1325,SAT-1-0,34.39043546881681,51.82442431907872,1325,right,0.0010123167600660425,746000,1986.9677554638047
SAT-0-0,46.84723999999969,33.940595273863764,1325,SAT-19-0,34.47111260129873,15.940595273863785,1325,left,0.0010142721026645913,748000,1985.0507699046725
SAT-0-0,46.84723999999969,33.940595273863764,1325,SAT-1-0,34.47111260129873,51.940595273863764,1325,right,0.0010142721026645913,748000,1985.0507699046714
SAT-0-0,47.09775999999968,34.17361199609831,1325,SAT-19-0,34.632135961140946,16.173611996098295,1325,left,0.0010182038555954932,752000,1981.2128983520918
SAT-0-0,47.09775999999968,34.17361199609831,1325,SAT-1-0,34.632135961140946,52.17361199609831,1325,right,0.0010182038557045305,752000,1981.21289835209
SAT-0-0,47.223019999999686,34.29045937296178,1325,SAT-19-0,34.712481094343836,16.290459372961777,1325,left,0.0010201802655911455,754000,1979.2920783098143
SAT-0-0,47.223019999999686,34.29045937296178,1325,SAT-1-0,34.712481094343836,52.29045937296178,1325,right,0.0010201802656999717,754000,1979.2920783098116
SAT-0-0,47.47353999999968,34.524836181252496,1325,SAT-19-0,34.872835515085804,16.52483618125251,1325,left,0.0010241541490471873,758000,1975.446835427308
SAT-0-0,47.47353999999968,34.524836181252496,1325,SAT-1-0,34.872835515085804,52.524836181252496,1325,right,0.0010241541488303794,758000,1975.4468354273058
SAT-0-0,47.59879999999968,34.64236722157191,1325,SAT-19-0,34.9528436949748,16.642367221571895,1325,left,0.0010261516198096948,760000,1973.5224792233728
SAT-0-0,47.59879999999968,34.64236722157191,1325,SAT-1-0,34.9528436949748,52.64236722157191,1325,right,0.0010261516198096948,760000,1973.5224792233726
SAT-0-0,47.84931999999968,34.878118595506585,1325,SAT-19-0,35.11251920769396,16.87811859550661,1325,left,0.0010301676123616785,764000,1969.6704647381928
SAT-0-0,47.84931999999968,34.878118595506585,1325,SAT-1-0,35.11251920769396,52.878118595506585,1325,right,0.0010301676124694495,764000,1969.6704647381905
SAT-0-0,47.974579999999676,34.996340536829806,1325,SAT-19-0,35.192185419273535,16.996340536829788,1325,left,0.0010321861297976503,766000,1967.7428737792882
SAT-0-0,47.974579999999676,34.996340536829806,1325,SAT-1-0,35.192185419273535,52.996340536829806,1325,right,0.00103218612969009,766000,1967.7428737792864
SAT-0-0,48.22509999999967,35.23348094531826,1325,SAT-19-0,35.3511719326458,17.23348094531827,1325,left,0.0010362441929681946,770000,1963.8846935929678
SAT-0-0,48.22509999999967,35.23348094531826,1325,SAT-1-0,35.3511719326458,53.23348094531826,1325,right,0.0010362441930753337,770000,1963.8846935929664
SAT-0-0,48.35035999999967,35.3524010183144,1325,SAT-19-0,35.43049109948385,17.35240101831439,1325,left,0.0010382837329691163,772000,1961.954172374641
SAT-0-0,48.35035999999967,35.3524010183144,1325,SAT-1-0,35.43049109948385,53.3524010183144,1325,right,0.001038283732755259,772000,1961.9541723746395
SAT-0-0,48.60087999999967,35.59094491335217,1325,SAT-19-0,35.58877839885165,17.590944913352146,1325,left,0.0010423838103696854,776000,1958.0904385692916
SAT-0-0,48.60087999999967,35.59094491335217,1325,SAT-1-0,35.58877839885165,53.59094491335217,1325,right,0.0010423838102631773,776000,1958.0904385692907
SAT-0-0,48.72613999999967,35.710570338623505,1325,SAT-19-0,35.66774538262375,17.710570338623512,1325,left,0.0010444443391126542,778000,1956.157294678568
SAT-0-0,48.72613999999967,35.710570338623505,1325,SAT-1-0,35.66774538262375,53.710570338623505,1325,right,0.0010444443391126542,778000,1956.1572946785661
SAT-0-0,48.97665999999966,35.95053214877385,1325,SAT-19-0,35.82532312910546,17.95053214877385,1325,left,0.0010485863541416934,782000,1952.2886255210203
SAT-0-0,48.97665999999966,35.95053214877385,1325,SAT-1-0,35.82532312910546,53.95053214877385,1325,right,0.0010485863540358152,782000,1952.2886255210187
SAT-0-0,49.101919999999666,36.07087013352514,1325,SAT-19-0,35.90393272916037,18.07087013352516,1325,left,0.0010506678291336705,784000,1950.353169637913
SAT-0-0,49.101919999999666,36.07087013352514,1325,SAT-1-0,35.90393272916037,54.07087013352514,1325,right,0.0010506678291336705,784000,1950.353169637912
SAT-0-0,49.35243999999966,36.31226425711241,1325,SAT-19-0,36.06079045880405,18.312264257112403,1325,left,0.001054851685395455,788000,1946.4801895815879
SAT-0-0,49.35243999999966,36.31226425711241,1325,SAT-1-0,36.06079045880405,54.31226425711241,1325,right,0.0010548516852902055,788000,1946.4801895815865
SAT-0-0,49.47769999999966,36.433321991674106,1325,SAT-19-0,36.13903741175218,18.433321991674102,1325,left,0.0010569540531309943,790000,1944.542735479447
SAT-0-0,49.47769999999966,36.433321991674106,1325,SAT-1-0,36.13903741175218,54.433321991674106,1325,right,0.0010569540531309943,790000,1944.5427354794454
SAT-0-0,49.72821999999966,36.67616278968122,1325,SAT-19-0,36.29516453473635,18.676162789681243,1325,left,0.0010611796329840413,794000,1940.6660751638242
SAT-0-0,49.72821999999966,36.67616278968122,1325,SAT-1-0,36.29516453473635,54.67616278968122,1325,right,0.0010611796329840413,794000,1940.6660751638226
SAT-0-0,49.85347999999966,36.79794744388303,1325,SAT-19-0,36.37304351406256,18.797947443883047,1325,left,0.0010633028292986982,796000,1938.726939708441
SAT-0-0,49.85347999999966,36.79794744388303,1325,SAT-1-0,36.37304351406256,54.79794744388303,1325,right,0.0010633028295075236,796000,1938.7269397084394
SAT-0-0,50.10399999999965,37.04224923254619,1325,SAT-19-0,36.52842931394731,19.042249232546176,1325,left,0.0010675699936134747,800000,1934.8472359559887
SAT-0-0,50.10399999999965,37.04224923254619,1325,SAT-1-0,36.52842931394731,55.04224923254619,1325,right,0.0010675699935094793,800000,1934.8472359559873
SAT-0-0,50.22925999999965,37.164767951937435,1325,SAT-19-0,36.60593492964957,19.164767951937446,1325,left,0.0010697139434131839,802000,1932.9067391034016
SAT-0-0,50.22925999999965,37.164767951937435,1325,SAT-1-0,36.60593492964957,55.164767951937435,1325,right,0.0010697139433093969,802000,1932.9067391034014
SAT-0-0,50.47977999999964,37.410544995030975,1325,SAT-19-0,36.760568562681115,19.41054499503096,1325,left,0.0010740225296001918,806000,1929.0246349138276
SAT-0-0,50.47977999999964,37.410544995030975,1325,SAT-1-0,36.760568562681115,55.410544995030975,1325,right,0.0010740225294968212,806000,1929.0246349138265
SAT-0-0,50.60503999999965,37.53380489694434,1325,SAT-19-0,36.83769536093666,19.533804896944343,1325,left,0.0010761871456839943,808000,1927.0830997067533
SAT-0-0,50.60503999999965,37.53380489694434,1325,SAT-1-0,36.83769536093666,55.53380489694434,1325,right,0.0010761871455808316,808000,1927.0830997067524
SAT-0-0,50.85555999999964,37.781071397749066,1325,SAT-19-0,36.99156585540846,19.781071397749052,1325,left,0.001080536968175491,812000,1923.199244248429
SAT-0-0,50.85555999999964,37.781071397749066,1325,SAT-1-0,36.99156585540846,55.781071397749066,1325,right,0.001080536968175491,812000,1923.199244248428
SAT-0-0,50.98081999999964,37.90507956720435,1325,SAT-19-0,37.068308318269175,19.905079567204336,1325,left,0.0010827221512325303,814000,1921.2569968112432
SAT-0-0,50.98081999999964,37.90507956720435,1325,SAT-1-0,37.068308318269175,55.90507956720435,1325,right,0.0010827221513350703,814000,1921.256996811242
SAT-0-0,51.23133999999964,38.15384966015237,1325,SAT-19-0,37.22140457394322,20.153849660152364,1325,left,0.0010871129996186122,818000,1917.3720454096624
SAT-0-0,51.23133999999964,38.15384966015237,1325,SAT-1-0,37.22140457394322,56.15384966015237,1325,right,0.0010871129996186122,818000,1917.3720454096613
SAT-0-0,51.35659999999964,38.27861314559695,1325,SAT-19-0,37.29775711906195,20.278613145596935,1325,left,0.0010893186383408976,820000,1915.4294149418536
SAT-0-0,51.35659999999964,38.27861314559695,1325,SAT-1-0,37.29775711906195,56.27861314559695,1325,right,0.0010893186382389785,820000,1915.4294149418517
SAT-0-0,51.60711999999963,38.52890088758669,1325,SAT-19-0,37.45006790665358,20.52890088758668,1325,left,0.0010937502755883025,824000,1911.5440290649574
SAT-0-0,51.60711999999963,38.52890088758669,1325,SAT-1-0,37.45006790665358,56.52890088758669,1325,right,0.0010937502755883025,824000,1911.5440290649567
SAT-0-0,51.73237999999963,38.654426696469294,1325,SAT-19-0,37.52602488704301,20.654426696469297,1325,left,0.0010959762450713161,826000,1909.6013478329846
SAT-0-0,51.73237999999963,38.654426696469294,1325,SAT-1-0,37.52602488704301,56.654426696469294,1325,right,0.001095976245375216,826000,1909.6013478329821
SAT-0-0,51.98289999999963,38.906246057844136,1325,SAT-19-0,37.67753884777293,20.90624605784415,1325,left,0.0011004484089577858,830000,1905.7161950732077
SAT-0-0,51.98289999999963,38.906246057844136,1325,SAT-1-0,37.67753884777293,56.906246057844136,1325,right,0.0011004484087560093,830000,1905.7161950732066
SAT-0-0,52.10815999999963,39.03254115201902,1325,SAT-19-0,37.7530945515991,21.032541152019025,1325,left,0.0011026945708716342,832000,1903.7737984006683
SAT-0-0,52.10815999999963,39.03254115201902,1325,SAT-1-0,37.7530945515991,57.03254115201902,1325,right,0.0011026945708716342,832000,1903.7737984006676
SAT-0-0,52.35867999999962,39.285906007203415,1325,SAT-19-0,37.90380019681618,21.285906007203415,1325,left,0.0011072069703775991,836000,1899.889552453534
SAT-0-0,52.35867999999962,39.285906007203415,1325,SAT-1-0,37.90380019681618,57.285906007203415,1325,right,0.0011072069701770543,836000,1899.8895524535321
SAT-0-0,52.48393999999963,39.4129772981617,1325,SAT-19-0,37.97894884722835,21.412977298161717,1325,left,0.0011094731723499734,838000,1897.9477787095745
SAT-0-0,52.48393999999963,39.4129772981617,1325,SAT-1-0,37.97894884722835,57.41297729816169,1325,right,0.0011094731722499059,838000,1897.9477787095716
SAT-0-0,52.73445999999962,39.66790141594887,1325,SAT-19-0,38.12883455810739,21.667901415948865,1325,left,0.0011140254881840221,842000,1894.0651193486724
SAT-0-0,52.73445999999962,39.66790141594887,1325,SAT-1-0,38.12883455810739,57.66790141594887,1325,right,0.0011140254880843635,842000,1894.0651193486715
SAT-0-0,52.85971999999962,39.79575575987418,1325,SAT-19-0,38.203570313106205,21.795755759874208,1325,left,0.001116311563113325,844000,1892.1243099345406
SAT-0-0,52.85971999999962,39.79575575987418,1325,SAT-1-0,38.203570313106205,57.79575575987418,1325,right,0.001116311563113325,844000,1892.124309934539
SAT-0-0,53.11023999999962,40.052252793359614,1325,SAT-19-0,38.35262434042415,22.052252793359596,1325,left,0.0011209034463622535,848000,1888.2439229827291
SAT-0-0,53.11023999999962,40.052252793359614,1325,SAT-1-0,38.35262434042415,58.05225279335962,1325,right,0.0011209034463622535,848000,1888.2439229827278
SAT-0-0,53.23549999999962,40.18089698600541,1325,SAT-19-0,38.42694129277021,22.18089698600541,1325,left,0.0011232092124585128,850000,1886.3044223163936
SAT-0-0,53.23549999999962,40.18089698600541,1325,SAT-1-0,38.42694129277021,58.18089698600541,1325,right,0.001123209212260825,850000,1886.3044223163913
SAT-0-0,53.48601999999961,40.43898046216084,1325,SAT-19-0,38.575151756765244,22.43898046216082,1325,left,0.0011278402829116446,854000,1882.4269996130217
SAT-0-0,53.48601999999961,40.43898046216084,1325,SAT-1-0,38.575151756765244,58.43898046216084,1325,right,0.0011278402830100826,854000,1882.4269996130215
SAT-0-0,53.61127999999961,40.5684212335465,1325,SAT-19-0,38.649043933930066,22.568421233546513,1325,left,0.0011301655421786215,856000,1880.489155111764
SAT-0-0,53.61127999999961,40.5684212335465,1325,SAT-1-0,38.649043933930066,58.5684212335465,1325,right,0.0011301655421786215,856000,1880.489155111763
SAT-0-0,53.861799999999604,40.82810454242941,1325,SAT-19-0,38.79639882424749,22.82810454242939,1325,left,0.0011348353890863218,860000,1876.615394475766
SAT-0-0,53.861799999999604,40.82810454242941,1325,SAT-1-0,38.79639882424749,58.828104542429415,1325,right,0.0011348353889884906,860000,1876.6153944757625
SAT-0-0,53.9870599999996,40.95834855135304,1325,SAT-19-0,38.86986018840896,22.95834855135305,1325,left,0.001137179927131843,862000,1874.679556536652
SAT-0-0,53.9870599999996,40.95834855135304,1325,SAT-1-0,38.86986018840896,58.95834855135304,1325,right,0.0011371799270342134,862000,1874.67955653665
SAT-0-0,54.2375799999996,41.21964493494671,1325,SAT-19-0,39.01634736413835,23.219644934946693,1325,left,0.0011418881054880167,866000,1870.8101617252926
SAT-0-0,54.2375799999996,41.21964493494671,1325,SAT-1-0,39.01634736413835,59.21964493494671,1325,right,0.0011418881054880167,866000,1870.810161725292
SAT-0-0,54.3628399999996,41.35069876331209,1325,SAT-19-0,39.08937181222286,23.350698763312092,1325,left,0.0011442516921355954,868000,1868.8766837034443
SAT-0-0,54.3628399999996,41.35069876331209,1325,SAT-1-0,39.08937181222286,59.35069876331209,1325,right,0.0011442516923296476,868000,1868.8766837034414
SAT-0-0,54.613359999999595,41.61362130399241,1325,SAT-19-0,39.23497900203065,23.613621303992428,1325,left,0.0011489977232639155,872000,1865.0123643665688
SAT-0-0,54.613359999999595,41.61362130399241,1325,SAT-1-0,39.23497900203065,59.6136213039924,1325,right,0.00114899772316729,872000,1865.0123643665654
SAT-0-0,54.7386199999996,41.74549145094827,1325,SAT-19-0,39.30756036580405,23.74549145094826,1325,left,0.001151380110550655,874000,1863.081602551101
SAT-0-0,54.7386199999996,41.74549145094827,1325,SAT-1-0,39.30756036580405,59.74549145094827,1325,right,0.001151380110550655,874000,1863.0816025510999
SAT-0-0,54.989139999999594,42.010053059573146,1325,SAT-19-0,39.45227516816623,24.010053059573124,1325,left,0.0011561634808765293,878000,1859.223074180653
SAT-0-0,54.989139999999594,42.010053059573146,1325,SAT-1-0,39.45227516816623,60.01005305957315,1325,right,0.0011561634808765293,878000,1859.2230741806513
SAT-0-0,55.11439999999959,42.14274593546298,1325,SAT-19-0,39.52440721437609,24.142745935462976,1325,left,0.0011585644028550657,880000,1857.2953877682426
SAT-0-0,55.11439999999959,42.14274593546298,1325,SAT-1-0,39.52440721437609,60.142745935462976,1325,right,0.0011585644027592382,880000,1857.2953877682396
SAT-0-0,55.36491999999959,42.408959339081115,1325,SAT-19-0,39.668217097915424,24.40895933908111,1325,left,0.0011633845626478237,884000,1853.4433716428816
SAT-0-0,55.36491999999959,42.408959339081115,1325,SAT-1-0,39.668217097915424,60.408959339081115,1325,right,0.0011633845624569627,884000,1853.4433716428794
SAT-0-0,55.49017999999959,42.54248125920191,1325,SAT-19-0,39.73989352848652,24.54248125920189,1325,left,0.0011658037351133551,886000,1851.5191227087944
SAT-0-0,55.49017999999959,42.54248125920191,1325,SAT-1-0,39.73989352848652,60.542481259201914,1325,right,0.0011658037351133551,886000,1851.5191227087919
SAT-0-0,55.740699999999585,42.8103589883784,1325,SAT-19-0,39.88278583241905,24.81035898837841,1325,left,0.0011706600970108603,890000,1847.6743458334017
SAT-0-0,55.740699999999585,42.8103589883784,1325,SAT-1-0,39.88278583241905,60.8103589883784,1325,right,0.0011706600970108603,890000,1847.6743458334006
SAT-0-0,55.86595999999958,42.94471616654715,1325,SAT-19-0,39.95400028470488,24.944716166547174,1325,left,0.0011730972168725977,892000,1845.7538992999396
SAT-0-0,55.86595999999958,42.94471616654715,1325,SAT-1-0,39.95400028470488,60.944716166547146,1325,right,0.0011730972170618784,892000,1845.7538992999393
SAT-0-0,56.116479999999584,43.214270542303474,1325,SAT-19-0,40.09596221940047,25.21427054230345,1325,left,0.0011779891555185318,896000,1841.91709433981
SAT-0-0,56.116479999999584,43.214270542303474,1325,SAT-1-0,40.09596221940047,61.214270542303474,1325,right,0.0011779891554242845,896000,1841.9170943398078
SAT-0-0,56.24173999999958,43.34946908423056,1325,SAT-19-0,40.16670826649286,25.349469084230567,1325,left,0.0011804439000152602,898000,1840.00081794204
SAT-0-0,56.24173999999958,43.34946908423056,1325,SAT-1-0,40.16670826649286,61.34946908423056,1325,right,0.0011804439001093115,898000,1840.0008179420374
SAT-0-0,56.492259999999575,43.620712204597574,1325,SAT-19-0,40.307726914154564,25.620712204597602,1325,left,0.0011853707499541288,902000,1836.17272315154
SAT-0-0,56.492259999999575,43.620712204597574,1325,SAT-1-0,40.307726914154564,61.620712204597574,1325,right,0.001185370749766808,902000,1836.172723151539
SAT-0-0,56.61751999999958,43.7567581010663,1325,SAT-19-0,40.37799806525396,25.756758101066303,1325,left,0.001187842776377925,904000,1834.2609874002042
SAT-0-0,56.61751999999958,43.7567581010663,1325,SAT-1-0,40.37799806525396,61.7567581010663,1325,right,0.0011878427767517872,904000,1834.2609874002012
SAT-0-0,56.868039999999574,44.02970182724948,1325,SAT-19-0,40.51806038072127,26.029701827249472,1325,left,0.0011928038318143722,908000,1830.4423465457144
SAT-0-0,56.868039999999574,44.02970182724948,1325,SAT-1-0,40.51806038072127,62.02970182724948,1325,right,0.0011928038317212954,908000,1830.4423465457123
SAT-0-0,56.99329999999957,44.16660094710167,1325,SAT-19-0,40.5878500815702,26.166600947101646,1325,left,0.0011952927770685674,910000,1828.5355246872252
SAT-0-0,56.99329999999957,44.16660094710167,1325,SAT-1-0,40.5878500815702,62.16660094710167,1325,right,0.0011952927769756845,910000,1828.5355246872243
SAT-0-0,57.24381999999957,44.44125688925829,1325,SAT-19-0,40.726942893251,26.44125688925827,1325,left,0.0012002872898999432,914000,1824.7270869641188
SAT-0-0,57.24381999999957,44.44125688925829,1325,SAT-1-0,40.726942893251,62.44125688925829,1325,right,0.0012002872898074467,914000,1824.7270869641166
SAT-0-0,57.36907999999958,44.579014972186044,1325,SAT-19-0,40.7962445266332,26.579014972186048,1325,left,0.0012027927693472732,916000,1822.8255549375297
SAT-0-0,57.36907999999958,44.579014972186044,1325,SAT-1-0,40.7962445266332,62.579014972186044,1325,right,0.0012027927692549695,916000,1822.825554937527
SAT-0-0,57.61959999999958,44.85539447481517,1325,SAT-19-0,40.93435453756963,26.85539447481515,1325,left,0.001207819948852343,920000,1819.0280748809896
SAT-0-0,57.61959999999958,44.85539447481517,1325,SAT-1-0,40.93435453756963,62.85539447481518,1325,right,0.001207819948852343,920000,1819.028074880988
SAT-0-0,57.74485999999958,44.99401712395926,1325,SAT-19-0,41.00316142387735,26.994017123959274,1325,left,0.001210341556037087,922000,1817.1322112718185
SAT-0-0,57.74485999999958,44.99401712395926,1325,SAT-1-0,41.00316142387735,62.99401712395926,1325,right,0.001210341556037087,922000,1817.1322112718165
SAT-0-0,57.995379999999585,45.27213125090609,1325,SAT-19-0,41.140275212950684,27.27213125090611,1325,left,0.0012154005674996833,926000,1813.3464486612854
SAT-0-0,57.995379999999585,45.27213125090609,1325,SAT-1-0,41.140275212950684,63.272131250906085,1325,right,0.0012154005675910295,926000,1813.3464486612838
SAT-0-0,58.12063999999959,45.41162392526212,1325,SAT-19-0,41.20858061082281,27.411623925262138,1325,left,0.0012179378742558063,928000,1811.456634652102
SAT-0-0,58.12063999999959,45.41162392526212,1325,SAT-1-0,41.20858061082281,63.41162392526211,1325,right,0.0012179378739823384,928000,1811.4566346520999
SAT-0-0,58.37115999999959,45.691483444338985,1325,SAT-19-0,41.34468463410255,27.691483444339003,1325,left,0.0012230278374726982,932000,1807.6833544091007
SAT-0-0,58.37115999999959,45.691483444338985,1325,SAT-1-0,41.34468463410255,63.69148344433898,1325,right,0.0012230278374726982,932000,1807.6833544090994
SAT-0-0,58.496419999999596,45.83185145097271,1325,SAT-19-0,41.41248174113613,27.831851450972696,1325,left,0.0012255803915037255,934000,1805.7999737267514
SAT-0-0,58.496419999999596,45.83185145097271,1325,SAT-1-0,41.41248174113613,63.83185145097271,1325,right,0.0012255803914131378,934000,1805.7999737267503
SAT-0-0,58.746939999999604,46.11346681820037,1325,SAT-19-0,41.54756233337842,28.113466818200386,1325,left,0.001230700380454408,938000,1802.039945805906
SAT-0-0,58.746939999999604,46.11346681820037,1325,SAT-1-0,41.54756233337842,64.11346681820038,1325,right,0.0012307003803641973,938000,1802.0399458059055
SAT-0-0,58.8721999999996,46.254715304274065,1325,SAT-19-0,41.614844286916195,28.254715304274065,1325,left,0.0012332677071433672,940000,1800.1633846652794
SAT-0-0,58.8721999999996,46.254715304274065,1325,SAT-1-0,41.614844286916195,64.25471530427406,1325,right,0.0012332677070533442,940000,1800.163384665278
SAT-0-0,59.12271999999961,46.538096647747494,1325,SAT-19-0,41.748887663216955,28.5380966477475,1325,left,0.0012384167477972195,944000,1796.4173839382804
SAT-0-0,59.12271999999961,46.538096647747494,1325,SAT-1-0,41.748887663216955,64.5380966477475,1325,right,0.001238416747707571,944000,1796.4173839382806
SAT-0-0,59.247979999999615,46.68023059235998,1325,SAT-19-0,41.815647541213515,28.68023059235998,1325,left,0.0012409983483010405,946000,1794.5480309824811
SAT-0-0,59.247979999999615,46.68023059235998,1325,SAT-1-0,41.815647541213515,64.68023059235998,1325,right,0.0012409983482115782,946000,1794.5480309824793
SAT-0-0,59.498499999999616,46.965387695744305,1325,SAT-19-0,41.94863979882151,28.965387695744283,1325,left,0.0012461754186618534,950000,1790.8168371147822
SAT-0-0,59.498499999999616,46.965387695744305,1325,SAT-1-0,41.94863979882151,64.96538769574431,1325,right,0.0012461754186618534,950000,1790.8168371147808
SAT-0-0,59.62375999999962,47.10841190158766,1325,SAT-19-0,42.014870620790816,29.108411901587633,1325,left,0.001248770769586721,952000,1788.9550833516262
SAT-0-0,59.62375999999962,47.10841190158766,1325,SAT-1-0,42.014870620790816,65.10841190158766,1325,right,0.001248770769320005,952000,1788.955083351626
SAT-0-0,59.87427999999962,47.3953541872508,1325,SAT-19-0,42.14679774108602,29.39535418725081,1325,left,0.0012539747979793958,956000,1785.239480671652
SAT-0-0,59.87427999999962,47.3953541872508,1325,SAT-1-0,42.14679774108602,65.3953541872508,1325,right,0.0012539747979793958,956000,1785.2394806716516
SAT-0-0,59.99953999999963,47.5392732720872,1325,SAT-19-0,42.21249246913277,29.539273272087186,1325,left,0.0012565833509881868,958000,1783.3857194063612
SAT-0-0,59.99953999999963,47.5392732720872,1325,SAT-1-0,42.21249246913277,65.5392732720872,1325,right,0.0012565833508114818,958000,1783.3857194063596
SAT-0-0,60.250059999999635,47.82800978387719,1325,SAT-19-0,42.34334031977509,29.82800978387718,1325,left,0.0012618132148583157,962000,1779.6864967670015
SAT-0-0,60.250059999999635,47.82800978387719,1325,SAT-1-0,42.34334031977509,65.82800978387718,1325,right,0.0012618132150342884,962000,1779.686496767
SAT-0-0,60.37531999999963,47.97282817184027,1325,SAT-19-0,42.40849185971276,29.972828171840284,1325,left,0.0012644343956841246,964000,1777.8411235309738
SAT-0-0,60.37531999999963,47.97282817184027,1325,SAT-1-0,42.40849185971276,65.97282817184026,1325,right,0.0012644343959475365,964000,1777.8411235309727
SAT-0-0,60.62583999999964,48.26336755751613,1325,SAT-19-0,42.538246196966725,30.26336755751613,1325,left,0.0012696889219398608,968000,1774.1590741631464
SAT-0-0,60.62583999999964,48.26336755751613,1325,SAT-1-0,42.538246196966725,66.26336755751613,1325,right,0.0012696889219398608,968000,1774.1590741631446
SAT-0-0,60.75109999999964,48.40908947024175,1325,SAT-19-0,42.60284739952473,30.409089470241728,1325,left,0.0012723221311808973,970000,1772.3224866387256
SAT-0-0,60.75109999999964,48.40908947024175,1325,SAT-1-0,42.60284739952473,66.40908947024175,1325,right,0.0012723221309191184,970000,1772.3224866387247
SAT-0-0,61.00161999999965,48.70143996356863,1325,SAT-19-0,42.73149387076512,30.70143996356862,1325,left,0.0012776000931381797,974000,1768.6584079967847
SAT-0-0,61.00161999999965,48.70143996356863,1325,SAT-1-0,42.73149387076512,66.70143996356862,1325,right,0.0012776000931381797,974000,1768.6584079967843
SAT-0-0,61.12687999999965,48.84806941116049,1325,SAT-19-0,42.79553753288788,30.84806941116047,1325,left,0.0012802447040009125,976000,1766.8310059378816
SAT-0-0,61.12687999999965,48.84806941116049,1325,SAT-1-0,42.79553753288788,66.8480694111605,1325,right,0.0012802447039141928,976000,1766.8310059378805
SAT-0-0,61.37739999999965,49.14223881368045,1325,SAT-19-0,42.923061679291564,31.14223881368043,1325,left,0.0012855448221635755,980000,1763.1856995366675
SAT-0-0,61.37739999999965,49.14223881368045,1325,SAT-1-0,42.923061679291564,67.14223881368045,1325,right,0.0012855448223362998,980000,1763.185699536667
SAT-0-0,61.50265999999966,49.28977958551684,1325,SAT-19-0,42.98654054553185,31.289779585516815,1325,left,0.0012882001813832055,982000,1761.3678846851517
SAT-0-0,61.50265999999966,49.28977958551684,1325,SAT-1-0,42.98654054553185,67.28977958551684,1325,right,0.0012882001814693896,982000,1761.36788468515
SAT-0-0,61.75317999999966,49.585775248009035,1325,SAT-19-0,43.1129278049611,31.58577524800905,1325,left,0.0012935211220499578,986000,1757.7421559284492
SAT-0-0,61.75317999999966,49.585775248009035,1325,SAT-1-0,43.1129278049611,67.58577524800904,1325,right,0.0012935211220499578,986000,1757.7421559284471
SAT-0-0,61.878439999999664,49.73423090339776,1325,SAT-19-0,43.1758345689705,31.734230903397773,1325,left,0.0012961865489860482,988000,1755.9343319262005
SAT-0-0,61.878439999999664,49.73423090339776,1325,SAT-1-0,43.1758345689705,67.73423090339776,1325,right,0.0012961865489860482,988000,1755.9343319261973
SAT-0-0,62.12895999999967,50.03205970704222,1325,SAT-19-0,43.30107027905249,32.03205970704221,1325,left,0.0013015269229955777,992000,1752.3289899264173
SAT-0-0,62.12895999999967,50.03205970704222,1325,SAT-1-0,43.30107027905249,68.03205970704222,1325,right,0.0013015269229955777,992000,1752.328989926416
SAT-0-0,62.25421999999967,50.18143356573135,1325,SAT-19-0,43.36339758517117,32.181433565731346,1325,left,0.001304201709185172,994000,1750.5315622229316
SAT-0-0,62.25421999999967,50.18143356573135,1325,SAT-1-0,43.36339758517117,68.18143356573135,1325,right,0.0013042017093554254,994000,1750.5315622229298
SAT-0-0,62.50473999999968,50.48110190299298,1325,SAT-19-0,43.48746698657907,32.481101902992975,1325,left,0.0013095600713831054,998000,1746.9474196117865
SAT-0-0,62.50473999999968,50.48110190299298,1325,SAT-1-0,43.48746698657907,68.48110190299298,1325,right,0.0013095600713831054,998000,1746.9474196117858
SAT-0-0,62.629999999999676,50.63139703554607,1325,SAT-19-0,43.549207431527485,32.631397035546094,1325,left,0.0013122434804464062,1000000,1745.1607953672317
SAT-0-0,62.629999999999676,50.63139703554607,1325,SAT-1-0,43.549207431527485,68.63139703554606,1325,right,0.0013122434802771963,1000000,1745.16079536723
SAT-0-0,62.880519999999684,50.932910790796576,1325,SAT-19-0,43.6720956714677,32.93291079079657,1325,left,0.0013176183291666592,1004000,1741.5986680972508
SAT-0-0,62.880519999999684,50.932910790796576,1325,SAT-1-0,43.6720956714677,68.93291079079657,1325,right,0.0013176183291666592,1004000,1741.5986680972487
SAT-0-0,63.00577999999969,51.08413000884154,1325,SAT-19-0,43.73324180614259,33.084130008841555,1325,left,0.001320309595788883,1006000,1739.8232560808858
SAT-0-0,63.00577999999969,51.08413000884154,1325,SAT-1-0,43.73324180614259,69.08413000884153,1325,right,0.001320309595788883,1006000,1739.8232560808842
SAT-0-0,63.25629999999969,51.387494538738856,1325,SAT-19-0,43.85493394205275,33.38749453873886,1325,left,0.001325699372182086,1010000,1736.2839632175137
SAT-0-0,63.25629999999969,51.387494538738856,1325,SAT-1-0,43.85493394205275,69.38749453873886,1325,right,0.001325699372182086,1010000,1736.2839632175126
SAT-0-0,63.381559999999695,51.53964038510088,1325,SAT-19-0,43.91547827342983,33.5396403851009,1325,left,0.0013283977024624088,1012000,1734.5201737013683
SAT-0-0,63.381559999999695,51.53964038510088,1325,SAT-1-0,43.91547827342983,69.53964038510088,1325,right,0.0013283977024624088,1012000,1734.5201737013672
SAT-0-0,63.632079999999696,51.84486049874737,1325,SAT-19-0,44.03595927689241,33.84486049874737,1325,left,0.001333800789419252,1016000,1731.0045372055306
SAT-0-0,63.632079999999696,51.84486049874737,1325,SAT-1-0,44.03595927689241,69.84486049874737,1325,right,0.0013338007893360145,1016000,1731.0045372055285
SAT-0-0,63.7573399999997,51.99793523747674,1325,SAT-19-0,44.09589427003769,33.997935237476725,1325,left,0.0013365053602077913,1018000,1729.2527818532574
SAT-0-0,63.7573399999997,51.99793523747674,1325,SAT-1-0,44.09589427003769,69.99793523747674,1325,right,0.0013365053601247223,1018000,1729.252781853256
SAT-0-0,64.00785999999971,52.305015176379044,1325,SAT-19-0,44.215149030913345,34.30501517637902,1325,left,0.0013419200823008848,1022000,1725.7616263541715
SAT-0-0,64.00785999999971,52.305015176379044,1325,SAT-1-0,44.215149030913345,70.30501517637904,1325,right,0.0013419200823008848,1022000,1725.7616263541702
SAT-0-0,64.1331199999997,52.459020782685954,1325,SAT-19-0,44.27446711110556,34.45902078268595,1325,left,0.0013446300412099002,1024000,1724.0223181049937
SAT-0-0,64.1331199999997,52.459020782685954,1325,SAT-1-0,44.27446711110556,70.45902078268594,1325,right,0.001344630041127333,1024000,1724.0223181049935
SAT-0-0,64.3836399999997,52.7679642005414,1325,SAT-19-0,44.392480441890406,34.76796420054142,1325,left,0.0013500546641269531,1028000,1720.5564706630855
SAT-0-0,64.3836399999997,52.7679642005414,1325,SAT-1-0,44.392480441890406,70.76796420054139,1325,right,0.0013500546641269531,1028000,1720.5564706630837
SAT-0-0,64.5088999999997,52.92290235065048,1325,SAT-19-0,44.451173996856376,34.922902350650496,1325,left,0.0013527691288767515,1030000,1718.830023610747
SAT-0-0,64.5088999999997,52.92290235065048,1325,SAT-1-0,44.451173996856376,70.92290235065049,1325,right,0.0013527691287126106,1030000,1718.8300236107452
SAT-0-0,64.7594199999997,53.23371229298661,1325,SAT-19-0,44.56793063726722,35.23371229298661,1325,left,0.0013582018583643092,1034000,1715.3903134705008
SAT-0-0,64.7594199999997,53.23371229298661,1325,SAT-1-0,44.56793063726722,71.23371229298661,1325,right,0.0013582018585277934,1034000,1715.3903134704997
SAT-0-0,64.88467999999969,53.38958435392506,1325,SAT-19-0,44.62599201953209,35.38958435392507,1325,left,0.0013609199174460477,1036000,1713.677142737153
SAT-0-0,64.88467999999969,53.38958435392506,1325,SAT-1-0,44.62599201953209,71.38958435392506,1325,right,0.0013609199174460477,1036000,1713.6771427371505
SAT-0-0,65.13519999999968,53.70226323762071,1325,SAT-19-0,44.74147664132312,35.7022632376207,1325,left,0.00136635890045562,1040000,1710.2644010697743
SAT-0-0,65.13519999999968,53.70226323762071,1325,SAT-1-0,44.74147664132312,71.70226323762071,1325,right,0.00136635890045562,1040000,1710.2644010697727
SAT-0-0,65.26045999999968,53.85907025695468,1325,SAT-19-0,44.79889817067723,35.859070256954666,1325,left,0.0013690796118924085,1042000,1708.5649226747291
SAT-0-0,65.26045999999968,53.85907025695468,1325,SAT-1-0,44.79889817067723,71.85907025695468,1325,right,0.0013690796118924085,1042000,1708.5649226747269
SAT-0-0,65.51097999999968,54.17361984967302,1325,SAT-19-0,44.913095382691765,36.173619849672995,1325,left,0.0013745229346759785,1046000,1705.1799823104661
SAT-0-0,65.51097999999968,54.17361984967302,1325,SAT-1-0,44.913095382691765,72.17361984967302,1325,right,0.00137452293475675,1046000,1705.179982310466
SAT-0-0,65.63623999999967,54.331362545207874,1325,SAT-19-0,44.969869348775816,36.33136254520785,1325,left,0.001377245326585121,1048000,1703.4946130337564
SAT-0-0,65.63623999999967,54.331362545207874,1325,SAT-1-0,44.969869348775816,72.33136254520788,1325,right,0.0013772453267463446,1048000,1703.4946130337541
SAT-0-0,65.88675999999967,54.64778394477379,1325,SAT-19-0,45.082763702236036,36.647783944773764,1325,left,0.0013826910157103169,1052000,1700.1383081837791
SAT-0-0,65.88675999999967,54.64778394477379,1325,SAT-1-0,45.082763702236036,72.64778394477379,1325,right,0.0013826910158709056,1052000,1700.138308183777
SAT-0-0,66.01201999999967,54.80646269423496,1325,SAT-19-0,45.13888236724597,36.806462694234945,1325,left,0.001385414086988922,1054000,1698.4674654244664
SAT-0-0,66.01201999999967,54.80646269423496,1325,SAT-1-0,45.13888236724597,72.80646269423497,1325,right,0.0013854140867485124,1054000,1698.4674654244648
SAT-0-0,66.26253999999966,55.12475630799087,1325,SAT-19-0,45.25045836128344,37.12475630799088,1325,left,0.001390860108525086,1058000,1695.1406313921946
SAT-0-0,66.26253999999966,55.12475630799087,1325,SAT-1-0,45.25045836128344,73.12475630799088,1325,right,0.0013908601086049088,1058000,1695.1406313921932
SAT-0-0,66.38779999999967,55.28437113870286,1325,SAT-19-0,45.30591396279642,37.284371138702845,1325,left,0.001393582826708143,1060000,1693.4847330213838
SAT-0-0,66.38779999999967,55.28437113870286,1325,SAT-1-0,45.30591396279642,73.28437113870287,1325,right,0.001393582826628476,1060000,1693.484733021382
SAT-0-0,66.63831999999967,55.604536662879205,1325,SAT-19-0,45.41615605022586,37.60453666287922,1325,left,0.0013990270877082245,1064000,1690.188205903191
SAT-0-0,66.63831999999967,55.604536662879205,1325,SAT-1-0,45.41615605022586,73.6045366628792,1325,right,0.0013990270877082245,1064000,1690.1882059031884
SAT-0-0,66.76357999999966,55.76508724146126,1325,SAT-19-0,45.47094080414819,37.76508724146128,1325,left,0.0014017483913834332,1066000,1688.5476701117068
SAT-0-0,66.76357999999966,55.76508724146126,1325,SAT-1-0,45.47094080414819,73.76508724146126,1325,right,0.001401748391145825,1066000,1688.5476701117045
SAT-0-0,67.01409999999966,56.08712364059969,1325,SAT-19-0,45.57983339748644,38.087123640599714,1325,left,0.001407188738264648,1070000,1685.2822864869163
SAT-0-0,67.01409999999966,56.08712364059969,1325,SAT-1-0,45.57983339748644,74.08712364059969,1325,right,0.001407188738264648,1070000,1685.282286486914
SAT-0-0,67.13935999999966,56.24860926269789,1325,SAT-19-0,45.63393950112481,38.24860926269787,1325,left,0.001409907535769887,1072000,1683.6575316276196
SAT-0-0,67.13935999999966,56.24860926269789,1325,SAT-1-0,45.63393950112481,74.2486092626979,1325,right,0.0014099075356123981,1072000,1683.657531627618
SAT-0-0,67.38987999999965,56.57251474916735,1325,SAT-19-0,45.74146697885655,38.57251474916735,1325,left,0.0014153417558404938,1076000,1680.4241282377623
SAT-0-0,67.38987999999965,56.57251474916735,1325,SAT-1-0,45.74146697885655,74.57251474916735,1325,right,0.0014153417558404938,1076000,1680.4241282377623
SAT-0-0,67.51513999999965,56.73493432924324,1325,SAT-19-0,45.79488661411272,38.73493432924324,1325,left,0.0014180569260863404,1078000,1678.8155726624882
SAT-0-0,67.51513999999965,56.73493432924324,1325,SAT-1-0,45.79488661411272,74.73493432924323,1325,right,0.0014180569260863404,1078000,1678.8155726624864
SAT-0-0,67.76565999999966,57.06070634289082,1325,SAT-19-0,45.90103332720421,39.060706342890825,1325,left,0.0014234827478738692,1082000,1675.6149860797786
SAT-0-0,67.76565999999966,57.06070634289082,1325,SAT-1-0,45.90103332720421,75.06070634289082,1325,right,0.0014234827477178824,1082000,1675.6149860797766
SAT-0-0,67.89091999999965,57.22405840408834,1325,SAT-19-0,45.95375866389404,39.22405840408832,1325,left,0.001426193140178172,1084000,1674.0230479708714
SAT-0-0,67.89091999999965,57.22405840408834,1325,SAT-1-0,45.95375866389404,75.22405840408834,1325,right,0.0014261931402560172,1084000,1674.0230479708698
SAT-0-0,68.14143999999965,57.551693592068574,1325,SAT-19-0,46.058508942555406,39.55169359206858,1325,left,0.0014316082333015723,1088000,1670.8561142559024
SAT-0-0,68.14143999999965,57.551693592068574,1325,SAT-1-0,46.058508942555406,75.55169359206857,1325,right,0.0014316082333791231,1088000,1670.8561142559017
SAT-0-0,68.26669999999964,57.71597625618168,1325,SAT-19-0,46.11053214185221,39.71597625618166,1325,left,0.0014343126685147976,1090000,1669.2812114523801
SAT-0-0,68.26669999999964,57.71597625618168,1325,SAT-1-0,46.11053214185221,75.71597625618169,1325,right,0.0014343126684373932,1090000,1669.281211452378
SAT-0-0,68.51721999999964,58.04547045301037,1325,SAT-19-0,46.213870302548635,40.045470453010374,1325,left,0.0014397146451900489,1094000,1666.148765801055
SAT-0-0,68.51721999999964,58.04547045301037,1325,SAT-1-0,46.213870302548635,76.04547045301037,1325,right,0.0014397146450358205,1094000,1666.148765801053
SAT-0-0,68.64247999999964,58.210681430574446,1325,SAT-19-0,46.26518352055088,40.210681430574446,1325,left,0.0014424119147502278,1096000,1664.5913156193808
SAT-0-0,68.64247999999964,58.210681430574446,1325,SAT-1-0,46.26518352055088,76.21068143057445,1325,right,0.0014424119149041676,1096000,1664.591315619379
SAT-0-0,68.89299999999963,58.542029638454146,1325,SAT-19-0,46.36709387326207,40.542029638454146,1325,left,0.00144779833018745,1100000,1661.494191999114
SAT-0-0,68.89299999999963,58.542029638454146,1325,SAT-1-0,46.36709387326207,76.54202963845414,1325,right,0.0014477983301107663,1100000,1661.4941919991124
SAT-0-0,69.01825999999963,58.70816621898557,1325,SAT-19-0,46.417689264685144,40.70816621898555,1325,left,0.0014504871979231938,1102000,1659.9546110486317
SAT-0-0,69.01825999999963,58.70816621898557,1325,SAT-1-0,46.417689264685144,76.70816621898557,1325,right,0.0014504871978466523,1102000,1659.95461104863
SAT-0-0,69.26877999999964,59.04136258845217,1325,SAT-19-0,46.51815612041245,41.04136258845217,1325,left,0.0014558555515479063,1106000,1656.8936418238918
SAT-0-0,69.26877999999964,59.04136258845217,1325,SAT-1-0,46.51815612041245,77.04136258845216,1325,right,0.0014558555515479063,1106000,1656.8936418238902
SAT-0-0,69.39403999999963,59.208421630861,1325,SAT-19-0,46.56802584240375,41.20842163086101,1325,left,0.0014585347533336752,1108000,1655.372345816943
SAT-0-0,69.39403999999963,59.208421630861,1325,SAT-1-0,46.56802584240375,77.208421630861,1325,right,0.0014585347533336752,1108000,1655.372345816942
SAT-0-0,69.64455999999963,59.54345944180233,1325,SAT-19-0,46.667033520923106,41.54345944180233,1325,left,0.0014638824898950862,1112000,1652.3483613642184
SAT-0-0,69.64455999999963,59.54345944180233,1325,SAT-1-0,46.667033520923106,77.54345944180233,1325,right,0.0014638824898192452,1112000,1652.3483613642172
SAT-0-0,69.76981999999963,59.71143736500402,1325,SAT-19-0,46.71616973699976,41.71143736500402,1325,left,0.001466550734486629,1114000,1650.8457649210065
SAT-0-0,69.76981999999963,59.71143736500402,1325,SAT-1-0,46.71616973699976,77.71143736500403,1325,right,0.0014665507347137378,1114000,1650.8457649210059
SAT-0-0,70.02033999999962,60.04830900810301,1325,SAT-19-0,46.81370257485868,42.04830900810302,1325,left,0.0014718752452745096,1118000,1647.859593233321
SAT-0-0,70.02033999999962,60.04830900810301,1325,SAT-1-0,46.81370257485868,78.048309008103,1325,right,0.0014718752451990803,1118000,1647.8595932333212
SAT-0-0,70.14559999999962,60.21720178185583,1325,SAT-19-0,46.8620974589664,42.21720178185583,1325,left,0.001474531215377726,1120000,1646.3761096815792
SAT-0-0,70.14559999999962,60.21720178185583,1325,SAT-1-0,46.8620974589664,78.21720178185583,1325,right,0.001474531215377726,1120000,1646.376109681578
SAT-0-0,70.39611999999961,60.55589874051202,1325,SAT-19-0,46.95813981772182,42.55589874051202,1325,left,0.0014798298392386204,1124000,1643.4285759627026
SAT-0-0,70.39611999999961,60.55589874051202,1325,SAT-1-0,46.95813981772182,78.55589874051202,1325,right,0.001479829839388668,1124000,1643.4285759627012
SAT-0-0,70.52137999999962,60.72570187650742,1325,SAT-19-0,47.00578555841363,42.72570187650745,1325,left,0.001482472191903518,1126000,1641.9646171322502
SAT-0-0,70.52137999999962,60.72570187650742,1325,SAT-1-0,47.00578555841363,78.72570187650743,1325,right,0.001482472192128188,1126000,1641.9646171322474
SAT-0-0,70.77189999999962,61.06621470929266,1325,SAT-19-0,47.1003218331076,43.06621470929266,1325,left,0.0014877422184495358,1130000,1639.0565433807692
SAT-0-0,70.77189999999962,61.06621470929266,1325,SAT-1-0,47.1003218331076,79.06621470929267,1325,right,0.0014877422184495358,1130000,1639.0565433807678
SAT-0-0,70.89715999999962,61.23692325252676,1325,SAT-19-0,47.14721063784022,43.23692325252676,1325,left,0.001490369585625567,1132000,1637.6125193930568
SAT-0-0,70.89715999999962,61.23692325252676,1325,SAT-1-0,47.14721063784022,79.23692325252676,1325,right,0.001490369585625567,1132000,1637.6125193930554
SAT-0-0,71.14767999999961,61.57924157623119,1325,SAT-19-0,47.24022526570889,43.57924157623118,1325,left,0.0014956082546896498,1136000,1634.744723976536
SAT-0-0,71.14767999999961,61.57924157623119,1325,SAT-1-0,47.24022526570889,79.5792415762312,1325,right,0.0014956082548381142,1136000,1634.744723976535
SAT-0-0,71.27293999999961,61.75085009668589,1325,SAT-19-0,47.28634936525488,43.75085009668589,1325,left,0.0014982192449049274,1138000,1633.3210430292813
SAT-0-0,71.27293999999961,61.75085009668589,1325,SAT-1-0,47.28634936525488,79.7508500966859,1325,right,0.0014982192448308245,1138000,1633.3210430292788
SAT-0-0,71.5234599999996,62.09496257001267,1325,SAT-19-0,47.377826834666244,44.09496257001268,1325,left,0.0015034237506367355,1142000,1630.4943402487238
SAT-0-0,71.5234599999996,62.09496257001267,1325,SAT-1-0,47.377826834666244,80.09496257001267,1325,right,0.0015034237506367355,1142000,1630.4943402487227
SAT-0-0,71.6487199999996,62.26746515467555,1325,SAT-19-0,47.42317848763894,44.267465154675534,1325,left,0.0015060169493951385,1144000,1629.0914083957714
SAT-0-0,71.6487199999996,62.26746515467555,1325,SAT-1-0,47.42317848763894,80.26746515467555,1325,right,0.0015060169493951385,1144000,1629.0914083957705
SAT-0-0,71.89923999999961,62.613359462642414,1325,SAT-19-0,47.51310334725351,44.613359462642414,1325,left,0.0015111844411976412,1148000,1626.3066080406795
SAT-0-0,71.89923999999961,62.613359462642414,1325,SAT-1-0,47.51310334725351,80.6133594626424,1325,right,0.0015111844410507069,1148000,1626.3066080406775
SAT-0-0,72.0244999999996,62.78674970789513,1325,SAT-19-0,47.55767484474209,44.78674970789515,1325,left,0.0015137584123399253,1150000,1624.9248289672316
SAT-0-0,72.0244999999996,62.78674970789513,1325,SAT-1-0,47.55767484474209,80.78674970789514,1325,right,0.0015137584123399253,1150000,1624.9248289672296
SAT-0-0,72.2750199999996,63.13441254700278,1325,SAT-19-0,47.64603171289029,45.13441254700277,1325,left,0.0015188859969149189,1154000,1622.1827358615437
SAT-0-0,72.2750199999996,63.13441254700278,1325,SAT-1-0,47.64603171289029,81.13441254700278,1325,right,0.0015188859969149189,1154000,1622.1827358615426
SAT-0-0,72.4002799999996,63.30868355140783,1325,SAT-19-0,47.68981538320125,45.30868355140782,1325,left,0.0015214392844713996,1156000,1620.8225106549119
SAT-0-0,72.4002799999996,63.30868355140783,1325,SAT-1-0,47.68981538320125,81.30868355140782,1325,right,0.0015214392844713996,1156000,1620.8225106549103
SAT-0-0,72.65079999999959,63.658100615635355,1325,SAT-19-0,47.77658895747021,45.65810061563537,1325,left,0.0015265240293681937,1160000,1618.1239241941855
SAT-0-0,72.65079999999959,63.658100615635355,1325,SAT-1-0,47.77658895747021,81.65810061563535,1325,right,0.0015265240295136513,1160000,1618.1239241941844
SAT-0-0,72.77605999999959,63.83324497315138,1325,SAT-19-0,47.81957717097188,45.833244973151366,1325,left,0.0015290551574152292,1162000,1616.785651110253
SAT-0-0,72.77605999999959,63.83324497315138,1325,SAT-1-0,47.81957717097188,81.83324497315138,1325,right,0.0015290551572700122,1162000,1616.7856511102514
SAT-0-0,73.02657999999958,64.1844009408391,1325,SAT-19-0,47.904752237993975,46.18440094083909,1325,left,0.001534094093214827,1166000,1614.131364790438
SAT-0-0,73.02657999999958,64.1844009408391,1325,SAT-1-0,47.904752237993975,82.1844009408391,1325,right,0.001534094093070087,1166000,1614.131364790437
SAT-0-0,73.15183999999958,64.36041073449526,1325,SAT-19-0,47.94693741205951,46.360410734495275,1325,left,0.0015366015677728683,1168000,1612.815439016023
SAT-0-0,73.15183999999958,64.36041073449526,1325,SAT-1-0,47.94693741205951,82.36041073449526,1325,right,0.0015366015677728683,1168000,1612.8154390160212
SAT-0-0,73.40235999999959,64.71328925617618,1325,SAT-19-0,48.030498857493555,46.713289256176175,1325,left,0.0015415916907446483,1172000,1610.206239954255
SAT-0-0,73.40235999999959,64.71328925617618,1325,SAT-1-0,48.030498857493555,82.71328925617618,1325,right,0.0015415916908886843,1172000,1610.2062399542529
SAT-0-0,73.52761999999959,64.89015605223587,1325,SAT-19-0,48.07187346153806,46.890156052235895,1325,left,0.0015440740021427021,1174000,1608.9130533655853
SAT-0-0,73.52761999999959,64.89015605223587,1325,SAT-1-0,48.07187346153806,82.89015605223587,1325,right,0.0015440740021427021,1174000,1608.9130533655841
SAT-0-0,73.77813999999958,65.2447397394763,1325,SAT-19-0,48.153806280233816,47.244739739476316,1325,left,0.0015490122773555172,1178000,1606.3497218134312
SAT-0-0,73.77813999999958,65.2447397394763,1325,SAT-1-0,48.153806280233816,83.2447397394763,1325,right,0.0015490122772838443,1178000,1606.3497218134291
SAT-0-0,73.90339999999958,65.42245458212093,1325,SAT-19-0,48.19436284084066,47.42245458212093,1325,left,0.0015514679008288162,1180000,1605.079662730974
SAT-0-0,73.90339999999958,65.42245458212093,1325,SAT-1-0,48.19436284084066,83.42245458212093,1325,right,0.0015514679009719352,1180000,1605.0796627309728
SAT-0-0,74.15391999999957,65.77872499743135,1325,SAT-19-0,48.27465214717627,47.77872499743133,1325,left,0.0015563512652078462,1184000,1602.5629715806208
SAT-0-0,74.15391999999957,65.77872499743135,1325,SAT-1-0,48.27465214717627,83.77872499743135,1325,right,0.0015563512652078462,1184000,1602.5629715806201
SAT-0-0,74.27917999999957,65.95727840399404,1325,SAT-19-0,48.31438325330688,47.95727840399405,1325,left,0.0015587786628445855,1186000,1601.3164245204998
SAT-0-0,74.27917999999957,65.95727840399404,1325,SAT-1-0,48.31438325330688,83.95727840399404,1325,right,0.0015587786629870334,1186000,1601.3164245204978
SAT-0-0,74.52969999999958,66.31521605187008,1325,SAT-19-0,48.39301429168787,48.315216051870074,1325,left,0.0015636040287394296,1190000,1598.8471388043988
SAT-0-0,74.52969999999958,66.31521605187008,1325,SAT-1-0,48.39301429168787,84.31521605187008,1325,right,0.0015636040287394296,1190000,1598.8471388043972
SAT-0-0,74.65495999999958,66.49459800864955,1325,SAT-19-0,48.43191259996963,48.49459800864953,1325,left,0.0015660016513886904,1192000,1597.624484226674
SAT-0-0,74.65495999999958,66.49459800864955,1325,SAT-1-0,48.43191259996963,84.49459800864955,1325,right,0.001566001651317795,1192000,1597.6244842266722
SAT-0-0,74.90547999999957,66.85418232780258,1325,SAT-19-0,48.5088707554775,48.85418232780258,1325,left,0.001570765909931118,1196000,1595.2033606111913
SAT-0-0,74.90547999999957,66.85418232780258,1325,SAT-1-0,48.5088707554775,84.85418232780258,1325,right,0.0015707659100017983,1196000,1595.20336061119
SAT-0-0,75.03073999999957,67.03438228648653,1325,SAT-19-0,48.54692899556304,49.03438228648653,1325,left,0.0015731321985096723,1198000,1594.0049746653006
SAT-0-0,75.03073999999957,67.03438228648653,1325,SAT-1-0,48.54692899556304,85.03438228648653,1325,right,0.0015731321986508205,1198000,1594.0049746652985
SAT-0-0,75.28125999999956,67.39559164332286,1325,SAT-19-0,48.62219980474069,49.39559164332289,1325,left,0.0015778322236855461,1202000,1591.6327609389673
SAT-0-0,75.28125999999956,67.39559164332286,1325,SAT-1-0,48.62219980474069,85.39559164332286,1325,right,0.0015778322236855461,1202000,1591.6327609389657
SAT-0-0,75.40651999999956,67.57659851804988,1325,SAT-19-0,48.659410784732366,49.57659851804987,1325,left,0.0015801656115164927,1204000,1590.4590152066082
SAT-0-0,75.40651999999956,67.57659851804988,1325,SAT-1-0,48.659410784732366,85.57659851804988,1325,right,0.0015801656115164927,1204000,1590.4590152066069
SAT-0-0,75.65703999999955,67.93941020145506,1325,SAT-19-0,48.73297994649225,49.93941020145507,1325,left,0.0015847982636688152,1208000,1588.1364497635982
SAT-0-0,75.65703999999955,67.93941020145506,1325,SAT-1-0,48.73297994649225,85.93941020145506,1325,right,0.0015847982636688152,1208000,1588.1364497635966
SAT-0-0,75.78229999999957,68.12121236654342,1325,SAT-19-0,48.769336558424435,50.1212123665434,1325,left,0.0015870971780063802,1210000,1586.9877109993922
SAT-0-0,75.78229999999957,68.12121236654342,1325,SAT-1-0,48.769336558424435,86.12121236654342,1325,right,0.0015870971780063802,1210000,1586.9877109993906
SAT-0-0,76.03281999999956,68.48560258402794,1325,SAT-19-0,48.8411899450655,50.48560258402793,1325,left,0.0015916593079077484,1214000,1584.7155223188797
SAT-0-0,76.03281999999956,68.48560258402794,1325,SAT-1-0,48.8411899450655,86.48560258402794,1325,right,0.0015916593077682432,1214000,1584.7155223188781
SAT-0-0,76.15807999999956,68.6681878723984,1325,SAT-19-0,48.87668517043731,50.6681878723984,1325,left,0.0015939221726219528,1216000,1583.5921521891448
SAT-0-0,76.15807999999956,68.6681878723984,1325,SAT-1-0,48.87668517043731,86.6681878723984,1325,right,0.0015939221725522993,1216000,1583.592152189144
SAT-0-0,76.40859999999955,69.03413174765849,1325,SAT-19-0,48.94680883875486,51.03413174765849,1325,left,0.0015984106254752699,1220000,1581.3710583112477
SAT-0-0,76.40859999999955,69.03413174765849,1325,SAT-1-0,48.94680883875486,87.03413174765849,1325,right,0.0015984106254752699,1220000,1581.3710583112468
SAT-0-0,76.53385999999955,69.21748744997801,1325,SAT-19-0,48.98143575410563,51.21748744997799,1325,left,0.0016006358629946276,1222000,1580.2734131312493
SAT-0-0,76.53385999999955,69.21748744997801,1325,SAT-1-0,48.98143575410563,87.21748744997801,1325,right,0.0016006358628559048,1222000,1580.273413131248
SAT-0-0,76.78437999999954,69.584959021923,1325,SAT-19-0,49.04981595657838,51.58495902192302,1325,left,0.0016050474833393912,1226000,1578.1041211302759
SAT-0-0,76.78437999999954,69.584959021923,1325,SAT-1-0,49.04981595657838,87.584959021923,1325,right,0.0016050474833393912,1226000,1578.104121130274
SAT-0-0,76.90963999999954,69.76907188649409,1325,SAT-19-0,49.083567739097326,51.769071886494075,1325,left,0.0016072335161492928,1228000,1577.0325516003081
SAT-0-0,76.90963999999954,69.76907188649409,1325,SAT-1-0,49.083567739097326,87.76907188649409,1325,right,0.0016072335160111394,1228000,1577.0325516003072
SAT-0-0,77.16015999999954,70.13804410979026,1325,SAT-19-0,49.150190935134525,52.13804410979027,1325,left,0.0016115651518643494,1232000,1574.9157570560787
SAT-0-0,77.16015999999954,70.13804410979026,1325,SAT-1-0,49.150190935134525,88.13804410979026,1325,right,0.0016115651517265674,1232000,1574.9157570560778
SAT-0-0,77.28541999999953,70.32290034321032,1325,SAT-19-0,49.18306086829628,52.322900343210314,1325,left,0.0016137104055028966,1234000,1573.8706079967942
SAT-0-0,77.28541999999953,70.32290034321032,1325,SAT-1-0,49.18306086829628,88.32290034321032,1325,right,0.0016137104055028966,1234000,1573.8706079967922
SAT-0-0,77.53593999999954,70.6933450903871,1325,SAT-19-0,49.24791373552762,52.69334509038709,1325,left,0.0016179589126480696,1238000,1571.806994464826
SAT-0-0,77.53593999999954,70.6933450903871,1325,SAT-1-0,49.24791373552762,88.6933450903871,1325,right,0.0016179589125108322,1238000,1571.8069944648244
SAT-0-0,77.66119999999954,70.87893035900032,1325,SAT-19-0,49.27989521474448,52.878930359000314,1325,left,0.001620061818039174,1240000,1570.7886045521802
SAT-0-0,77.66119999999954,70.87893035900032,1325,SAT-1-0,49.27989521474448,88.87893035900032,1325,right,0.0016200618181077037,1240000,1570.7886045521782
SAT-0-0,77.91171999999953,71.25081842416282,1325,SAT-19-0,49.34296466033409,53.250818424162816,1325,left,0.0016242240650873986,1244000,1568.7788430335602
SAT-0-0,77.91171999999953,71.25081842416282,1325,SAT-1-0,49.34296466033409,89.25081842416282,1325,right,0.0016242240652241068,1244000,1568.7788430335586
SAT-0-0,78.03697999999953,71.43711785632526,1325,SAT-19-0,49.374051198615795,53.43711785632527,1325,left,0.0016262830607790245,1246000,1567.7875445338314
SAT-0-0,78.03697999999953,71.43711785632526,1325,SAT-1-0,49.374051198615795,89.43711785632526,1325,right,0.0016262830609155596,1246000,1567.7875445338298
SAT-0-0,78.28749999999953,71.81041896051333,1325,SAT-19-0,49.43532437058186,53.8104189605133,1325,left,0.0016303559342379908,1250000,1565.8322929456263
SAT-0-0,78.28749999999953,71.81041896051333,1325,SAT-1-0,49.43532437058186,89.81041896051333,1325,right,0.0016303559343741848,1250000,1565.832292945625
SAT-0-0,78.41275999999952,71.9974171496909,1325,SAT-19-0,49.465509604193144,53.99741714969089,1325,left,0.0016323694687544361,1252000,1564.8684114509103
SAT-0-0,78.41275999999952,71.9974171496909,1325,SAT-1-0,49.465509604193144,89.9974171496909,1325,right,0.0016323694684823842,1252000,1564.8684114509092
SAT-0-0,78.66327999999953,72.37209994792093,1325,SAT-19-0,49.52497390271311,54.37209994792092,1325,left,0.0016363498772345045,1256000,1562.9683140979948
SAT-0-0,78.66327999999953,72.37209994792093,1325,SAT-1-0,49.52497390271311,90.37209994792093,1325,right,0.0016363498771666569,1256000,1562.9683140979942
SAT-0-0,78.78853999999953,72.55978095663703,1325,SAT-19-0,49.554251596819185,54.55978095663702,1325,left,0.0016383164111401412,1258000,1562.0321682626354
SAT-0-0,78.78853999999953,72.55978095663703,1325,SAT-1-0,49.554251596819185,90.55978095663703,1325,right,0.0016383164111401412,1258000,1562.0321682626343
SAT-0-0,79.03905999999952,72.93581304665963,1325,SAT-19-0,49.61189468550071,54.93581304665965,1325,left,0.0016422012914329926,1262000,1560.1878553118424
SAT-0-0,79.03905999999952,72.93581304665963,1325,SAT-1-0,49.61189468550071,90.93581304665963,1325,right,0.0016422012914329926,1262000,1560.1878553118408
SAT-0-0,79.16431999999952,73.12416041130811,1325,SAT-19-0,49.640258739790426,55.124160411308104,1325,left,0.0016441193009398187,1264000,1559.279756590252
SAT-0-0,79.16431999999952,73.12416041130811,1325,SAT-1-0,49.640258739790426,91.12416041130811,1325,right,0.0016441193010748726,1264000,1559.2797565902513
SAT-0-0,79.41483999999951,73.50150834410968,1325,SAT-19-0,49.696068556887376,55.50150834410967,1325,left,0.0016479056220924263,1268000,1557.491843547765
SAT-0-0,79.41483999999951,73.50150834410968,1325,SAT-1-0,49.696068556887376,91.50150834410968,1325,right,0.0016479056220924263,1268000,1557.4918435477637
SAT-0-0,79.54009999999951,73.6905050806462,1325,SAT-19-0,49.72351301116368,55.69050508064623,1325,left,0.0016497736007534158,1270000,1556.6120959341058
SAT-0-0,79.54009999999951,73.6905050806462,1325,SAT-1-0,49.72351301116368,91.6905050806462,1325,right,0.0016497736010225978,1270000,1556.6120959341044
SAT-0-0,79.7906199999995,74.06913437271854,1325,SAT-19-0,49.777477780715856,56.06913437271852,1325,left,0.001653458369759291,1274000,1554.8811831270434
SAT-0-0,79.7906199999995,74.06913437271854,1325,SAT-1-0,49.777477780715856,92.06913437271854,1325,right,0.0016534583694907087,1274000,1554.8811831270425
SAT-0-0,79.91587999999952,74.25876298324097,1325,SAT-19-0,49.803996820442684,56.25876298324095,1325,left,0.00165527483164729,1276000,1554.0300828972372
SAT-0-0,79.91587999999952,74.25876298324097,1325,SAT-1-0,49.803996820442684,92.25876298324097,1325,right,0.0016552748318485056,1276000,1554.0300828972358
SAT-0-0,80.16639999999951,74.63863813063804,1325,SAT-19-0,49.85610506331793,56.63863813063805,1325,left,0.001658855098184187,1280000,1552.3567549603943
SAT-0-0,80.16639999999951,74.63863813063804,1325,SAT-1-0,49.85610506331793,92.63863813063804,1325,right,0.0016588550983849682,1280000,1552.3567549603924
SAT-0-0,80.29165999999951,74.82888061086437,1325,SAT-19-0,49.88169302511295,56.82888061086438,1325,left,0.0016606185801924791,1282000,1551.5345904169558
SAT-0-0,80.29165999999951,74.82888061086437,1325,SAT-1-0,49.88169302511295,92.82888061086437,1325,right,0.0016606185801924791,1282000,1551.5345904169546
SAT-0-0,80.5421799999995,75.20996510506049,1325,SAT-19-0,49.93193356992961,57.20996510506048,1325,left,0.0016640914427782086,1286000,1549.9194157856668
SAT-0-0,80.5421799999995,75.20996510506049,1325,SAT-1-0,49.93193356992961,93.20996510506049,1325,right,0.001664091442978358,1286000,1549.9194157856657
SAT-0-0,80.6674399999995,75.40080295271025,1325,SAT-19-0,49.956584946991555,57.40080295271023,1325,left,0.0016658005069995132,1288000,1549.126467005851
SAT-0-0,80.6674399999995,75.40080295271025,1325,SAT-1-0,49.956584946991555,93.40080295271025,1325,right,0.001665800506932865,1288000,1549.1264670058492
SAT-0-0,80.9179599999995,75.78305929826873,1325,SAT-19-0,50.00494694089916,57.78305929826873,1325,left,0.0016691631175572482,1292000,1547.5699974159775
SAT-0-0,80.9179599999995,75.78305929826873,1325,SAT-1-0,50.00494694089916,93.78305929826873,1325,right,0.0016691631176902757,1292000,1547.5699974159768
SAT-0-0,81.0432199999995,75.97447352235046,1325,SAT-19-0,50.02865638835865,57.97447352235044,1325,left,0.0016708163542134128,1294000,1546.8065360037276
SAT-0-0,81.0432199999995,75.97447352235046,1325,SAT-1-0,50.02865638835865,93.97447352235046,1325,right,0.0016708163542134128,1294000,1546.8065360037265
SAT-0-0,81.29373999999949,76.35786325640609,1325,SAT-19-0,50.07512930765445,58.3578632564061,1325,left,0.0016740659238785546,1298000,1545.3093059997602
SAT-0-0,81.29373999999949,76.35786325640609,1325,SAT-1-0,50.07512930765445,94.35786325640609,1325,right,0.0016740659239448737,1298000,1545.3093059997589
SAT-0-0,81.4189999999995,76.54983438741218,1325,SAT-19-0,50.097891647837166,58.5498343874122,1325,left,0.001675661954001756,1300000,1544.5755948419717
SAT-0-0,81.4189999999995,76.54983438741218,1325,SAT-1-0,50.097891647837166,94.54983438741218,1325,right,0.0016756619541342676,1300000,1544.57559484197
SAT-0-0,81.6695199999995,76.9343181009658,1325,SAT-19-0,50.14246530839596,58.93431810096579,1325,left,0.0016787957575167664,1304000,1543.1381212942472
SAT-0-0,81.6695199999995,76.9343181009658,1325,SAT-1-0,50.14246530839596,94.9343181009658,1325,right,0.0016787957575167664,1304000,1543.1381212942456
SAT-0-0,81.79477999999949,77.12682620197128,1325,SAT-19-0,50.1642755359868,59.126826201971284,1325,left,0.0016803332355286747,1306000,1542.4344143218352
SAT-0-0,81.79477999999949,77.12682620197128,1325,SAT-1-0,50.1642755359868,95.12682620197128,1325,right,0.0016803332355286747,1306000,1542.4344143218339
SAT-0-0,82.04529999999949,77.51236356298823,1325,SAT-19-0,50.20694010348143,59.51236356298822,1325,left,0.0016833486171049267,1310000,1541.0571959538768
SAT-0-0,82.04529999999949,77.51236356298823,1325,SAT-1-0,50.20694010348143,95.51236356298823,1325,right,0.0016833486172368334,1310000,1541.057195953875
SAT-0-0,82.17055999999948,77.70538824164896,1325,SAT-19-0,50.227793390578384,59.70538824164896,1325,left,0.0016848262336978655,1312000,1540.38373790816
SAT-0-0,82.17055999999948,77.70538824164896,1325,SAT-1-0,50.227793390578384,95.70538824164896,1325,right,0.00168482623363197,1312000,1540.3837379081588
SAT-0-0,82.42107999999948,78.09193801994797,1325,SAT-19-0,50.26853939046844,60.09193801994799,1325,left,0.0016877206122945425,1316000,1539.0672548351426
SAT-0-0,82.42107999999948,78.09193801994797,1325,SAT-1-0,50.26853939046844,96.09193801994797,1325,right,0.0016877206124261074,1316000,1539.067254835141
SAT-0-0,82.54633999999947,78.2854584413893,1325,SAT-19-0,50.28843109151489,60.28545844138931,1325,left,0.001689137096370045,1318000,1538.4242810400344
SAT-0-0,82.54633999999947,78.2854584413893,1325,SAT-1-0,50.28843109151489,96.2854584413893,1325,right,0.0016891370965014996,1318000,1538.424281040033
SAT-0-0,82.79685999999948,78.6729785353021,1325,SAT-19-0,50.327249418781086,60.67297853530207,1325,left,0.001691907970682439,1322000,1537.1689943193687
SAT-0-0,82.79685999999948,78.6729785353021,1325,SAT-1-0,50.327249418781086,96.6729785353021,1325,right,0.0016919079706168194,1322000,1537.1689943193678
SAT-0-0,82.92211999999948,78.86697343588664,1325,SAT-19-0,50.34617507536538,60.86697343588662,1325,left,0.0016932620922727106,1324000,1536.5567304598808
SAT-0-0,82.92211999999948,78.86697343588664,1325,SAT-1-0,50.34617507536538,96.86697343588664,1325,right,0.0016932620924038448,1324000,1536.5567304598799
SAT-0-0,83.17263999999948,79.2554209006619,1325,SAT-19-0,50.383057003967316,61.2554209006619,1325,left,0.0016959070454505543,1328000,1535.36308165491
SAT-0-0,83.17263999999948,79.2554209006619,1325,SAT-1-0,50.383057003967316,97.2554209006619,1325,right,0.0016959070453196245,1328000,1535.3630816549096
SAT-0-0,83.29789999999947,79.44986860262237,1325,SAT-19-0,50.40101234947857,61.449868602622374,1325,left,0.0016971976184388304,1330000,1534.7817435624527
SAT-0-0,83.29789999999947,79.44986860262237,1325,SAT-1-0,50.40101234947857,97.44986860262237,1325,right,0.0016971976183080002,1330000,1534.781743562451
SAT-0-0,83.54841999999947,79.83919968054278,1325,SAT-19-0,50.43594954151393,61.83919968054276,1325,left,0.0016997143232100043,1334000,1533.650154320229
SAT-0-0,83.54841999999947,79.83919968054278,1325,SAT-1-0,50.43594954151393,97.83919968054278,1325,right,0.0016997143232100043,1334000,1533.6501543202276
SAT-0-0,83.67367999999946,80.03407810746178,1325,SAT-19-0,50.45293050564304,62.03407810746179,1325,left,0.0017009402071439914,1336000,1533.0999477651928
SAT-0-0,83.67367999999946,80.03407810746178,1325,SAT-1-0,50.45293050564304,98.03407810746178,1325,right,0.0017009402071439914,1336000,1533.0999477651917
SAT-0-0,83.92419999999947,80.42424825963514,1325,SAT-19-0,50.4859150201866,62.42424825963513,1325,left,0.0017033264312914737,1340000,1532.030819409299
SAT-0-0,83.92419999999947,80.42424825963514,1325,SAT-1-0,50.4859150201866,98.42424825963514,1325,right,0.0017033264312914737,1340000,1532.0308194092981
SAT-0-0,84.04945999999947,80.61953495275178,1325,SAT-19-0,50.50191773326179,62.619534952751806,1325,left,0.0017044865344605835,1342000,1531.5119399014038
SAT-0-0,84.04945999999947,80.61953495275178,1325,SAT-1-0,50.50191773326179,98.61953495275178,1325,right,0.0017044865344605835,1342000,1531.5119399014022
SAT-0-0,84.29997999999947,81.0104988925324,1325,SAT-19-0,50.532942034863,63.010498892532375,1325,left,0.0017067401443878064,1346000,1530.5056530407605
SAT-0-0,84.29997999999947,81.0104988925324,1325,SAT-1-0,50.532942034863,99.0104988925324,1325,right,0.0017067401443878064,1346000,1530.5056530407592
SAT-0-0,84.42523999999946,81.20617102785145,1325,SAT-19-0,50.547962832009574,63.20617102785147,1325,left,0.001707833425557417,1348000,1530.0182856376098
SAT-0-0,84.42523999999946,81.20617102785145,1325,SAT-1-0,50.547962832009574,99.20617102785145,1325,right,0.001707833425557417,1348000,1530.0182856376084
SAT-0-0,84.67575999999946,81.59788275584125,1325,SAT-19-0,50.57701979882801,63.59788275584125,1325,left,0.0017099523915584914,1352000,1529.0751997921723
SAT-0-0,84.67575999999946,81.59788275584125,1325,SAT-1-0,50.57701979882801,99.59788275584125,1325,right,0.0017099523915584914,1352000,1529.0751997921707
SAT-0-0,84.80101999999945,81.7939171620186,1325,SAT-19-0,50.59105522394193,63.79391716201862,1325,left,0.001710977862786836,1354000,1528.6195189164973
SAT-0-0,84.80101999999945,81.7939171620186,1325,SAT-1-0,50.59105522394193,99.7939171620186,1325,right,0.001710977862786836,1354000,1528.619518916496
SAT-0-0,85.05153999999945,82.18633000259123,1325,SAT-19-0,50.61813815550076,64.18633000259123,1325,left,0.0017129602627749655,1358000,1527.7399721607383
SAT-0-0,85.05153999999945,82.18633000259123,1325,SAT-1-0,50.61813815550076,100.18633000259123,1325,right,0.0017129602630342182,1358000,1527.7399721607371
SAT-0-0,85.17679999999945,82.38270317956571,1325,SAT-19-0,50.63118496502625,64.38270317956571,1325,left,0.0017139169908481663,1360000,1527.3161414267342
SAT-0-0,85.17679999999945,82.38270317956571,1325,SAT-1-0,50.63118496502625,100.38270317956571,1325,right,0.0017139169908481663,1360000,1527.3161414267327
SAT-0-0,85.42731999999944,82.77576981885137,1325,SAT-19-0,50.656287589564194,64.77576981885139,1325,left,0.001715761016139016,1364000,1526.5004500517668
SAT-0-0,85.42731999999944,82.77576981885137,1325,SAT-1-0,50.656287589564194,100.77576981885137,1325,right,0.0017157610160096013,1364000,1526.500450051765
SAT-0-0,85.55257999999945,82.97245795719024,1325,SAT-19-0,50.668342756066096,64.97245795719022,1325,left,0.0017166481249751616,1366000,1526.1086221009625
SAT-0-0,85.55257999999945,82.97245795719024,1325,SAT-1-0,50.668342756066096,100.97245795719024,1325,right,0.0017166481249751616,1366000,1526.108622100961
SAT-0-0,85.80309999999945,83.36613048245324,1325,SAT-19-0,50.691459237469445,65.36613048245327,1325,left,0.001718352081399658,1370000,1525.357080296112
SAT-0-0,85.80309999999945,83.36613048245324,1325,SAT-1-0,50.691459237469445,101.36613048245324,1325,right,0.001718352081399658,1370000,1525.3570802961106
SAT-0-0,85.92835999999944,83.563109483376,1325,SAT-19-0,50.70251995299096,65.56310948337597,1325,left,0.0017191687542601971,1372000,1524.9973966431664
SAT-0-0,85.92835999999944,83.563109483376,1325,SAT-1-0,50.70251995299096,101.563109483376,1325,right,0.0017191687545185135,1372000,1524.997396643165
SAT-0-0,86.17887999999944,83.95733942371113,1325,SAT-19-0,50.72364489728801,65.9573394237111,1325,left,0.0017207310691229403,1376000,1524.3102761977868
SAT-0-0,86.17887999999944,83.95733942371113,1325,SAT-1-0,50.72364489728801,101.95733942371113,1325,right,0.0017207310691874607,1376000,1524.3102761977855
SAT-0-0,86.30413999999944,84.15458491975339,1325,SAT-19-0,50.733708576485505,66.15458491975338,1325,left,0.0017214765499938562,1378000,1523.982867086587
SAT-0-0,86.30413999999944,84.15458491975339,1325,SAT-1-0,50.733708576485505,102.15458491975339,1325,right,0.0017214765498003786,1378000,1523.9828670865863
SAT-0-0,86.55465999999943,84.54932328802235,1325,SAT-19-0,50.752837037886664,66.54932328802236,1325,left,0.0017228957727883768,1382000,1523.3604171128475
SAT-0-0,86.55465999999943,84.54932328802235,1325,SAT-1-0,50.752837037886664,102.54932328802235,1325,right,0.0017228957727883768,1382000,1523.3604171128459
SAT-0-0,86.67991999999943,84.74681066429893,1325,SAT-19-0,50.76190132093322,66.74681066429892,1325,left,0.0017235693679798706,1384000,1523.065401383276
SAT-0-0,86.67991999999943,84.74681066429893,1325,SAT-1-0,50.76190132093322,102.74681066429893,1325,right,0.0017235693678510423,1384000,1523.0654013832748
SAT-0-0,86.93043999999944,85.1420080002225,1325,SAT-19-0,50.77902880740117,67.14200800022249,1325,left,0.0017248441757438972,1388000,1522.5078480606155
SAT-0-0,86.93043999999944,85.1420080002225,1325,SAT-1-0,50.77902880740117,103.14200800022249,1325,right,0.0017248441757438972,1388000,1522.507848060614
SAT-0-0,87.05569999999943,85.33971241624667,1325,SAT-19-0,50.78709156265151,67.33971241624668,1325,left,0.001725445255840033,1390000,1522.2453330263095
SAT-0-0,87.05569999999943,85.33971241624667,1325,SAT-1-0,50.78709156265151,103.33971241624667,1325,right,0.0017254452557113446,1390000,1522.245333026309
SAT-0-0,87.30621999999943,85.73531883056381,1325,SAT-19-0,50.802214040986684,67.73531883056381,1325,left,0.0017265744550254319,1394000,1521.7528793682036
SAT-0-0,87.30621999999943,85.73531883056381,1325,SAT-1-0,50.802214040986684,103.73531883056381,1325,right,0.0017265744548968277,1394000,1521.7528793682022
SAT-0-0,87.43147999999942,85.93321524257689,1325,SAT-19-0,50.80927336739636,67.93321524257689,1325,left,0.0017271024562258246,1396000,1521.5229607056272
SAT-0-0,87.43147999999942,85.93321524257689,1325,SAT-1-0,50.80927336739636,103.93321524257689,1325,right,0.001727102456161542,1396000,1521.5229607056265
SAT-0-0,87.68199999999942,86.3291804621779,1325,SAT-19-0,50.82238726782457,68.32918046217789,1325,left,0.0017280849853629251,1400000,1521.0957863492565
SAT-0-0,87.68199999999942,86.3291804621779,1325,SAT-1-0,50.82238726782457,104.3291804621779,1325,right,0.0017280849853629251,1400000,1521.0957863492551
SAT-0-0,87.80725999999942,86.5272436459418,1325,SAT-19-0,50.828441497117005,68.52724364594178,1325,left,0.0017285394104834806,1402000,1520.8985479983571
SAT-0-0,87.80725999999942,86.5272436459418,1325,SAT-1-0,50.828441497117005,104.5272436459418,1325,right,0.0017285394104834806,1402000,1520.898547998356
SAT-0-0,88.05777999999941,86.92351705987731,1325,SAT-19-0,50.83954371736692,68.9235170598773,1325,left,0.0017293743435174815,1406000,1520.536809017715
SAT-0-0,88.05777999999941,86.92351705987731,1325,SAT-1-0,50.83954371736692,104.92351705987731,1325,right,0.0017293743436458775,1406000,1520.5368090177133
SAT-0-0,88.18303999999941,87.12172163388,1325,SAT-19-0,50.84459141594259,69.12172163388,1325,left,0.0017297547638126746,1408000,1520.3723230944274
SAT-0-0,88.18303999999941,87.12172163388,1325,SAT-1-0,50.84459141594259,105.12172163388,1325,right,0.0017297547636843068,1408000,1520.3723230944263
SAT-0-0,88.43355999999942,87.51825234014578,1325,SAT-19-0,50.85367932480215,69.51825234014578,1325,left,0.0017304413109765,1412000,1520.0761518373479
SAT-0-0,88.43355999999942,87.51825234014578,1325,SAT-1-0,50.85367932480215,105.51825234014578,1325,right,0.001730441311104817,1412000,1520.0761518373465
SAT-0-0,88.55881999999941,87.71657278916865,1325,SAT-19-0,50.857719295384804,69.71657278916867,1325,left,0.0017307473660273663,1414000,1519.9444785581659
SAT-0-0,88.55881999999941,87.71657278916865,1325,SAT-1-0,50.857719295384804,105.71657278916865,1325,right,0.001730747365770778,1414000,1519.9444785581643
SAT-0-0,88.80933999999941,88.11330964216066,1325,SAT-19-0,50.86479073572709,70.11330964216066,1325,left,0.0017312848768254153,1418000,1519.7139835076937
SAT-0-0,88.80933999999941,88.11330964216066,1325,SAT-1-0,50.86479073572709,106.11330964216066,1325,right,0.0017312848768254153,1418000,1519.713983507692
SAT-0-0,88.9345999999994,88.31172034115465,1325,SAT-19-0,50.86782201874247,70.31172034115468,1325,left,0.0017315162762873584,1420000,1519.6151711265047
SAT-0-0,88.9345999999994,88.31172034115465,1325,SAT-1-0,50.86782201874247,106.31172034115465,1325,right,0.0017315162762873584,1420000,1519.6151711265034
SAT-0-0,89.1851199999994,88.70861199968813,1325,SAT-19-0,50.87287531001289,70.70861199968815,1325,left,0.0017319042405514982,1424000,1519.4504367869617
SAT-0-0,89.1851199999994,88.70861199968813,1325,SAT-1-0,50.87287531001289,106.70861199968813,1325,right,0.0017319042406797067,1424000,1519.4504367869606
SAT-0-0,89.3103799999994,88.9070872379043,1325,SAT-19-0,50.87489718469643,70.90708723790429,1325,left,0.0017320607644273152,1426000,1519.3845215443177
SAT-0-0,89.3103799999994,88.9070872379043,1325,SAT-1-0,50.87489718469643,106.9070872379043,1325,right,0.0017320607645555121,1426000,1519.3845215443162
SAT-0-0,89.5608999999994,89.30408221368651,1325,SAT-19-0,50.877931124854435,71.30408221368651,1325,left,0.0017322988133177887,1430000,1519.2856083523716
SAT-0-0,89.5608999999994,89.30408221368651,1325,SAT-1-0,50.877931124854435,107.30408221368651,1325,right,0.0017322988133177887,1430000,1519.2856083523702
SAT-0-0,89.6861599999994,89.50259621900587,1325,SAT-19-0,50.87894311008475,71.50259621900588,1325,left,0.0017323803128778167,1432000,1519.252614437309
SAT-0-0,89.6861599999994,89.50259621900587,1325,SAT-1-0,50.87894311008475,107.50259621900587,1325,right,0.0017323803128778167,1432000,1519.2526144373076
SAT-0-0,89.9366799999994,89.89964292545088,1325,SAT-19-0,50.87995697699485,71.89964292545089,1325,left,0.0017324682193853881,1436000,1519.219558698267
SAT-0-0,89.9366799999994,89.89964292545088,1325,SAT-1-0,50.87995697699485,107.89964292545088,1325,right,0.001732468219513555,1436000,1519.219558698266
SAT-0-0,90.0619399999994,90.09816988885684,1325,SAT-19-0,50.879958831850814,72.09816988885684,1325,left,0.0017324746171342885,1438000,1519.2194982227982
SAT-0-0,90.0619399999994,90.09816988885684,1325,SAT-1-0,50.879958831850814,108.09816988885684,1325,right,0.0017324746171342885,1438000,1519.2194982227973
SAT-0-0,90.31245999999939,90.49521669012972,1325,SAT-19-0,50.878952384119174,72.49521669012971,1325,left,0.001732412298074654,1442000,1519.2523120723008
SAT-0-0,90.31245999999939,90.49521669012972,1325,SAT-1-0,50.878952384119174,108.49521669012972,1325,right,0.0017324122979464833,1442000,1519.2523120722997
SAT-0-0,90.43771999999939,90.69373079026691,1325,SAT-19-0,50.877944108159134,72.69373079026693,1325,left,0.0017323435878567161,1444000,1519.285185058629
SAT-0-0,90.43771999999939,90.69373079026691,1325,SAT-1-0,50.877944108159134,108.69373079026691,1325,right,0.0017323435875362763,1444000,1519.2851850586283
SAT-0-0,90.68823999999938,91.09072605044237,1325,SAT-19-0,50.874917585413286,73.09072605044238,1325,left,0.0017321311019128849,1448000,1519.3838564498349
SAT-0-0,90.68823999999938,91.09072605044237,1325,SAT-1-0,50.874917585413286,109.09072605044237,1325,right,0.0017321311019128849,1448000,1519.3838564498335
SAT-0-0,90.8134999999994,91.28920147820394,1325,SAT-19-0,50.87289941867558,73.28920147820392,1325,left,0.001731987348964183,1450000,1519.4496508303305
SAT-0-0,90.8134999999994,91.28920147820394,1325,SAT-1-0,50.87289941867558,109.28920147820394,1325,right,0.001731987348964183,1450000,1519.4496508303296
SAT-0-0,91.06401999999939,91.68609361042546,1325,SAT-19-0,50.867853541286735,73.68609361042543,1325,left,0.0017316248990451814,1454000,1519.6141435466377
SAT-0-0,91.06401999999939,91.68609361042546,1325,SAT-1-0,50.867853541286735,109.68609361042546,1325,right,0.0017316248989169521,1454000,1519.6141435466366
SAT-0-0,91.18927999999939,91.884504593512,1325,SAT-19-0,50.86482596401151,73.88450459351199,1325,left,0.0017314062401851355,1456000,1519.712835176575
SAT-0-0,91.18927999999939,91.884504593512,1325,SAT-1-0,50.86482596401151,109.884504593512,1325,right,0.0017314062401851355,1456000,1519.7128351765737
SAT-0-0,91.43979999999938,92.28124210903633,1325,SAT-19-0,50.85776193226002,74.28124210903633,1325,left,0.0017308941706794063,1460000,1519.943088869834
SAT-0-0,91.43979999999938,92.28124210903633,1325,SAT-1-0,50.85776193226002,110.28124210903633,1325,right,0.001730894170551123,1460000,1519.9430888698325
SAT-0-0,91.56505999999938,92.47956293642896,1325,SAT-19-0,50.85372566433315,74.47956293642898,1325,left,0.0017306008138077528,1462000,1520.0746415528588
SAT-0-0,91.56505999999938,92.47956293642896,1325,SAT-1-0,50.85372566433315,110.47956293642896,1325,right,0.0017306008139360578,1462000,1520.0746415528577
SAT-0-0,91.81557999999937,92.87609449344215,1325,SAT-19-0,50.84464515701958,74.87609449344214,1325,left,0.001729939611060176,1466000,1520.3705718069848
SAT-0-0,91.81557999999937,92.87609449344215,1325,SAT-1-0,50.84464515701958,110.87609449344215,1325,right,0.001729939611316884,1466000,1520.370571806983
SAT-0-0,91.94083999999937,93.07429953973286,1325,SAT-19-0,50.83960115714013,75.07429953973289,1325,left,0.0017295718347910061,1468000,1520.5349373332394
SAT-0-0,91.94083999999937,93.07429953973286,1325,SAT-1-0,50.83960115714013,111.07429953973286,1325,right,0.0017295718346626249,1468000,1520.5349373332378
SAT-0-0,92.19135999999936,93.47057399182454,1325,SAT-19-0,50.82850632964547,75.47057399182452,1325,left,0.0017287621257363426,1472000,1520.8964357530542
SAT-0-0,92.19135999999936,93.47057399182454,1325,SAT-1-0,50.82850632964547,111.47057399182454,1325,right,0.0017287621258647839,1472000,1520.8964357530529
SAT-0-0,92.31661999999936,93.66863774134748,1325,SAT-19-0,50.82245579421917,75.66863774134751,1325,left,0.001728320277946979,1474000,1521.0935539498691
SAT-0-0,92.31661999999936,93.66863774134748,1325,SAT-1-0,50.82245579421917,111.66863774134748,1325,right,0.0017283202781396905,1474000,1521.0935539498678
SAT-0-0,92.56713999999937,94.06460418553159,1325,SAT-19-0,50.809349276019645,76.06460418553162,1325,left,0.0017273628284305885,1478000,1521.520488274939
SAT-0-0,92.56713999999937,94.06460418553159,1325,SAT-1-0,50.809349276019645,112.06460418553159,1325,right,0.001727362828559134,1478000,1521.5204882749374
SAT-0-0,92.69239999999937,94.26250125624041,1325,SAT-19-0,50.80229363778099,76.26250125624043,1325,left,0.0017268473269315754,1480000,1521.7502870699482
SAT-0-0,92.69239999999937,94.26250125624041,1325,SAT-1-0,50.80229363778099,112.26250125624041,1325,right,0.0017268473269315754,1480000,1521.750287069947
SAT-0-0,92.94291999999936,94.65810908041271,1325,SAT-19-0,50.78717852942426,76.65810908041271,1325,left,0.0017257430401603656,1484000,1522.2425013131276
SAT-0-0,92.94291999999936,94.65810908041271,1325,SAT-1-0,50.78717852942426,112.65810908041271,1325,right,0.0017257430400316994,1484000,1522.2425013131265
SAT-0-0,93.06817999999936,94.85581424744902,1325,SAT-19-0,50.77911945579134,76.85581424744903,1325,left,0.001725154370217644,1486000,1522.5048968096523
SAT-0-0,93.06817999999936,94.85581424744902,1325,SAT-1-0,50.77911945579134,112.85581424744902,1325,right,0.001725154370217644,1486000,1522.5048968096512
SAT-0-0,93.31869999999935,95.25101317717444,1325,SAT-19-0,50.761999325341876,77.25101317717444,1325,left,0.0017239042844956836,1490000,1523.0622114199673
SAT-0-0,93.31869999999935,95.25101317717444,1325,SAT-1-0,50.761999325341876,113.25101317717444,1325,right,0.0017239042844956836,1490000,1523.0622114199655
SAT-0-0,93.44395999999935,95.44850139607483,1325,SAT-19-0,50.75293871650815,77.44850139607485,1325,left,0.001723242998851335,1492000,1523.3571079844698
SAT-0-0,93.44395999999935,95.44850139607483,1325,SAT-1-0,50.75293871650815,113.44850139607483,1325,right,0.001723242998851335,1492000,1523.3571079844685
SAT-0-0,93.69447999999936,95.84324154059962,1325,SAT-19-0,50.733817595471706,77.84324154059965,1325,left,0.001721848285425877,1496000,1523.9793200339184
SAT-0-0,93.69447999999936,95.84324154059962,1325,SAT-1-0,50.733817595471706,113.84324154059962,1325,right,0.001721848285425877,1496000,1523.979320033917
SAT-0-0,93.81973999999936,96.04048797008974,1325,SAT-19-0,50.72375758223988,78.04048797008973,1325,left,0.0017211150023782264,1498000,1524.306610395302
SAT-0-0,93.81973999999936,96.04048797008974,1325,SAT-1-0,50.72375758223988,114.04048797008974,1325,right,0.0017211150022492143,1498000,1524.3066103953006
SAT-0-0,94.07025999999935,96.43471986747785,1325,SAT-19-0,50.70263996097779,78.43471986747784,1325,left,0.0017195769628045796,1502000,1524.9934937891062
SAT-0-0,94.07025999999935,96.43471986747785,1325,SAT-1-0,50.70263996097779,114.43471986747785,1325,right,0.0017195769626754522,1502000,1524.993493789105
SAT-0-0,94.19551999999935,96.63169989180379,1325,SAT-19-0,50.69158290234152,78.63169989180379,1325,left,0.0017187723650408339,1504000,1525.3530591496003
SAT-0-0,94.19551999999935,96.63169989180379,1325,SAT-1-0,50.69158290234152,114.63169989180379,1325,right,0.001718772364911646,1504000,1525.3530591495992
SAT-0-0,94.44603999999934,97.02537455309984,1325,SAT-19-0,50.66847372498694,79.02537455309984,1325,left,0.0017170924276633502,1508000,1526.104364859355
SAT-0-0,94.44603999999934,97.02537455309984,1325,SAT-1-0,50.66847372498694,115.02537455309984,1325,right,0.0017170924276633502,1508000,1526.1043648593536
SAT-0-0,94.57129999999934,97.22206380384932,1325,SAT-19-0,50.65642220546686,79.22206380384932,1325,left,0.0017162172606797633,1510000,1526.496075016714
SAT-0-0,94.57129999999934,97.22206380384932,1325,SAT-1-0,50.65642220546686,115.22206380384932,1325,right,0.0017162172606797633,1510000,1526.4960750167133
SAT-0-0,94.82181999999933,97.61513275617489,1325,SAT-19-0,50.63132686435637,79.61513275617492,1325,left,0.0017143969783442413,1514000,1527.31153133585
SAT-0-0,94.82181999999933,97.61513275617489,1325,SAT-1-0,50.63132686435637,115.61513275617489,1325,right,0.0017143969783442413,1514000,1527.3115313358487
SAT-0-0,94.94707999999935,97.8115071335425,1325,SAT-19-0,50.61828369109735,79.81150713354253,1325,left,0.0017134520488977976,1516000,1527.7352448165504
SAT-0-0,94.94707999999935,97.8115071335425,1325,SAT-1-0,50.61828369109735,115.8115071335425,1325,right,0.0017134520488977976,1516000,1527.7352448165484
SAT-0-0,95.19759999999934,98.20392246203687,1325,SAT-19-0,50.591208020732545,80.20392246203687,1325,left,0.0017114930945863597,1520000,1528.6145576374695
SAT-0-0,95.19759999999934,98.20392246203687,1325,SAT-1-0,50.591208020732545,116.20392246203687,1325,right,0.0017114930947809658,1520000,1528.614557637468
SAT-0-0,95.32285999999934,98.39995815549028,1325,SAT-19-0,50.57717622036978,80.39995815549027,1325,left,0.0017104792687808966,1522000,1529.0701218405661
SAT-0-0,95.32285999999934,98.39995815549028,1325,SAT-1-0,50.57717622036978,116.39995815549027,1325,right,0.0017104792687808966,1522000,1529.0701218405648
SAT-0-0,95.57337999999933,98.7916725440115,1325,SAT-19-0,50.5481264909245,80.79167254401149,1325,left,0.0017083834324459553,1526000,1530.0129749527518
SAT-0-0,95.57337999999933,98.7916725440115,1325,SAT-1-0,50.5481264909245,116.79167254401149,1325,right,0.0017083834325759288,1526000,1530.0129749527507
SAT-0-0,95.69863999999933,98.9873460523176,1325,SAT-19-0,50.53310930622646,80.98734605231762,1325,left,0.001707301633636945,1528000,1530.5002263040508
SAT-0-0,95.69863999999933,98.9873460523176,1325,SAT-1-0,50.53310930622646,116.98734605231762,1325,right,0.0017073016337019729,1528000,1530.5002263040494
SAT-0-0,95.94915999999932,99.3783128228251,1325,SAT-19-0,50.50209221661636,81.37831282282508,1325,left,0.0017050708183440973,1532000,1531.5062817124199
SAT-0-0,95.94915999999932,99.3783128228251,1325,SAT-1-0,50.50209221661636,117.37831282282508,1325,right,0.0017050708183440973,1532000,1531.506281712418
SAT-0-0,96.07441999999932,99.57360097339809,1325,SAT-19-0,50.486093102913344,81.57360097339807,1325,left,0.0017039220253727378,1534000,1532.0250458285727
SAT-0-0,96.07441999999932,99.57360097339809,1325,SAT-1-0,50.486093102913344,117.57360097339807,1325,right,0.0017039220253727378,1534000,1532.0250458285711
SAT-0-0,96.32493999999932,99.96377412394267,1325,SAT-19-0,50.45311577344538,81.96377412394266,1325,left,0.0017015582427940947,1538000,1533.0939440912844
SAT-0-0,96.32493999999932,99.96377412394267,1325,SAT-1-0,50.45311577344538,117.96377412394266,1325,right,0.0017015582427940947,1538000,1533.0939440912825
SAT-0-0,96.45019999999933,100.15865409147852,1325,SAT-19-0,50.43613839485255,82.15865409147855,1325,left,0.0017003434880891457,1540000,1533.6440359534115
SAT-0-0,96.45019999999933,100.15865409147852,1325,SAT-1-0,50.43613839485255,118.15865409147852,1325,right,0.0017003434880891457,1540000,1533.6440359534097
SAT-0-0,96.70071999999932,100.54798833273212,1325,SAT-19-0,50.40120835947301,82.54798833273212,1325,left,0.0016978488541059325,1544000,1534.7753965383172
SAT-0-0,96.70071999999932,100.54798833273212,1325,SAT-1-0,50.40120835947301,118.54798833273212,1325,right,0.0016978488541059325,1544000,1534.775396538316
SAT-0-0,96.82597999999932,100.74243765709683,1325,SAT-19-0,50.38325658491754,82.74243765709683,1325,left,0.0016965692208582843,1546000,1535.3566206747403
SAT-0-0,96.82597999999932,100.74243765709683,1325,SAT-1-0,50.38325658491754,118.74243765709683,1325,right,0.0016965692208582843,1546000,1535.3566206747387
SAT-0-0,97.07649999999931,101.13088844735907,1325,SAT-19-0,50.34638178307792,83.13088844735908,1325,left,0.0016939459517140544,1550000,1536.5500423336227
SAT-0-0,97.07649999999931,101.13088844735907,1325,SAT-1-0,50.34638178307792,119.13088844735908,1325,right,0.0016939459517140544,1550000,1536.5500423336211
SAT-0-0,97.20175999999931,101.32488505070087,1325,SAT-19-0,50.32745968213994,83.32488505070086,1325,left,0.0016926025720702777,1552000,1537.162193011269
SAT-0-0,97.20175999999931,101.32488505070087,1325,SAT-1-0,50.32745968213994,119.32488505070086,1325,right,0.0016926025722670559,1552000,1537.162193011268
SAT-0-0,97.4522799999993,101.71240862932642,1325,SAT-19-0,50.28864845030069,83.71240862932642,1325,left,0.0016898529790308175,1556000,1538.4172541709763
SAT-0-0,97.4522799999993,101.71240862932642,1325,SAT-1-0,50.28864845030069,119.71240862932642,1325,right,0.0016898529788994187,1556000,1538.4172541709756
SAT-0-0,97.5775399999993,101.90593083238521,1325,SAT-19-0,50.268760288878326,83.90593083238521,1325,left,0.0016884470317981906,1558000,1539.0601155950098
SAT-0-0,97.5775399999993,101.90593083238521,1325,SAT-1-0,50.268760288878326,119.90593083238521,1325,right,0.001688447031929699,1558000,1539.0601155950076
SAT-0-0,97.82805999999931,102.29248425158121,1325,SAT-19-0,50.228021351671,84.29248425158121,1325,left,0.0016855735163836519,1562000,1540.3763747645753
SAT-0-0,97.82805999999931,102.29248425158121,1325,SAT-1-0,50.228021351671,120.29248425158121,1325,right,0.0016855735165153844,1562000,1540.3763747645744
SAT-0-0,97.95331999999931,102.48551078917151,1325,SAT-19-0,50.20717158747997,84.48551078917154,1325,left,0.0016841062242310652,1564000,1541.049721285782
SAT-0-0,97.95331999999931,102.48551078917151,1325,SAT-1-0,50.20717158747997,120.48551078917151,1325,right,0.001684106224428836,1564000,1541.0497212857808
SAT-0-0,98.2038399999993,102.87105194412048,1325,SAT-19-0,50.16451404854928,84.87105194412051,1325,left,0.0016811112740103141,1568000,1542.4267174785948
SAT-0-0,98.2038399999993,102.87105194412048,1325,SAT-1-0,50.16451404854928,120.87105194412048,1325,right,0.0016811112741423962,1568000,1542.426717478593
SAT-0-0,98.3290999999993,103.06356197976729,1325,SAT-19-0,50.142707326467615,85.06356197976729,1325,left,0.001679583901205758,1570000,1543.1303138080564
SAT-0-0,98.3290999999993,103.06356197976729,1325,SAT-1-0,50.142707326467615,121.06356197976729,1325,right,0.0016795839010735557,1570000,1543.130313808056
SAT-0-0,98.5796199999993,103.44804963703774,1325,SAT-19-0,50.09814065901458,85.44804963703776,1325,left,0.0016764700838947124,1574000,1544.5675669781135
SAT-0-0,98.5796199999993,103.44804963703774,1325,SAT-1-0,50.09814065901458,121.44804963703774,1325,right,0.0016764700840271602,1574000,1544.5675669781122
SAT-0-0,98.70487999999929,103.64002277674761,1325,SAT-19-0,50.07538180628364,85.64002277674764,1325,left,0.001674883933318367,1576000,1545.3011684086841
SAT-0-0,98.70487999999929,103.64002277674761,1325,SAT-1-0,50.07538180628364,121.64002277674761,1325,right,0.001674883933318367,1576000,1545.301168408683
SAT-0-0,98.9553999999993,104.02341660095996,1325,SAT-19-0,50.02891584333226,86.02341660095996,1325,left,0.001671653892519144,1580000,1546.7981798999608
SAT-0-0,98.9553999999993,104.02341660095996,1325,SAT-1-0,50.02891584333226,122.02341660095996,1325,right,0.001671653892519144,1580000,1546.7981798999597
SAT-0-0,99.0806599999993,104.21483290611312,1325,SAT-19-0,50.005209864624746,86.21483290611312,1325,left,0.0016700103039260022,1582000,1547.561532534048
SAT-0-0,99.0806599999993,104.21483290611312,1325,SAT-1-0,50.005209864624746,122.21483290611312,1325,right,0.0016700103037930421,1582000,1547.5615325340468
SAT-0-0,99.33117999999929,104.59709348483506,1325,SAT-19-0,49.95685478903423,86.59709348483504,1325,left,0.0016666667531918104,1586000,1549.1177855419915
SAT-0-0,99.33117999999929,104.59709348483506,1325,SAT-1-0,49.95685478903423,122.59709348483504,1325,right,0.0016666667531918104,1586000,1549.11778554199
SAT-0-0,99.45643999999929,104.78793348418637,1325,SAT-19-0,49.932206861400914,86.78793348418637,1325,left,0.0016649670998027135,1588000,1549.9106265251562
SAT-0-0,99.45643999999929,104.78793348418637,1325,SAT-1-0,49.932206861400914,122.78793348418637,1325,right,0.0016649670996026693,1588000,1549.9106265251546
SAT-0-0,99.70695999999928,105.16902235103815,1325,SAT-19-0,49.8819731956459,87.16902235103815,1325,left,0.0016615128175808739,1592000,1551.525586569305
SAT-0-0,99.70695999999928,105.16902235103815,1325,SAT-1-0,49.8819731956459,123.16902235103815,1325,right,0.0016615128175808739,1592000,1551.5255865693034
SAT-0-0,99.83221999999928,105.35926705181974,1325,SAT-19-0,49.85638866335171,87.35926705181977,1325,left,0.0016597585043068084,1594000,1552.3476443291709
SAT-0-0,99.83221999999928,105.35926705181974,1325,SAT-1-0,49.85638866335171,123.35926705181974,1325,right,0.0016597585043068084,1594000,1552.3476443291702
SAT-0-0,100.08273999999928,105.73914670777513,1325,SAT-19-0,49.804287259093236,87.73914670777516,1325,left,0.0016561963292270412,1598000,1554.0207597359024
SAT-0-0,100.08273999999928,105.73914670777513,1325,SAT-1-0,49.804287259093236,123.73914670777513,1325,right,0.0016561963292270412,1598000,1554.0207597359
SAT-0-0,100.20799999999927,105.92877760589421,1325,SAT-19-0,49.77777162835453,87.92877760589424,1325,left,0.0016543887891283832,1600000,1554.871754225882
SAT-0-0,100.20799999999927,105.92877760589421,1325,SAT-1-0,49.77777162835453,123.92877760589421,1325,right,0.0016543887891283832,1600000,1554.8717542258803
SAT-0-0,100.45851999999927,106.30741153876984,1325,SAT-19-0,49.72381365582411,88.30741153876986,1325,left,0.0016507216139426237,1604000,1556.6024566202764
SAT-0-0,100.45851999999927,106.30741153876984,1325,SAT-1-0,49.72381365582411,124.30741153876986,1325,right,0.0016507216140098807,1604000,1556.602456620275
SAT-0-0,100.58377999999928,106.4964106280997,1325,SAT-19-0,49.69637258945808,88.4964106280997,1325,left,0.0016488623059075708,1606000,1557.4820995676016
SAT-0-0,100.58377999999928,106.4964106280997,1325,SAT-1-0,49.69637258945808,124.4964106280997,1325,right,0.0016488623060422363,1606000,1557.4820995676005
SAT-0-0,100.83429999999927,106.87376333023023,1325,SAT-19-0,49.640569526677616,88.87376333023023,1325,left,0.001645093072737272,1610000,1559.2698043734324
SAT-0-0,100.83429999999927,106.87376333023023,1325,SAT-1-0,49.640569526677616,124.87376333023023,1325,right,0.0016450930728722458,1610000,1559.2698043734313
SAT-0-0,100.95955999999927,107.0621131109949,1325,SAT-19-0,49.61220883867522,89.06211311099489,1325,left,0.0016431834794522154,1612000,1560.1777995309978
SAT-0-0,100.95955999999927,107.0621131109949,1325,SAT-1-0,49.61220883867522,125.06211311099489,1325,right,0.001643183479519781,1612000,1560.1777995309963
SAT-0-0,101.21007999999927,107.43815009509785,1325,SAT-19-0,49.554572460534985,89.43815009509787,1325,left,0.0016393151745968595,1616000,1562.0219064778375
SAT-0-0,101.21007999999927,107.43815009509785,1325,SAT-1-0,49.554572460534985,125.43815009509787,1325,right,0.0016393151745968595,1616000,1562.0219064778357
SAT-0-0,101.33533999999926,107.62583358135335,1325,SAT-19-0,49.52529811056851,89.62583358135335,1325,left,0.001637356798909172,1618000,1562.9579498793562
SAT-0-0,101.33533999999926,107.62583358135335,1325,SAT-1-0,49.52529811056851,125.62583358135335,1325,right,0.0016373567989769779,1618000,1562.957949879355
SAT-0-0,101.58585999999926,108.00052139459258,1325,SAT-19-0,49.46584047778544,90.0005213945926,1325,left,0.0016333924469157954,1622000,1564.8578435158179
SAT-0-0,101.58585999999926,108.00052139459258,1325,SAT-1-0,49.46584047778544,126.0005213945926,1325,right,0.0016333924467798547,1622000,1564.857843515817
SAT-0-0,101.71111999999926,108.18752212081056,1325,SAT-19-0,49.435658565661676,90.18752212081056,1325,left,0.00163138681015135,1624000,1565.8216237337988
SAT-0-0,101.71111999999926,108.18752212081056,1325,SAT-1-0,49.435658565661676,126.18752212081056,1325,right,0.00163138681015135,1624000,1565.8216237337977
SAT-0-0,101.96163999999926,108.5608283570723,1325,SAT-19-0,49.37439201364,90.56082835707231,1325,left,0.001627329469368497,1628000,1567.7766739459362
SAT-0-0,101.96163999999926,108.5608283570723,1325,SAT-1-0,49.37439201364,126.56082835707231,1325,right,0.0016273294692320498,1628000,1567.776673945935
SAT-0-0,102.08689999999926,108.74713038383469,1325,SAT-19-0,49.343308773709964,90.74713038383469,1325,left,0.0016252781082283128,1630000,1568.7678723519964
SAT-0-0,102.08689999999926,108.74713038383469,1325,SAT-1-0,49.343308773709964,126.74713038383469,1325,right,0.0016252781083649324,1630000,1568.7678723519946
SAT-0-0,102.33741999999926,109.11902369423557,1325,SAT-19-0,49.28024590132542,91.11902369423557,1325,left,0.0016211308655359085,1634000,1570.7774348858945
SAT-0-0,102.33741999999926,109.11902369423557,1325,SAT-1-0,49.28024590132542,127.11902369423557,1325,right,0.0016211308655359085,1634000,1570.7774348858934
SAT-0-0,102.46267999999925,109.30461161305065,1325,SAT-19-0,49.248267696861355,91.30461161305065,1325,left,0.0016190353295197158,1636000,1571.7957259129355
SAT-0-0,102.46267999999925,109.30461161305065,1325,SAT-1-0,49.248267696861355,127.30461161305065,1325,right,0.0016190353295197158,1636000,1571.7957259129332
SAT-0-0,102.71319999999925,109.6750617147018,1325,SAT-19-0,49.183421355190404,91.67506171470181,1325,left,0.0016148012948905973,1640000,1573.8591429005508
SAT-0-0,102.71319999999925,109.6750617147018,1325,SAT-1-0,49.183421355190404,127.67506171470181,1325,right,0.001614801295165609,1640000,1573.8591429005498
SAT-0-0,102.83845999999924,109.85992065195522,1325,SAT-19-0,49.150554672740284,91.8599206519552,1325,left,0.0016126631442534166,1642000,1574.904194306321
SAT-0-0,102.83845999999924,109.85992065195522,1325,SAT-1-0,49.150554672740284,127.8599206519552,1325,right,0.0016126631441157283,1642000,1574.9041943063198
SAT-0-0,103.08897999999925,110.22889833501024,1325,SAT-19-0,49.08393795375499,92.22889833501024,1325,left,0.001608345446719092,1646000,1577.0207947936492
SAT-0-0,103.08897999999925,110.22889833501024,1325,SAT-1-0,49.08393795375499,128.22889833501026,1325,right,0.0016083454465810343,1646000,1577.020794793648
SAT-0-0,103.21423999999925,110.41301395506584,1325,SAT-19-0,49.05018939748498,92.41301395506585,1325,left,0.0016061662491043303,1648000,1578.092267925245
SAT-0-0,103.21423999999925,110.41301395506584,1325,SAT-1-0,49.05018939748498,128.41301395506585,1325,right,0.0016061662489660852,1648000,1578.092267925244
SAT-0-0,103.46475999999925,110.78049108808597,1325,SAT-19-0,48.98181562273346,92.78049108808595,1325,left,0.0016017680304749125,1652000,1580.2613684019022
SAT-0-0,103.46475999999925,110.78049108808597,1325,SAT-1-0,48.98181562273346,128.78049108808597,1325,right,0.0016017680304749125,1652000,1580.2613684019022
SAT-0-0,103.59001999999924,110.96384959555401,1325,SAT-19-0,48.94719190876821,92.96384959555402,1325,left,0.0015995493597909436,1654000,1581.3589184607554
SAT-0-0,103.59001999999924,110.96384959555401,1325,SAT-1-0,48.94719190876821,128.96384959555402,1325,right,0.0015995493596521265,1654000,1581.358918460753
SAT-0-0,103.84053999999924,111.3297991292267,1325,SAT-19-0,48.877074618060476,93.32979912922669,1325,left,0.0015950737714928124,1658000,1583.5798233901091
SAT-0-0,103.84053999999924,111.3297991292267,1325,SAT-1-0,48.877074618060476,129.3297991292267,1325,right,0.001595073771632019,1658000,1583.579823390108
SAT-0-0,103.96579999999923,111.51238727041866,1325,SAT-19-0,48.84158256883079,93.51238727041863,1325,left,0.0015928172047002035,1660000,1584.7030996970293
SAT-0-0,103.96579999999923,111.51238727041866,1325,SAT-1-0,48.84158256883079,129.51238727041866,1325,right,0.0015928172046305016,1660000,1584.7030996970282
SAT-0-0,104.21631999999923,111.87678323966963,1325,SAT-19-0,48.7697355089488,93.87678323966965,1325,left,0.0015882674019321347,1664000,1586.975102046015
SAT-0-0,104.21631999999923,111.87678323966963,1325,SAT-1-0,48.7697355089488,129.87678323966963,1325,right,0.0015882674020719378,1664000,1586.975102046014
SAT-0-0,104.34157999999923,112.05858830326038,1325,SAT-19-0,48.733382047556006,94.05858830326041,1325,left,0.0015859745166181428,1666000,1588.1237483058762
SAT-0-0,104.34157999999923,112.05858830326038,1325,SAT-1-0,48.733382047556006,130.0585883032604,1325,right,0.0015859745167581482,1666000,1588.123748305875
SAT-0-0,104.59209999999923,112.421405827803,1325,SAT-19-0,48.659819161006375,94.42140582780299,1325,left,0.0015813536545178412,1670000,1590.4461300736818
SAT-0-0,104.59209999999923,112.421405827803,1325,SAT-1-0,48.659819161006375,130.421405827803,1325,right,0.0015813536545880484,1670000,1590.446130073681
SAT-0-0,104.71735999999923,112.60241564472315,1325,SAT-19-0,48.62261130561253,94.60241564472314,1325,left,0.001579026027770224,1672000,1591.6197846393347
SAT-0-0,104.71735999999923,112.60241564472315,1325,SAT-1-0,48.62261130561253,130.60241564472315,1325,right,0.001579026027770224,1672000,1591.619784639333
SAT-0-0,104.96787999999923,112.96363092809129,1325,SAT-19-0,48.54734671943914,94.9636309280913,1325,left,0.0015743372566842185,1676000,1593.991817384161
SAT-0-0,104.96787999999923,112.96363092809129,1325,SAT-1-0,48.54734671943914,130.9636309280913,1325,right,0.0015743372566842185,1676000,1593.9918173841597
SAT-0-0,105.09313999999922,113.1438338706733,1325,SAT-19-0,48.509291577691506,95.14383387067328,1325,left,0.001571976461412081,1678000,1595.1901135191906
SAT-0-0,105.09313999999922,113.1438338706733,1325,SAT-1-0,48.509291577691506,131.14383387067332,1325,right,0.001571976461412081,1678000,1595.1901135191902
SAT-0-0,105.34365999999922,113.50342419778755,1325,SAT-19-0,48.432339592365345,95.50342419778757,1325,left,0.0015672229229999207,1682000,1597.611058882321
SAT-0-0,105.34365999999922,113.50342419778755,1325,SAT-1-0,48.432339592365345,131.50342419778755,1325,right,0.001567222923070761,1682000,1597.6110588823205
SAT-0-0,105.46891999999922,113.68280917819138,1325,SAT-19-0,48.39344435586338,95.6828091781914,1325,left,0.0015648305273740519,1684000,1598.8336250222817
SAT-0-0,105.46891999999922,113.68280917819138,1325,SAT-1-0,48.39344435586338,131.68280917819138,1325,right,0.0015648305273740519,1684000,1598.8336250222812
SAT-0-0,105.71943999999921,114.04075291150966,1325,SAT-19-0,48.31481943426535,96.04075291150967,1325,left,0.001560015350294908,1688000,1601.3027352487363
SAT-0-0,105.71943999999921,114.04075291150966,1325,SAT-1-0,48.31481943426535,132.04075291150968,1325,right,0.001560015350152573,1688000,1601.3027352487347
SAT-0-0,105.84469999999922,114.21930937945389,1325,SAT-19-0,48.27509137307829,96.21930937945388,1325,left,0.0015575929146925123,1690000,1602.5491952604946
SAT-0-0,105.84469999999922,114.21930937945389,1325,SAT-1-0,48.27509137307829,132.21930937945388,1325,right,0.001557592914621234,1690000,1602.549195260493
SAT-0-0,106.09521999999922,114.57558595376092,1325,SAT-19-0,48.19480812959045,96.57558595376095,1325,left,0.0015527192108505182,1694000,1605.0657137155697
SAT-0-0,106.09521999999922,114.57558595376092,1325,SAT-1-0,48.19480812959045,132.5755859537609,1325,right,0.0015527192108505182,1694000,1605.0657137155683
SAT-0-0,106.22047999999921,114.75330389358712,1325,SAT-19-0,48.1542545868326,96.75330389358712,1325,left,0.0015502682863836425,1696000,1606.3356871544236
SAT-0-0,106.22047999999921,114.75330389358712,1325,SAT-1-0,48.1542545868326,132.75330389358712,1325,right,0.0015502682863836425,1696000,1606.3356871544224
SAT-0-0,106.47099999999921,115.10789380947799,1325,SAT-19-0,48.07232777655239,97.10789380947799,1325,left,0.0015453391474632818,1700000,1608.8988488354635
SAT-0-0,106.47099999999921,115.10789380947799,1325,SAT-1-0,48.07232777655239,133.10789380947799,1325,right,0.0015453391474632818,1700000,1608.8988488354626
SAT-0-0,106.5962599999992,115.28476373657645,1325,SAT-19-0,48.03095616302353,97.28476373657645,1325,left,0.0015428612740501593,1702000,1610.1919511997255
SAT-0-0,106.5962599999992,115.28476373657645,1325,SAT-1-0,48.03095616302353,133.28476373657645,1325,right,0.0015428612739062418,1702000,1610.1919511997241
SAT-0-0,106.8467799999992,115.63764855269187,1325,SAT-19-0,47.9474006711146,97.63764855269186,1325,left,0.001537879767336365,1706000,1612.8009832424873
SAT-0-0,106.8467799999992,115.63764855269187,1325,SAT-1-0,47.9474006711146,133.63764855269187,1325,right,0.001537879767336365,1706000,1612.8009832424857
SAT-0-0,106.9720399999992,115.81366150931764,1325,SAT-19-0,47.905218460011874,97.81366150931761,1325,left,0.001535376472167344,1708000,1614.1168262252045
SAT-0-0,106.9720399999992,115.81366150931764,1325,SAT-1-0,47.905218460011874,133.81366150931763,1325,right,0.001535376472022725,1708000,1614.1168262252033
SAT-0-0,107.22255999999922,116.1648238333893,1325,SAT-19-0,47.82004929120452,98.1648238333893,1325,left,0.0015303456377302245,1712000,1616.7709484042384
SAT-0-0,107.22255999999922,116.1648238333893,1325,SAT-1-0,47.82004929120452,134.1648238333893,1325,right,0.0015303456376576773,1712000,1616.770948404237
SAT-0-0,107.34781999999922,116.33997138389786,1325,SAT-19-0,47.777064012912305,98.33997138389783,1325,left,0.0015278184330519444,1714000,1618.1091401417905
SAT-0-0,107.34781999999922,116.33997138389786,1325,SAT-1-0,47.777064012912305,134.33997138389788,1325,right,0.001527818432979277,1714000,1618.1091401417884
SAT-0-0,107.59833999999921,116.68939486266298,1325,SAT-19-0,47.690296281165416,98.68939486266292,1325,left,0.0015227412801502513,1718000,1620.8075653642788
SAT-0-0,107.59833999999921,116.68939486266298,1325,SAT-1-0,47.690296281165416,134.689394862663,1325,right,0.0015227412801502513,1718000,1620.807565364277
SAT-0-0,107.72359999999921,116.8636690881961,1325,SAT-19-0,47.64651551812873,98.8636690881961,1325,left,0.0015201916626818948,1720000,1622.1677106815598
SAT-0-0,107.72359999999921,116.8636690881961,1325,SAT-1-0,47.64651551812873,134.8636690881961,1325,right,0.001520191662608863,1720000,1622.167710681559
SAT-0-0,107.97411999999922,117.21133839624227,1325,SAT-19-0,47.55816443646467,99.2113383962423,1325,left,0.001515071167049683,1724000,1624.9096454740984
SAT-0-0,107.97411999999922,117.21133839624227,1325,SAT-1-0,47.55816443646467,135.21133839624227,1325,right,0.0015150711669031256,1724000,1624.9096454740966
SAT-0-0,108.09937999999921,117.38473188889354,1325,SAT-19-0,47.51359581815166,99.38473188889351,1325,left,0.001512500615341282,1726000,1626.2913461260587
SAT-0-0,108.09937999999921,117.38473188889354,1325,SAT-1-0,47.51359581815166,135.38473188889355,1325,right,0.0015125006154880882,1726000,1626.2913461260575
SAT-0-0,108.34989999999921,117.73063271649339,1325,SAT-19-0,47.42367668867431,99.73063271649339,1325,left,0.0015073397161288204,1730000,1629.0759911138887
SAT-0-0,108.34989999999921,117.73063271649339,1325,SAT-1-0,47.42367668867431,135.73063271649337,1325,right,0.0015073397159815114,1730000,1629.0759911138873
SAT-0-0,108.4751599999992,117.90313857298439,1325,SAT-19-0,47.378327886632924,99.90313857298445,1325,left,0.0015047496903692835,1732000,1630.478846023185
SAT-0-0,108.4751599999992,117.90313857298439,1325,SAT-1-0,47.378327886632924,135.9031385729844,1325,right,0.0015047496902955023,1732000,1630.4788460231841
SAT-0-0,108.7256799999992,118.24725761298218,1325,SAT-19-0,47.286856090738475,100.24725761298218,1325,left,0.0014995512867356027,1736000,1633.3053964014482
SAT-0-0,108.7256799999992,118.24725761298218,1325,SAT-1-0,47.286856090738475,136.2472576129822,1325,right,0.0014995512868836768,1736000,1633.305396401447
SAT-0-0,108.8509399999992,118.4188694278793,1325,SAT-19-0,47.240734813751594,100.4188694278793,1325,left,0.0014969432267889153,1738000,1634.7290018919982
SAT-0-0,108.8509399999992,118.4188694278793,1325,SAT-1-0,47.240734813751594,136.41886942787932,1325,right,0.0014969432267889153,1738000,1634.7290018919966
SAT-0-0,109.10145999999921,118.76119436168922,1325,SAT-19-0,47.14772580254097,100.76119436168925,1325,left,0.0014917101772549085,1742000,1637.5966478885935
SAT-0-0,109.10145999999921,118.76119436168922,1325,SAT-1-0,47.14772580254097,136.76119436168923,1325,right,0.0014917101773293346,1742000,1637.596647888592
SAT-0-0,109.2267199999992,118.93190622019213,1325,SAT-19-0,47.100839791884546,100.93190622019213,1325,left,0.0014890855008847337,1744000,1639.0405979148366
SAT-0-0,109.2267199999992,118.93190622019213,1325,SAT-1-0,47.100839791884546,136.93190622019213,1325,right,0.0014890855008847337,1744000,1639.040597914834
SAT-0-0,109.4772399999992,119.27242570296958,1325,SAT-19-0,47.00630907678522,101.27242570296961,1325,left,0.0014838206195609853,1748000,1641.9485252445077
SAT-0-0,109.4772399999992,119.27242570296958,1325,SAT-1-0,47.00630907678522,137.2724257029696,1325,right,0.0014838206194113415,1748000,1641.948525244506
SAT-0-0,109.6024999999992,119.4422321733008,1325,SAT-19-0,46.958666101592826,101.44223217330081,1325,left,0.0014811807222694416,1750000,1643.4124116161922
SAT-0-0,109.6024999999992,119.4422321733008,1325,SAT-1-0,46.958666101592826,137.4422321733008,1325,right,0.001481180722119531,1750000,1643.412411616191
SAT-0-0,109.85301999999919,119.78093581834703,1325,SAT-19-0,46.86262924519735,101.78093581834699,1325,left,0.001475886776519962,1754000,1646.3598019255085
SAT-0-0,109.85301999999919,119.78093581834703,1325,SAT-1-0,46.86262924519735,137.78093581834705,1325,right,0.0014758867766704103,1754000,1646.3598019255069
SAT-0-0,109.97827999999919,119.9498319437732,1325,SAT-19-0,46.814237097934736,101.94983194377315,1325,left,0.00147323303034634,1756000,1647.8432145278525
SAT-0-0,109.97827999999919,119.9498319437732,1325,SAT-1-0,46.814237097934736,137.9498319437732,1325,right,0.0014732330304216997,1756000,1647.8432145278518
SAT-0-0,110.22879999999918,120.2867103062321,1325,SAT-19-0,46.7167097050622,102.28671030623212,1325,left,0.0014679127398629776,1760000,1650.8292458307742
SAT-0-0,110.22879999999918,120.2867103062321,1325,SAT-1-0,46.7167097050622,138.2867103062321,1325,right,0.0014679127398629776,1760000,1650.829245830772
SAT-0-0,110.35405999999921,120.4546915967465,1325,SAT-19-0,46.667576197114904,102.4546915967465,1325,left,0.0014652464920203226,1762000,1652.3317728398436
SAT-0-0,110.35405999999921,120.4546915967465,1325,SAT-1-0,46.667576197114904,138.4546915967465,1325,right,0.0014652464920203226,1762000,1652.3317728398422
SAT-0-0,110.6045799999992,120.78973615665305,1325,SAT-19-0,46.56857390610102,102.78973615665309,1325,left,0.0014599025262441235,1766000,1655.3556199436057
SAT-0-0,110.6045799999992,120.78973615665305,1325,SAT-1-0,46.56857390610102,138.78973615665305,1325,right,0.0014599025261680756,1766000,1655.3556199436039
SAT-0-0,110.72983999999923,120.95679858034784,1325,SAT-19-0,46.51870686347737,102.95679858034784,1325,left,0.0014572250988056986,1768000,1656.8768480367894
SAT-0-0,110.72983999999923,120.95679858034784,1325,SAT-1-0,46.51870686347737,138.95679858034785,1325,right,0.001457225098729511,1768000,1656.8768480367874
SAT-0-0,110.98035999999922,121.29000172508584,1325,SAT-19-0,46.41824533769805,103.29000172508587,1325,left,0.0014518600751656106,1772000,1659.937682957862
SAT-0-0,110.98035999999922,121.29000172508584,1325,SAT-1-0,46.41824533769805,139.29000172508586,1325,right,0.0014518600750126726,1772000,1659.9376829578603
SAT-0-0,111.10561999999925,121.45614169924369,1325,SAT-19-0,46.36765259685013,103.45614169924373,1325,left,0.0014491727636963072,1774000,1661.4771975193332
SAT-0-0,111.10561999999925,121.45614169924369,1325,SAT-1-0,46.36765259685013,139.4561416992437,1325,right,0.0014491727635430856,1774000,1661.477197519333
SAT-0-0,111.35613999999924,121.78749670546917,1325,SAT-19-0,46.26574751648259,103.7874967054692,1325,left,0.0014437892466954375,1778000,1664.5741898892516
SAT-0-0,111.35613999999924,121.78749670546917,1325,SAT-1-0,46.26574751648259,139.78749670546918,1325,right,0.0014437892466954375,1778000,1664.5741898892497
SAT-0-0,111.48139999999927,121.9527110874013,1325,SAT-19-0,46.21443692024687,103.9527110874013,1325,left,0.0014410933200286595,1780000,1666.1315752103196
SAT-0-0,111.48139999999927,121.9527110874013,1325,SAT-1-0,46.21443692024687,139.9527110874013,1325,right,0.0014410933200286595,1780000,1666.131575210318
SAT-0-0,111.73191999999926,122.2822121024873,1325,SAT-19-0,46.1111039742719,104.28221210248726,1325,left,0.0014356938199811195,1784000,1669.263892671204
SAT-0-0,111.73191999999926,122.2822121024873,1325,SAT-1-0,46.1111039742719,140.2822121024873,1325,right,0.0014356938198264594,1784000,1669.2638926712025
SAT-0-0,111.85717999999929,122.4464981801462,1325,SAT-19-0,46.05908336793114,104.44649818014622,1325,left,0.00143299051916914,1786000,1670.8387321454702
SAT-0-0,111.85717999999929,122.4464981801462,1325,SAT-1-0,46.05908336793114,140.4464981801462,1325,right,0.001432990519014188,1786000,1670.8387321454677
SAT-0-0,112.10769999999928,122.77414020320288,1325,SAT-19-0,45.95433824637913,104.77414020320288,1325,left,0.0014275774900313737,1790000,1674.0055407351008
SAT-0-0,112.10769999999928,122.77414020320288,1325,SAT-1-0,45.95433824637913,140.77414020320288,1325,right,0.0014275774900313737,1790000,1674.0055407350999
SAT-0-0,112.23295999999928,122.93749568559547,1325,SAT-19-0,45.901615473846775,104.93749568559547,1325,left,0.0014248680280762604,1792000,1675.5974170483546
SAT-0-0,112.23295999999928,122.93749568559547,1325,SAT-1-0,45.901615473846775,140.93749568559545,1325,right,0.0014248680282320956,1792000,1675.597417048353
SAT-0-0,112.48347999999929,123.26327454811785,1325,SAT-19-0,45.795473860289825,105.2632745481179,1325,left,0.001419443867709085,1796000,1678.797881574669
SAT-0-0,112.48347999999929,123.26327454811785,1325,SAT-1-0,45.795473860289825,141.26327454811786,1325,right,0.0014194438676308695,1796000,1678.7978815746676
SAT-0-0,112.60873999999929,123.4256975555459,1325,SAT-19-0,45.742056760417775,105.42569755554587,1325,left,0.001416729429090729,1798000,1680.406376889482
SAT-0-0,112.60873999999929,123.4256975555459,1325,SAT-1-0,45.742056760417775,141.4256975555459,1325,right,0.0014167294292474594,1798000,1680.4063768894819
SAT-0-0,112.85925999999928,123.74960990174057,1325,SAT-19-0,45.6345343247092,105.74960990174063,1325,left,0.001411296477486742,1802000,1683.63966129441
SAT-0-0,112.85925999999928,123.74960990174057,1325,SAT-1-0,45.6345343247092,141.74960990174057,1325,right,0.001411296477408075,1802000,1683.6396612944081
SAT-0-0,112.98451999999928,123.91109895589244,1325,SAT-19-0,45.58043072771973,105.91109895589244,1325,left,0.0014085782177943886,1804000,1685.2643574293757
SAT-0-0,112.98451999999928,123.91109895589244,1325,SAT-1-0,45.58043072771973,141.91109895589244,1325,right,0.0014085782177943886,1804000,1685.2643574293757
SAT-0-0,113.23503999999927,124.23314222273217,1325,SAT-19-0,45.47154311898201,106.23314222273217,1325,left,0.0014031387564414485,1808000,1688.5296251419486
SAT-0-0,113.23503999999927,124.23314222273217,1325,SAT-1-0,45.47154311898201,142.23314222273217,1325,right,0.001403138756520573,1808000,1688.5296251419468
SAT-0-0,113.36029999999927,124.39369623665083,1325,SAT-19-0,45.41676084302389,106.39369623665078,1325,left,0.001400417801800063,1810000,1690.1701037455452
SAT-0-0,113.36029999999927,124.39369623665083,1325,SAT-1-0,45.41676084302389,142.39369623665084,1325,right,0.0014004178018793409,1810000,1690.1701037455448
SAT-0-0,113.61081999999926,124.71386863370473,1325,SAT-19-0,45.30652368288548,106.71386863370476,1325,left,0.001394974053592459,1814000,1693.4665180242416
SAT-0-0,113.61081999999926,124.71386863370473,1325,SAT-1-0,45.30652368288548,142.71386863370475,1325,right,0.0013949740536720464,1814000,1693.4665180242393
SAT-0-0,113.73607999999928,124.873486901655,1325,SAT-19-0,45.251070530714514,106.873486901655,1325,left,0.0013922515005975315,1816000,1695.1223607433092
SAT-0-0,113.73607999999928,124.873486901655,1325,SAT-1-0,45.251070530714514,142.873486901655,1325,right,0.0013922515006772743,1816000,1695.1223607433083
SAT-0-0,113.98659999999927,125.19178739073993,1325,SAT-19-0,45.13949940679517,107.19178739073992,1325,left,0.001386805629202517,1820000,1698.449085007615
SAT-0-0,113.98659999999927,125.19178739073993,1325,SAT-1-0,45.13949940679517,143.19178739073993,1325,right,0.0013868056293626294,1820000,1698.449085007613
SAT-0-0,114.11185999999927,125.35046957799749,1325,SAT-19-0,45.08338316257903,107.35046957799746,1325,left,0.0013840825445815632,1822000,1700.1198736504427
SAT-0-0,114.11185999999927,125.35046957799749,1325,SAT-1-0,45.08338316257903,143.35046957799747,1325,right,0.0013840825445815632,1822000,1700.119873650441
SAT-0-0,114.36237999999926,125.66689785269443,1325,SAT-19-0,44.97049362222317,107.66689785269449,1325,left,0.0013786366535657425,1826000,1703.476071801637
SAT-0-0,114.36237999999926,125.66689785269443,1325,SAT-1-0,44.97049362222317,143.66689785269443,1325,right,0.0013786366535657425,1826000,1703.4760718016357
SAT-0-0,114.48763999999926,125.82464398527796,1325,SAT-19-0,44.91372204846978,107.8246439852779,1325,left,0.001375914074203732,1828000,1705.1613884956644
SAT-0-0,114.48763999999926,125.82464398527796,1325,SAT-1-0,44.91372204846978,143.82464398527796,1325,right,0.0013759140741230421,1828000,1705.1613884956628
SAT-0-0,114.73815999999925,126.13920045035559,1325,SAT-19-0,44.79952959272665,108.13920045035553,1325,left,0.001370470207455288,1832000,1708.5462252268615
SAT-0-0,114.73815999999925,126.13920045035559,1325,SAT-1-0,44.79952959272665,144.1392004503556,1325,right,0.0013704702072932671,1832000,1708.5462252268603
SAT-0-0,114.86341999999928,126.29601090472265,1325,SAT-19-0,44.74211042733568,108.2960109047227,1325,left,0.0013677491403157485,1834000,1710.2456525710213
SAT-0-0,114.86341999999928,126.29601090472265,1325,SAT-1-0,44.74211042733568,144.29601090472266,1325,right,0.001367749140072234,1834000,1710.2456525710197
SAT-0-0,115.11393999999929,126.60869665550794,1325,SAT-19-0,44.62663050518466,108.60869665550788,1325,left,0.0013623092810478748,1838000,1713.6582936665063
SAT-0-0,115.11393999999929,126.60869665550794,1325,SAT-1-0,44.62663050518466,144.60869665550794,1325,right,0.001362309280966379,1838000,1713.658293666505
SAT-0-0,115.23919999999931,126.76457214823387,1325,SAT-19-0,44.568571458621236,108.76457214823381,1325,left,0.0013595907029036037,1840000,1715.371414878229
SAT-0-0,115.23919999999931,126.76457214823387,1325,SAT-1-0,44.568571458621236,144.76457214823387,1325,right,0.0013595907029036037,1840000,1715.371414878228
SAT-0-0,115.48971999999932,127.0753889499678,1325,SAT-19-0,44.45181946144045,109.07538894996779,1325,left,0.0013541567753674393,1844000,1718.8110275021688
SAT-0-0,115.48971999999932,127.0753889499678,1325,SAT-1-0,44.45181946144045,145.07538894996782,1325,right,0.0013541567754494256,1844000,1718.8110275021675
SAT-0-0,115.61497999999935,127.2303305274266,1325,SAT-19-0,44.39312821402976,109.23033052742666,1325,left,0.0013514416331628625,1846000,1720.5374265590942
SAT-0-0,115.61497999999935,127.2303305274266,1325,SAT-1-0,44.39312821402976,145.23033052742662,1325,right,0.0013514416330807114,1846000,1720.537426559093
SAT-0-0,115.8654999999994,127.53928079464163,1325,SAT-19-0,44.275119470305384,109.5392807946416,1325,left,0.0013460155009178726,1850000,1724.003179533695
SAT-0-0,115.8654999999994,127.53928079464163,1325,SAT-1-0,44.275119470305384,145.53928079464163,1325,right,0.0013460155009178726,1850000,1724.0031795336936
SAT-0-0,115.99075999999938,127.69328982270603,1325,SAT-19-0,44.21580366964711,109.69328982270609,1325,left,0.0013433047112949618,1852000,1725.7424413101346
SAT-0-0,115.99075999999938,127.69328982270603,1325,SAT-1-0,44.21580366964711,145.69328982270605,1325,right,0.0013433047113776105,1852000,1725.7424413101332
SAT-0-0,116.24127999999943,128.0003765986585,1325,SAT-19-0,44.096553439920925,110.00037659865849,1325,left,0.001337888178453859,1856000,1729.2335053833565
SAT-0-0,116.24127999999943,128.0003765986585,1325,SAT-1-0,44.096553439920925,146.0003765986585,1325,right,0.001337888178453859,1856000,1729.2335053833533
SAT-0-0,116.36653999999943,128.15345475243652,1325,SAT-19-0,44.03662069842187,110.15345475243647,1325,left,0.0013351826289121614,1858000,1730.9852157815565
SAT-0-0,116.36653999999943,128.15345475243652,1325,SAT-1-0,44.03662069842187,146.15345475243652,1325,right,0.001335182629078464,1858000,1730.985215781556
SAT-0-0,116.61705999999947,128.45868168862768,1325,SAT-19-0,43.916144170473565,110.45868168862765,1325,left,0.001329777440067802,1862000,1734.500763884495
SAT-0-0,116.61705999999947,128.45868168862768,1325,SAT-1-0,43.916144170473565,146.45868168862768,1325,right,0.0013297774399843125,1862000,1734.5007638844932
SAT-0-0,116.7423199999995,128.61083094225006,1325,SAT-19-0,43.855602062997015,110.61083094225003,1325,left,0.0013270779878057023,1864000,1736.2645099607703
SAT-0-0,116.7423199999995,128.61083094225006,1325,SAT-1-0,43.855602062997015,146.61083094225006,1325,right,0.0013270779878057023,1864000,1736.2645099607694
SAT-0-0,116.9928399999995,128.91420227806495,1325,SAT-19-0,43.73391434725816,110.914202278065,1325,left,0.0013216858281766511,1868000,1739.8037174548401
SAT-0-0,116.9928399999995,128.91420227806495,1325,SAT-1-0,43.73391434725816,146.91420227806495,1325,right,0.0013216858281766511,1868000,1739.8037174548372
SAT-0-0,117.11809999999953,129.06542489453975,1325,SAT-19-0,43.67277040888821,111.06542489453969,1325,left,0.0013189933015764581,1870000,1741.5790875406356
SAT-0-0,117.11809999999953,129.06542489453975,1325,SAT-1-0,43.67277040888821,147.06542489453975,1325,right,0.0013189933015764581,1870000,1741.5790875406349
SAT-0-0,117.36861999999954,129.36694543703314,1325,SAT-19-0,43.54988653408411,111.3669454370332,1325,left,0.001313615798155882,1874000,1745.1411324546905
SAT-0-0,117.36861999999954,129.36694543703314,1325,SAT-1-0,43.54988653408411,147.36694543703314,1325,right,0.001313615798155882,1874000,1745.1411324546893
SAT-0-0,117.49387999999956,129.51724395818005,1325,SAT-19-0,43.48814825800271,111.51724395818,1325,left,0.0013109309958540393,1876000,1746.9277162726617
SAT-0-0,117.49387999999956,129.51724395818005,1325,SAT-1-0,43.48814825800271,147.51724395818005,1325,right,0.0013109309960234188,1876000,1746.9277162726603
SAT-0-0,117.74439999999959,129.8169190620355,1325,SAT-19-0,43.364083167018315,111.8169190620355,1325,left,0.0013055697178963664,1880000,1750.5117795302197
SAT-0-0,117.74439999999959,129.8169190620355,1325,SAT-1-0,43.364083167018315,147.8169190620355,1325,right,0.001305569717641254,1880000,1750.5117795302174
SAT-0-0,117.8696599999996,129.9662962985134,1325,SAT-19-0,43.30175800249356,111.96629629851344,1325,left,0.0013028934098608133,1882000,1752.30916830539
SAT-0-0,117.8696599999996,129.9662962985134,1325,SAT-1-0,43.30175800249356,147.9662962985134,1325,right,0.0013028934098608133,1882000,1752.3091683053883
SAT-0-0,118.12017999999965,130.26413184620077,1325,SAT-19-0,43.17652654845904,112.26413184620078,1325,left,0.0012975498681772836,1886000,1755.9144339421077
SAT-0-0,118.12017999999965,130.26413184620077,1325,SAT-1-0,43.17652654845904,148.26413184620077,1325,right,0.0012975498680917205,1886000,1755.9144339421064
SAT-0-0,118.24543999999963,130.41259086764018,1325,SAT-19-0,43.1136218989421,112.41259086764015,1325,left,0.0012948827961266683,1888000,1757.7222205082107
SAT-0-0,118.24543999999963,130.41259086764018,1325,SAT-1-0,43.1136218989421,148.41259086764018,1325,right,0.0012948827961266683,1888000,1757.7222205082094
SAT-0-0,118.49595999999968,130.70859324979398,1325,SAT-19-0,42.98723884153405,112.70859324979392,1325,left,0.0012895584456181317,1892000,1761.3478758798071
SAT-0-0,118.49595999999968,130.70859324979398,1325,SAT-1-0,42.98723884153405,148.70859324979398,1325,right,0.0012895584457042252,1892000,1761.347875879805
SAT-0-0,118.62121999999971,130.85613737504568,1325,SAT-19-0,42.92376206286275,112.85613737504569,1325,left,0.0012869013225063715,1894000,1763.1656547808868
SAT-0-0,118.62121999999971,130.85613737504568,1325,SAT-1-0,42.92376206286275,148.85613737504568,1325,right,0.0012869013225926425,1894000,1763.165654780885
SAT-0-0,118.87173999999972,131.1503134710863,1325,SAT-19-0,42.79624206481616,113.15031347108628,1325,left,0.001281597561570263,1898000,1766.8108907616752
SAT-0-0,118.87173999999972,131.1503134710863,1325,SAT-1-0,42.79624206481616,149.1503134710863,1325,right,0.0012815975618301473,1898000,1766.8108907616734
SAT-0-0,118.99699999999974,131.29694625859574,1325,SAT-19-0,42.732200463523036,113.29694625859575,1325,left,0.0012789510731328934,1900000,1768.6382583490397
SAT-0-0,118.99699999999974,131.29694625859574,1325,SAT-1-0,42.732200463523036,149.29694625859574,1325,right,0.0012789510731328934,1900000,1768.6382583490388
SAT-0-0,119.24751999999975,131.58930341761243,1325,SAT-19-0,42.6035580873495,113.58930341761246,1325,left,0.001273669245055566,1904000,1772.3022695212808
SAT-0-0,119.24751999999975,131.58930341761243,1325,SAT-1-0,42.6035580873495,149.58930341761243,1325,right,0.0012736692448812312,1904000,1772.3022695212792
SAT-0-0,119.37277999999978,131.73502865593022,1325,SAT-19-0,42.53895891907146,113.73502865593025,1325,left,0.0012710340487884577,1906000,1774.13882404592
SAT-0-0,119.37277999999978,131.73502865593022,1325,SAT-1-0,42.53895891907146,149.73502865593022,1325,right,0.0012710340487884577,1906000,1774.1388240459185
SAT-0-0,119.62329999999979,132.02557467784388,1325,SAT-19-0,42.4092086239789,114.02557467784392,1325,left,0.0012657754424791005,1910000,1777.8208088801757
SAT-0-0,119.62329999999979,132.02557467784388,1325,SAT-1-0,42.4092086239789,150.02557467784388,1325,right,0.0012657754424791005,1910000,1777.820808880173
SAT-0-0,119.74855999999981,132.17039637628,1325,SAT-19-0,42.34405909196655,114.17039637627998,1325,left,0.00126315216948479,1912000,1779.6661505807203
SAT-0-0,119.74855999999981,132.17039637628,1325,SAT-1-0,42.34405909196655,150.17039637628,1325,right,0.0012631521696605762,1912000,1779.6661505807197
SAT-0-0,119.99907999999986,132.459139493302,1325,SAT-19-0,42.21321523097521,114.45913949330198,1325,left,0.0012579180201557623,1916000,1783.3653116074204
SAT-0-0,119.99907999999986,132.459139493302,1325,SAT-1-0,42.21321523097521,150.459139493302,1325,right,0.0012579180201557623,1916000,1783.3653116074183
SAT-0-0,120.12433999999985,132.60306187273204,1325,SAT-19-0,42.14752248469909,114.60306187273206,1325,left,0.0012553072749315337,1918000,1785.2190427937765
SAT-0-0,120.12433999999985,132.60306187273204,1325,SAT-1-0,42.14752248469909,150.60306187273204,1325,right,0.0012553072749315337,1918000,1785.2190427937735
SAT-0-0,120.3748599999999,132.89001073113408,1325,SAT-19-0,42.01559930194903,114.89001073113413,1325,left,0.0012500987649830717,1922000,1788.9345867662037
SAT-0-0,120.3748599999999,132.89001073113408,1325,SAT-1-0,42.01559930194903,150.89001073113408,1325,right,0.0012500987650718826,1922000,1788.9345867662007
SAT-0-0,120.5001199999999,133.03303821496448,1325,SAT-19-0,41.949370435800205,115.03303821496445,1325,left,0.001247501125917982,1924000,1790.7963118989298
SAT-0-0,120.5001199999999,133.03303821496448,1325,SAT-1-0,41.949370435800205,151.03303821496448,1325,right,0.0012475011260069779,1924000,1790.7963118989276
SAT-0-0,120.75063999999993,133.31820185717223,1325,SAT-19-0,41.81638206404496,115.31820185717224,1325,left,0.001242319386309309,1928000,1794.527449947844
SAT-0-0,120.75063999999993,133.31820185717223,1325,SAT-1-0,41.81638206404496,151.31820185717223,1325,right,0.0012423193865774098,1928000,1794.5274499478417
SAT-0-0,120.87589999999996,133.46033906247015,1325,SAT-19-0,41.749624116127535,115.46033906247015,1325,left,0.0012397354062042816,1930000,1796.3967757134126
SAT-0-0,120.87589999999996,133.46033906247015,1325,SAT-1-0,41.749624116127535,151.46033906247015,1325,right,0.0012397354062042816,1930000,1796.3967757134121
SAT-0-0,121.12641999999997,133.74372690949323,1325,SAT-19-0,41.615584574408835,115.74372690949325,1325,left,0.0012345815170746184,1934000,1800.1427234935152
SAT-0-0,121.12641999999997,133.74372690949323,1325,SAT-1-0,41.615584574408835,151.74372690949323,1325,right,0.0012345815170746184,1934000,1800.142723493515
SAT-0-0,121.25168,133.8849786382872,1325,SAT-19-0,41.54830452542164,115.88497863828715,1325,left,0.0012320117231451938,1936000,1802.0192588755483
SAT-0-0,121.25168,133.8849786382872,1325,SAT-1-0,41.54830452542164,151.8849786382872,1325,right,0.0012320117231451938,1936000,1802.019258875547
SAT-0-0,121.5022,134.16660047249505,1325,SAT-19-0,41.41322771691992,116.166600472495,1325,left,0.0012268867153720432,1940000,1805.779236704018
SAT-0-0,121.5022,134.16660047249505,1325,SAT-1-0,41.41322771691992,152.16660047249505,1325,right,0.0012268867153720432,1940000,1805.7792367040174
SAT-0-0,121.62746000000003,134.3069717032515,1325,SAT-19-0,41.34543248912475,116.30697170325148,1325,left,0.001224331610892382,1942000,1807.6625930506068
SAT-0-0,121.62746000000003,134.3069717032515,1325,SAT-1-0,41.34543248912475,152.3069717032515,1325,right,0.001224331610892382,1942000,1807.6625930506052
SAT-0-0,121.87798000000005,134.58683765150465,1325,SAT-19-0,41.209332199180245,116.58683765150462,1325,left,0.0012192364660854546,1946000,1811.4358260379208
SAT-0-0,121.87798000000005,134.58683765150465,1325,SAT-1-0,41.209332199180245,152.58683765150465,1325,right,0.0012192364661765135,1946000,1811.4358260379183
SAT-0-0,122.00324000000006,134.72633353078368,1325,SAT-19-0,41.141028655454114,116.72633353078373,1325,left,0.0012166965299953848,1948000,1813.325617125147
SAT-0-0,122.00324000000006,134.72633353078368,1325,SAT-1-0,41.141028655454114,152.72633353078368,1325,right,0.0012166965299953848,1948000,1813.3256171251462
SAT-0-0,122.25376000000011,135.00445404792833,1325,SAT-19-0,41.00391854975326,117.00445404792836,1325,left,0.0012116321827932055,1952000,1817.111335298406
SAT-0-0,122.25376000000011,135.00445404792833,1325,SAT-1-0,41.00391854975326,153.00445404792833,1325,right,0.001211632182884836,1952000,1817.111335298404
SAT-0-0,122.37902000000011,135.14307988222322,1325,SAT-19-0,40.93511349272187,117.1430798822232,1325,left,0.0012091078701304868,1954000,1819.0071773901832
SAT-0-0,122.37902000000011,135.14307988222322,1325,SAT-1-0,40.93511349272187,153.14307988222322,1325,right,0.0012091078704059518,1954000,1819.0071773901807
SAT-0-0,122.62954000000015,135.41946573495576,1325,SAT-19-0,40.79700711564354,117.41946573495578,1325,left,0.0012040752082913646,1958000,1822.8046158091731
SAT-0-0,122.62954000000015,135.41946573495576,1325,SAT-1-0,40.79700711564354,153.41946573495576,1325,right,0.0012040752084757755,1958000,1822.8046158091715
SAT-0-0,122.75480000000017,135.55722698271848,1325,SAT-19-0,40.727707286893505,117.55722698271852,1325,left,0.001201566952587227,1960000,1824.7061277134892
SAT-0-0,122.75480000000017,135.55722698271848,1325,SAT-1-0,40.727707286893505,153.55722698271848,1325,right,0.0012015669524024313,1960000,1824.7061277134876
SAT-0-0,123.00532000000018,135.8318892338253,1325,SAT-19-0,40.58861806000998,117.83188923382528,1325,left,0.0011965668181309242,1964000,1828.5145265796987
SAT-0-0,123.00532000000018,135.8318892338253,1325,SAT-1-0,40.58861806000998,153.8318892338253,1325,right,0.0011965668183164923,1964000,1828.5145265796968
SAT-0-0,123.13058000000021,135.96879149768134,1325,SAT-19-0,40.51883013937705,117.96879149768135,1325,left,0.001194075028597479,1966000,1830.4213297014044
SAT-0-0,123.13058000000021,135.96879149768134,1325,SAT-1-0,40.51883013937705,153.96879149768134,1325,right,0.0011940750286904566,1966000,1830.421329701402
SAT-0-0,123.38110000000022,136.24174149065854,1325,SAT-19-0,40.378771360104416,118.24174149065854,1325,left,0.001189108220301228,1970000,1834.2399344602095
SAT-0-0,123.38110000000022,136.24174149065854,1325,SAT-1-0,40.378771360104416,154.24174149065854,1325,right,0.00118910822048796,1970000,1834.2399344602072
SAT-0-0,123.50636000000024,136.37779050981214,1325,SAT-19-0,40.30850196503506,118.3777905098121,1325,left,0.0011866332855816023,1972000,1836.1516528504485
SAT-0-0,123.50636000000024,136.37779050981214,1325,SAT-1-0,40.30850196503506,154.37779050981214,1325,right,0.0011866332854880415,1972000,1836.1516528504462
SAT-0-0,123.75688000000027,136.64903985386843,1325,SAT-19-0,40.16748680542786,118.64903985386839,1325,left,0.0011817005580302723,1976000,1839.9797142866996
SAT-0-0,123.75688000000027,136.64903985386843,1325,SAT-1-0,40.16748680542786,154.64903985386843,1325,right,0.0011817005583121263,1976000,1839.9797142866987
SAT-0-0,123.88214000000028,136.7842414967004,1325,SAT-19-0,40.09674249041174,118.78424149670035,1325,left,0.001179242844904872,1978000,1841.8959746890894
SAT-0-0,123.88214000000028,136.7842414967004,1325,SAT-1-0,40.09674249041174,154.7842414967004,1325,right,0.001179242844904872,1978000,1841.8959746890882
SAT-0-0,124.13266000000033,137.05380205214556,1325,SAT-19-0,39.95478399609657,119.05380205214551,1325,left,0.0011743449115869716,1982000,1845.7327490163166
SAT-0-0,124.13266000000033,137.05380205214556,1325,SAT-1-0,39.95478399609657,155.05380205214556,1325,right,0.0011743449114924318,1982000,1845.7327490163148
SAT-0-0,124.25792000000031,137.18816230900435,1325,SAT-19-0,39.8835712521671,119.18816230900434,1325,left,0.0011719047661160095,1984000,1847.6531809099918
SAT-0-0,124.25792000000031,137.18816230900435,1325,SAT-1-0,39.8835712521671,155.18816230900435,1325,right,0.0011719047662107462,1984000,1847.6531809099893
SAT-0-0,124.50844000000036,137.45604617302502,1325,SAT-19-0,39.740682341410185,119.45604617302502,1325,left,0.0011670422988510438,1988000,1851.4979298534377
SAT-0-0,124.50844000000036,137.45604617302502,1325,SAT-1-0,39.740682341410185,155.45604617302502,1325,right,0.0011670422988510438,1988000,1851.4979298534365
SAT-0-0,124.63370000000036,137.58957114921162,1325,SAT-19-0,39.66900759571086,119.58957114921158,1325,left,0.0011646200470884192,1990000,1853.4221654930705
SAT-0-0,124.63370000000036,137.58957114921162,1325,SAT-1-0,39.66900759571086,155.58957114921162,1325,right,0.0011646200471837483,1990000,1853.42216549307
SAT-0-0,124.8842200000004,137.8557906420352,1325,SAT-19-0,39.52520105861436,119.85579064203519,1325,left,0.0011597936784259889,1994000,1857.2741563667844
SAT-0-0,124.8842200000004,137.8557906420352,1325,SAT-1-0,39.52520105861436,155.8557906420352,1325,right,0.001159793678330263,1994000,1857.2741563667832
SAT-0-0,125.00948000000042,137.98848655098186,1325,SAT-19-0,39.453070674028275,119.98848655098188,1325,left,0.0011573896269813208,1996000,1859.20183081968
SAT-0-0,125.00948000000042,137.98848655098186,1325,SAT-1-0,39.453070674028275,155.98848655098186,1325,right,0.001157389626885396,1996000,1859.2018308196791
SAT-0-0,125.26000000000043,138.25305420242807,1325,SAT-19-0,39.30835917185039,120.25305420242802,1325,left,0.0011525999501098482,2000000,1863.0603365978684
SAT-0-0,125.26000000000043,138.25305420242807,1325,SAT-1-0,39.30835917185039,156.25305420242807,1325,right,0.0011525999501098482,2000000,1863.0603365978668
SAT-0-0,125.38526000000046,138.38492735907096,1325,SAT-19-0,39.2357794466904,120.384927359071,1325,left,0.0011502143862577362,2002000,1864.9910877782422
SAT-0-0,125.38526000000046,138.38492735907096,1325,SAT-1-0,39.2357794466904,156.38492735907096,1325,right,0.001150214386161213,2002000,1864.9910877782406
SAT-0-0,125.63578000000047,138.64785589549035,1325,SAT-19-0,39.09017551128448,120.64785589549038,1325,left,0.0011454619575502402,2006000,1868.8553871611043
SAT-0-0,125.63578000000047,138.64785589549035,1325,SAT-1-0,39.09017551128448,156.64785589549035,1325,right,0.0011454619575502402,2006000,1868.8553871611011
SAT-0-0,125.76104000000049,138.77891270983542,1325,SAT-19-0,39.01715267904148,120.77891270983537,1325,left,0.0011430951504284416,2008000,1870.7888558616582
SAT-0-0,125.76104000000049,138.77891270983542,1325,SAT-1-0,39.01715267904148,156.77891270983542,1325,right,0.0011430951504284416,2008000,1870.7888558616562
SAT-0-0,126.01156000000051,139.0402150414337,1325,SAT-19-0,38.87066871240906,121.04021504143368,1325,left,0.0011383804896689775,2012000,1874.6582333358929
SAT-0-0,126.01156000000051,139.0402150414337,1325,SAT-1-0,38.87066871240906,157.0402150414337,1325,right,0.001138380489571451,2012000,1874.6582333358915
SAT-0-0,126.13682000000053,139.1704620123147,1325,SAT-19-0,38.79720894155626,121.17046201231469,1325,left,0.0011360326898673591,2014000,1876.5940632567813
SAT-0-0,126.13682000000053,139.1704620123147,1325,SAT-1-0,38.79720894155626,157.1704620123147,1325,right,0.0011360326898673591,2014000,1876.5940632567788
SAT-0-0,126.38734000000058,139.43015122085984,1325,SAT-19-0,38.64985721550952,121.4301512208599,1325,left,0.0011313562814884194,2018000,1880.4678091509963
SAT-0-0,126.38734000000058,139.43015122085984,1325,SAT-1-0,38.64985721550952,157.43015122085984,1325,right,0.0011313562811940232,2018000,1880.4678091509932
SAT-0-0,126.51260000000057,139.55959492988754,1325,SAT-19-0,38.57596660936,121.55959492988757,1325,left,0.0011290277229003378,2020000,1882.4056469262791
SAT-0-0,126.51260000000057,139.55959492988754,1325,SAT-1-0,38.57596660936,157.55959492988754,1325,right,0.0011290277229986723,2020000,1882.4056469262785
SAT-0-0,126.76312000000061,139.81768425679803,1325,SAT-19-0,38.42775926528865,121.81768425679805,1325,left,0.001124390016999436,2024000,1886.2830574614802
SAT-0-0,126.76312000000061,139.81768425679803,1325,SAT-1-0,38.42775926528865,157.81768425679803,1325,right,0.001124390016999436,2024000,1886.2830574614777
SAT-0-0,126.88838000000064,139.94633136249868,1325,SAT-19-0,38.35344386190426,121.94633136249873,1325,left,0.0011220809160772851,2026000,1888.2225526831876
SAT-0-0,126.88838000000064,139.94633136249868,1325,SAT-1-0,38.35344386190426,157.94633136249868,1325,right,0.0011220809160772851,2026000,1888.222552683187
SAT-0-0,127.13890000000065,140.2028341973088,1325,SAT-19-0,38.20439291064255,122.20283419730877,1325,left,0.0011174823302850028,2030000,1892.1029300185548
SAT-0-0,127.13890000000065,140.2028341973088,1325,SAT-1-0,38.20439291064255,158.2028341973088,1325,right,0.001117482330086302,2030000,1892.1029300185544
SAT-0-0,127.26416000000067,140.33069142945033,1325,SAT-19-0,38.12965868279157,122.33069142945038,1325,left,0.0011151928876760552,2032000,1894.0437352584258
SAT-0-0,127.26416000000067,140.33069142945033,1325,SAT-1-0,38.12965868279157,158.33069142945033,1325,right,0.0011151928876760552,2032000,1894.043735258424
SAT-0-0,127.51468000000068,140.58562129864902,1325,SAT-19-0,37.97977600458088,122.58562129864902,1325,left,0.0011106338064214925,2036000,1897.9263875325826
SAT-0-0,127.51468000000068,140.58562129864902,1325,SAT-1-0,37.97977600458088,158.58562129864902,1325,right,0.0011106338064214925,2036000,1897.926387532581
SAT-0-0,127.6399400000007,140.71269545275334,1325,SAT-19-0,37.90462885974242,122.71269545275338,1325,left,0.0011083642070656848,2038000,1899.8681583615983
SAT-0-0,127.6399400000007,140.71269545275334,1325,SAT-1-0,37.90462885974242,158.71269545275334,1325,right,0.0011083642068653494,2038000,1899.868158361597
SAT-0-0,127.89046000000073,140.96606600899224,1325,SAT-19-0,37.75392620428494,122.96606600899227,1325,left,0.0011038449849640193,2042000,1903.7523997295314
SAT-0-0,127.89046000000073,140.96606600899224,1325,SAT-1-0,37.75392620428494,158.96606600899224,1325,right,0.0011038449846622858,2042000,1903.7523997295305
SAT-0-0,128.01572000000073,141.09236394103047,1325,SAT-19-0,37.67837198469781,123.0923639410305,1325,left,0.0011015953982136777,2044000,1905.694794735338
SAT-0-0,128.01572000000073,141.09236394103047,1325,SAT-1-0,37.67837198469781,159.09236394103047,1325,right,0.0011015953982136777,2044000,1905.6947947353347
SAT-0-0,128.2662400000008,141.34418895269656,1325,SAT-19-0,37.52686097129727,123.34418895269657,1325,left,0.0010971163593466195,2048000,1909.5799454011828
SAT-0-0,128.2662400000008,141.34418895269656,1325,SAT-1-0,37.52686097129727,159.34418895269656,1325,right,0.0010971163593466195,2048000,1909.579945401181
SAT-0-0,128.39150000000083,141.469717573966,1325,SAT-19-0,37.45090545405122,123.46971757396604,1325,left,0.001094886940215842,2050000,1911.5226262034735
SAT-0-0,128.39150000000083,141.469717573966,1325,SAT-1-0,37.45090545405122,159.469717573966,1325,right,0.0010948869403172427,2050000,1911.5226262034719
SAT-0-0,128.6420200000009,141.72001091511376,1325,SAT-19-0,37.29859757183627,123.7200109151137,1325,left,0.001090448380266075,2054000,1915.4080124493403
SAT-0-0,128.6420200000009,141.72001091511376,1325,SAT-1-0,37.29859757183627,159.72001091511376,1325,right,0.001090448380062448,2054000,1915.4080124493394
SAT-0-0,128.76728000000094,141.84477718729238,1325,SAT-19-0,37.22224646900376,123.8447771872924,1325,left,0.0010882392691049334,2056000,1917.3506437133099
SAT-0-0,128.76728000000094,141.84477718729238,1325,SAT-1-0,37.22224646900376,159.84477718729238,1325,right,0.0010882392692069533,2056000,1917.350643713308
SAT-0-0,129.017800000001,142.0935528279303,1325,SAT-19-0,37.06915307723,124.09355282793031,1325,left,0.001083841455538235,2060000,1921.23559792431
SAT-0-0,129.017800000001,142.0935528279303,1325,SAT-1-0,37.06915307723,160.0935528279303,1325,right,0.001083841455640669,2060000,1921.2355979243089
SAT-0-0,129.14306000000101,142.21756375830802,1325,SAT-19-0,36.99241203603611,124.21756375830802,1325,left,0.001081652779863632,2062000,1923.1778473722527
SAT-0-0,129.14306000000101,142.21756375830802,1325,SAT-1-0,36.99241203603611,160.21756375830802,1325,right,0.001081652779863632,2062000,1923.177847372252
SAT-0-0,129.39358000000107,142.46483575503336,1325,SAT-19-0,36.83854436446299,124.46483575503335,1325,left,0.0010772959532812753,2066000,1927.0617080579195
SAT-0-0,129.39358000000107,142.46483575503336,1325,SAT-1-0,36.83854436446299,160.46483575503336,1325,right,0.0010772959532812753,2066000,1927.0617080579184
SAT-0-0,129.5188400000011,142.5880983919151,1325,SAT-19-0,36.761418967491856,124.58809839191507,1325,left,0.0010751278266869732,2068000,1929.0032464790688
SAT-0-0,129.5188400000011,142.5880983919151,1325,SAT-1-0,36.761418967491856,160.5880983919151,1325,right,0.001075127826583709,2068000,1929.0032464790681
SAT-0-0,129.76936000000114,142.8338808788914,1325,SAT-19-0,36.60678811683039,124.83388087889138,1325,left,0.0010708122024504982,2072000,1932.8853582913232
SAT-0-0,129.76936000000114,142.8338808788914,1325,SAT-1-0,36.60678811683039,160.8338808788914,1325,right,0.0010708122023468177,2072000,1932.8853582913196
SAT-0-0,129.89462000000117,142.9564023071706,1325,SAT-19-0,36.52928388226612,124.95640230717058,1325,left,0.0010686647258854485,2074000,1934.8258595499974
SAT-0-0,129.89462000000117,142.9564023071706,1325,SAT-1-0,36.52928388226612,160.9564023071706,1325,right,0.0010686647258854485,2074000,1934.8258595499951
SAT-0-0,130.14514000000125,143.20070948744123,1325,SAT-19-0,36.3739008246938,125.2007094874412,1325,left,0.0010643904938429257,2078000,1938.7055732978297
SAT-0-0,130.14514000000125,143.20070948744123,1325,SAT-1-0,36.3739008246938,161.20070948744123,1325,right,0.0010643904938429257,2078000,1938.7055732978272
SAT-0-0,130.2704000000013,143.32249682433954,1325,SAT-19-0,36.29602320659411,125.32249682433957,1325,left,0.0010622637568371539,2080000,1940.6447143399864
SAT-0-0,130.2704000000013,143.32249682433954,1325,SAT-1-0,36.29602320659411,161.32249682433954,1325,right,0.0010622637567326391,2080000,1940.6447143399848
SAT-0-0,130.52092000000135,143.56534296147157,1325,SAT-19-0,36.13989878633354,125.56534296147153,1325,left,0.0010580310828504228,2084000,1944.5213870010207
SAT-0-0,130.52092000000135,143.56534296147157,1325,SAT-1-0,36.13989878633354,161.56534296147157,1325,right,0.0010580310829553558,2084000,1944.521387001018
SAT-0-0,130.64618000000138,143.6864033524419,1325,SAT-19-0,36.06165317493428,125.68640335244191,1325,left,0.001055925162270674,2086000,1946.4588478592764
SAT-0-0,130.64618000000138,143.6864033524419,1325,SAT-1-0,36.06165317493428,161.6864033524419,1325,right,0.0010559251623758162,2086000,1946.458847859274
SAT-0-0,130.89670000000143,143.92780276249323,1325,SAT-19-0,35.90479810889162,125.92780276249322,1325,left,0.001051734190233547,2090000,1950.3318425883463
SAT-0-0,130.89670000000143,143.92780276249323,1325,SAT-1-0,35.90479810889162,161.92780276249323,1325,right,0.001051734190233547,2090000,1950.3318425883451
SAT-0-0,131.02196000000146,144.04814337728317,1325,SAT-19-0,35.82618983094041,126.04814337728315,1325,left,0.001049649152080689,2092000,1952.2673063855582
SAT-0-0,131.02196000000146,144.04814337728317,1325,SAT-1-0,35.82618983094041,162.04814337728317,1325,right,0.001049649151974918,2092000,1952.2673063855568
SAT-0-0,131.2724800000015,144.2881104210861,1325,SAT-19-0,35.6686147094008,126.28811042108615,1325,left,0.001045500002635607,2096000,1956.1359925204708
SAT-0-0,131.2724800000015,144.2881104210861,1325,SAT-1-0,35.6686147094008,162.2881104210861,1325,right,0.001045500002635607,2096000,1956.1359925204692
SAT-0-0,131.39774000000153,144.40773844995755,1325,SAT-19-0,35.58964902851835,126.40773844995759,1325,left,0.0010434359023114399,2098000,1958.06914547193
SAT-0-0,131.39774000000153,144.40773844995755,1325,SAT-1-0,35.58964902851835,162.40773844995755,1325,right,0.0010434359023114399,2098000,1958.0691454719276
SAT-0-0,131.64826000000159,144.64628752571247,1325,SAT-19-0,35.431364315894555,126.64628752571252,1325,left,0.0010393286756027664,2102000,1961.9328985365444
SAT-0-0,131.64826000000159,144.64628752571247,1325,SAT-1-0,35.431364315894555,162.64628752571247,1325,right,0.001039328675389124,2102000,1961.9328985365423
SAT-0-0,131.77352000000164,144.7652101758147,1325,SAT-19-0,35.35204643296176,126.7652101758147,1325,left,0.0010372855578794833,2104000,1963.863429950877
SAT-0-0,131.77352000000164,144.7652101758147,1325,SAT-1-0,35.35204643296176,162.7652101758147,1325,right,0.0010372855579865148,2104000,1963.8634299508753
SAT-0-0,132.02404000000172,145.0023557119865,1325,SAT-19-0,35.19306246859316,127.00235571198647,1325,left,0.0010332203333035573,2108000,1967.7216316556455
SAT-0-0,132.02404000000172,145.0023557119865,1325,SAT-1-0,35.19306246859316,163.0023557119865,1325,right,0.0010332203333035573,2108000,1967.721631655643
SAT-0-0,132.14930000000174,145.12058020387872,1325,SAT-19-0,35.11339752216256,127.12058020387873,1325,left,0.0010311982331625996,2110000,1969.6492339344695
SAT-0-0,132.14930000000174,145.12058020387872,1325,SAT-1-0,35.11339752216256,163.12058020387872,1325,right,0.001031198232947273,2110000,1969.6492339344675
SAT-0-0,132.3998200000018,145.35633665238888,1325,SAT-19-0,34.95372452116137,127.35633665238885,1325,left,0.0010271750710770518,2114000,1973.5012721745743
SAT-0-0,132.3998200000018,145.35633665238888,1325,SAT-1-0,34.95372452116137,163.35633665238888,1325,right,0.0010271750710770518,2114000,1973.5012721745725
SAT-0-0,132.52508000000182,145.47387021670914,1325,SAT-19-0,34.87371758789152,127.4738702167091,1325,left,0.0010251740138292032,2116000,1975.4256408109936
SAT-0-0,132.52508000000182,145.47387021670914,1325,SAT-1-0,34.87371758789152,163.47387021670914,1325,right,0.0010251740138292032,2116000,1975.4256408109918
SAT-0-0,132.77560000000187,145.70825204641704,1325,SAT-19-0,34.71336564203305,127.70825204641702,1325,left,0.0010211929558164188,2120000,1979.2709096622134
SAT-0-0,132.77560000000187,145.70825204641704,1325,SAT-1-0,34.71336564203305,163.70825204641704,1325,right,0.0010211929560338554,2120000,1979.2709096622111
SAT-0-0,132.9008600000019,145.82510192069367,1325,SAT-19-0,34.63302173714426,127.82510192069371,1325,left,0.001019212957670874,2122000,1981.1917432382036
SAT-0-0,132.9008600000019,145.82510192069367,1325,SAT-1-0,34.63302173714426,163.82510192069367,1325,right,0.001019212957670874,2122000,1981.1917432382004
SAT-0-0,133.15138000000195,146.05812361115892,1325,SAT-19-0,34.47200081579879,128.05812361115892,1325,left,0.0010152740272675127,2126000,1985.0296429506263
SAT-0-0,133.15138000000195,146.05812361115892,1325,SAT-1-0,34.47200081579879,164.05812361115892,1325,right,0.001015274027486217,2126000,1985.0296429506252
SAT-0-0,133.27664000000198,146.17429703676075,1325,SAT-19-0,34.3913248935489,128.17429703676078,1325,left,0.001013315096257672,2128000,1986.9466431333788
SAT-0-0,133.27664000000198,146.17429703676075,1325,SAT-1-0,34.3913248935489,164.17429703676075,1325,right,0.0010133150961481084,2128000,1986.946643133377
SAT-0-0,133.52716000000206,146.40597307228035,1325,SAT-19-0,34.229644844652135,128.40597307228035,1325,left,0.0010094183004991828,2132000,1990.7765801231044
SAT-0-0,133.52716000000206,146.40597307228035,1325,SAT-1-0,34.229644844652135,164.40597307228035,1325,right,0.0010094183003891964,2132000,1990.7765801231021
SAT-0-0,133.65242000000208,146.52147729150278,1325,SAT-19-0,34.14864179883086,128.52147729150283,1325,left,0.001007480435354784,2134000,1992.6894516603875
SAT-0-0,133.65242000000208,146.52147729150278,1325,SAT-1-0,34.14864179883086,164.52147729150278,1325,right,0.001007480435244586,2134000,1992.6894516603863
SAT-0-0,133.9029400000022,146.75182215541574,1325,SAT-19-0,33.98631234989037,128.75182215541577,1325,left,0.0010036257645023913,2138000,1996.5108384993077
SAT-0-0,133.9029400000022,146.75182215541574,1325,SAT-1-0,33.98631234989037,164.75182215541574,1325,right,0.0010036257647236336,2138000,1996.5108384993055
SAT-0-0,134.02820000000224,146.8666644086983,1325,SAT-19-0,33.904987014331184,128.86666440869834,1325,left,0.0010017089567083749,2140000,1998.4192892139095
SAT-0-0,134.02820000000224,146.8666644086983,1325,SAT-1-0,33.904987014331184,164.8666644086983,1325,right,0.0010017089568192079,2140000,1998.4192892139072
SAT-0-0,134.27872000000232,147.0956925779497,1325,SAT-19-0,33.74201777346644,129.0956925779497,1325,left,0.0009978963863273287,2144000,2002.231544617702
SAT-0-0,134.27872000000232,147.0956925779497,1325,SAT-1-0,33.74201777346644,165.0956925779497,1325,right,0.0009978963863273287,2144000,2002.2315446177006
SAT-0-0,134.40398000000238,147.20988010122238,1325,SAT-19-0,33.660374922574334,129.20988010122232,1325,left,0.0009960006193600642,2146000,2004.1352854009951
SAT-0-0,134.40398000000238,147.20988010122238,1325,SAT-1-0,33.660374922574334,165.20988010122238,1325,right,0.0009960006193600642,2146000,2004.1352854009924
SAT-0-0,134.65450000000246,147.43760604118145,1325,SAT-19-0,33.49677537958768,129.43760604118145,1325,left,0.0009922301092331412,2150000,2007.9378342154423
SAT-0-0,134.65450000000246,147.43760604118145,1325,SAT-1-0,33.49677537958768,165.43760604118145,1325,right,0.0009922301091212493,2150000,2007.9378342154403
SAT-0-0,134.7797600000025,147.55114606333507,1325,SAT-19-0,33.414819728882165,129.5511460633351,1325,left,0.000990355359908297,2152000,2009.8365790201365
SAT-0-0,134.7797600000025,147.55114606333507,1325,SAT-1-0,33.414819728882165,165.55114606333507,1325,right,0.000990355359908297,2152000,2009.8365790201353
SAT-0-0,135.03028000000262,147.77758422285865,1325,SAT-19-0,33.25059925635846,129.77758422285865,1325,left,0.0009866268563094823,2156000,2013.628852205855
SAT-0-0,135.03028000000262,147.77758422285865,1325,SAT-1-0,33.25059925635846,165.77758422285865,1325,right,0.0009866268564220095,2156000,2013.628852205853
SAT-0-0,135.15554000000265,147.89048396333723,1325,SAT-19-0,33.168335463030104,129.8904839633372,1325,left,0.000984773094266015,2158000,2015.522318037996
SAT-0-0,135.15554000000265,147.89048396333723,1325,SAT-1-0,33.168335463030104,165.89048396333723,1325,right,0.0009847730944914927,2158000,2015.5223180379933
SAT-0-0,135.4060600000027,148.11564877007217,1325,SAT-19-0,33.003503317463085,130.11564877007217,1325,left,0.0009810865299434972,2162000,2019.303752653691
SAT-0-0,135.4060600000027,148.11564877007217,1325,SAT-1-0,33.003503317463085,166.11564877007217,1325,right,0.0009810865299434972,2162000,2019.303752653689
SAT-0-0,135.53132000000272,148.2279154365825,1325,SAT-19-0,32.92093598094285,130.2279154365825,1325,left,0.0009792537184790235,2164000,2021.1916595639264
SAT-0-0,135.53132000000272,148.2279154365825,1325,SAT-1-0,32.92093598094285,166.2279154365825,1325,right,0.0009792537187057724,2164000,2021.1916595639245
SAT-0-0,135.78184000000277,148.4518212925004,1325,SAT-19-0,32.75550130388543,130.45182129250043,1325,left,0.0009756090134504745,2168000,2024.9616987482777
SAT-0-0,135.78184000000277,148.4518212925004,1325,SAT-1-0,32.75550130388543,166.4518212925004,1325,right,0.0009756090135642724,2168000,2024.9616987482752
SAT-0-0,135.9071000000028,148.56346207883615,1325,SAT-19-0,32.67263496642563,130.56346207883615,1325,left,0.0009737971095918502,2170000,2026.8437698224789
SAT-0-0,135.9071000000028,148.56346207883615,1325,SAT-1-0,32.67263496642563,166.56346207883615,1325,right,0.0009737971095918502,2170000,2026.8437698224768
SAT-0-0,136.15762000000285,148.78612335599277,1325,SAT-19-0,32.50660678566285,130.78612335599274,1325,left,0.0009701941718636562,2174000,2030.601862774723
SAT-0-0,136.15762000000285,148.78612335599277,1325,SAT-1-0,32.50660678566285,166.78612335599277,1325,right,0.0009701941717492231,2174000,2030.6018627747212
SAT-0-0,136.28288000000288,148.89714543996917,1325,SAT-19-0,32.423445932928786,130.8971454399691,1325,left,0.0009684031266763986,2176000,2032.4778241239685
SAT-0-0,136.28288000000288,148.89714543996917,1325,SAT-1-0,32.423445932928786,166.89714543996917,1325,right,0.0009684031265617539,2176000,2032.4778241239665
SAT-0-0,136.53340000000293,149.1185764764823,1325,SAT-19-0,32.256833163670784,131.11857647648236,1325,left,0.0009648418527687937,2180000,2036.2234260833036
SAT-0-0,136.53340000000293,149.1185764764823,1325,SAT-1-0,32.256833163670784,167.1185764764823,1325,right,0.0009648418527687937,2180000,2036.2234260833018
SAT-0-0,136.65866000000298,149.22898701797862,1325,SAT-19-0,32.17338222534192,131.22898701797865,1325,left,0.0009630716115673249,2182000,2038.0930068332968
SAT-0-0,136.65866000000298,149.22898701797862,1325,SAT-1-0,32.17338222534192,167.22898701797862,1325,right,0.0009630716114520456,2182000,2038.0930068332957
SAT-0-0,136.90918000000306,149.44920211421754,1325,SAT-19-0,32.006193671435405,131.4492021142175,1325,left,0.000959551887415404,2186000,2041.825579057163
SAT-0-0,136.90918000000306,149.44920211421754,1325,SAT-1-0,32.006193671435405,167.44920211421754,1325,right,0.0009595518872997017,2186000,2041.8255790571618
SAT-0-0,137.0344400000031,149.55900825332319,1325,SAT-19-0,31.922457021815497,131.55900825332319,1325,left,0.0009578023904504717,2188000,2043.6885113371122
SAT-0-0,137.0344400000031,149.55900825332319,1325,SAT-1-0,31.922457021815497,167.55900825332319,1325,right,0.0009578023904504717,2188000,2043.6885113371115
SAT-0-0,137.28496000000314,149.7780216683028,1325,SAT-19-0,31.754701376971887,131.77802166830287,1325,left,0.0009543240915324154,2192000,2047.4075210784515
SAT-0-0,137.28496000000314,149.7780216683028,1325,SAT-1-0,31.754701376971887,167.7780216683028,1325,right,0.0009543240912997433,2192000,2047.4075210784483
SAT-0-0,137.41022000000316,149.8872305235647,1325,SAT-19-0,31.670683335606665,131.88723052356477,1325,left,0.0009525952740049453,2194000,2049.2635400094578
SAT-0-0,137.41022000000316,149.8872305235647,1325,SAT-1-0,31.670683335606665,167.8872305235647,1325,right,0.0009525952740049453,2194000,2049.2635400094564
SAT-0-0,137.66074000000322,150.10505647153838,1325,SAT-19-0,31.502369184644913,132.10505647153843,1325,left,0.0009491582659522755,2198000,2052.968460493025
SAT-0-0,137.66074000000322,150.10505647153838,1325,SAT-1-0,31.502369184644913,168.10505647153838,1325,right,0.0009491582661862139,2198000,2052.9684604930226
SAT-0-0,137.78600000000324,150.21367513830572,1325,SAT-19-0,31.418074016947152,132.21367513830575,1325,left,0.0009474500587367085,2200000,2054.817304176014
SAT-0-0,137.78600000000324,150.21367513830572,1325,SAT-1-0,31.418074016947152,168.21367513830572,1325,right,0.0009474500587367085,2200000,2054.817304176012
SAT-0-0,138.0365200000033,150.4303277855495,1325,SAT-19-0,31.249209837050014,132.43032778554954,1325,left,0.0009440541983286576,2204000,2058.5076145738135
SAT-0-0,138.0365200000033,150.4303277855495,1325,SAT-1-0,31.249209837050014,168.4303277855495,1325,right,0.0009440541983286576,2204000,2058.5076145738117
SAT-0-0,138.16178000000332,150.5383633344127,1325,SAT-19-0,31.164641754930607,132.53836333441274,1325,left,0.0009423665275455649,2206000,2060.349024077049
SAT-0-0,138.16178000000332,150.5383633344127,1325,SAT-1-0,31.164641754930607,168.5383633344127,1325,right,0.0009423665277811893,2206000,2060.349024077047
SAT-0-0,138.4123000000034,150.75385679619595,1325,SAT-19-0,30.995235916912478,132.75385679619595,1325,left,0.0009390116629138398,2210000,2064.0242094829764
SAT-0-0,138.4123000000034,150.75385679619595,1325,SAT-1-0,30.995235916912478,168.75385679619595,1325,right,0.0009390116626773735,2210000,2064.024209482975
SAT-0-0,138.53756000000345,150.86131627151715,1325,SAT-19-0,30.910399079416987,132.86131627151718,1325,left,0.0009373444507977093,2212000,2065.8579288291885
SAT-0-0,138.53756000000345,150.86131627151715,1325,SAT-1-0,30.910399079416987,168.86131627151715,1325,right,0.0009373444507977093,2212000,2065.8579288291858
SAT-0-0,138.7880800000035,151.0756646092518,1325,SAT-19-0,30.740459849002068,133.07566460925182,1325,left,0.0009340304215301526,2216000,2069.517480232931
SAT-0-0,138.7880800000035,151.0756646092518,1325,SAT-1-0,30.740459849002068,169.0756646092518,1325,right,0.0009340304212924251,2216000,2069.5174802329293
SAT-0-0,138.91334000000353,151.18255502778337,1325,SAT-19-0,30.655358362952068,133.1825550277833,1325,left,0.0009323835855403032,2218000,2071.3432563861024
SAT-0-0,138.91334000000353,151.18255502778337,1325,SAT-1-0,30.655358362952068,169.18255502778337,1325,right,0.0009323835855403032,2218000,2071.3432563860997
SAT-0-0,139.16386000000358,151.39577224634695,1325,SAT-19-0,30.484893902061078,133.39577224634695,1325,left,0.0009291102247045158,2222000,2074.9866706463845
SAT-0-0,139.16386000000358,151.39577224634695,1325,SAT-1-0,30.484893902061078,169.39577224634695,1325,right,0.0009291102249435021,2222000,2074.9866706463827
SAT-0-0,139.2891200000036,151.50210059593533,1325,SAT-19-0,30.399531822699558,133.5021005959354,1325,left,0.0009274836793714146,2224000,2076.804253498214
SAT-0-0,139.2891200000036,151.50210059593533,1325,SAT-1-0,30.399531822699558,169.50210059593533,1325,right,0.00092748367961082,2224000,2076.8042534982133
SAT-0-0,139.53964000000366,151.7142006411615,1325,SAT-19-0,30.22855019074412,133.71420064116145,1325,left,0.0009242508118895135,2228000,2080.431033315434
SAT-0-0,139.53964000000366,151.7142006411615,1325,SAT-1-0,30.22855019074412,169.7142006411615,1325,right,0.0009242508118895135,2228000,2080.431033315433
SAT-0-0,139.66490000000368,151.81997387953302,1325,SAT-19-0,30.14293152238422,133.81997387953308,1325,left,0.0009226444692701079,2230000,2082.2401756715212
SAT-0-0,139.66490000000368,151.81997387953302,1325,SAT-1-0,30.14293152238422,169.81997387953302,1325,right,0.0009226444690294468,2230000,2082.2401756715194
SAT-0-0,139.91542000000373,152.03097063586333,1325,SAT-19-0,29.97144067756724,134.0309706358633,1325,left,0.0009194519137546522,2234000,2085.8498295598483
SAT-0-0,139.91542000000373,152.03097063586333,1325,SAT-1-0,29.97144067756724,170.03097063586333,1325,right,0.0009194519137546522,2234000,2085.849829559847
SAT-0-0,140.04068000000376,152.13619568948968,1325,SAT-19-0,29.885569374243794,134.13619568948965,1325,left,0.0009178656802777231,2236000,2087.650287125611
SAT-0-0,140.04068000000376,152.13619568948968,1325,SAT-1-0,29.885569374243794,170.13619568948968,1325,right,0.0009178656805196372,2236000,2087.650287125609
SAT-0-0,140.29120000000387,152.34610297778138,1325,SAT-19-0,29.713577174864884,134.34610297778133,1325,left,0.0009147132493400255,2240000,2091.242329384601
SAT-0-0,140.29120000000387,152.34610297778138,1325,SAT-1-0,29.713577174864884,170.34610297778138,1325,right,0.0009147132490972777,2240000,2091.2423293846005
SAT-0-0,140.41646000000392,152.4507867408214,1325,SAT-19-0,29.627457140988113,134.45078674082134,1325,left,0.000913147030470334,2242000,2093.0338607509743
SAT-0-0,140.41646000000392,152.4507867408214,1325,SAT-1-0,29.627457140988113,170.4507867408214,1325,right,0.00091314703022717,2242000,2093.033860750972
SAT-0-0,140.666980000004,152.6596183163057,1325,SAT-19-0,29.45497134675276,134.65961831630574,1325,left,0.0009100345309379785,2246000,2096.607811436751
SAT-0-0,140.666980000004,152.6596183163057,1325,SAT-1-0,29.45497134675276,170.6596183163057,1325,right,0.0009100345311819743,2246000,2096.6078114367497
SAT-0-0,140.79224000000406,152.76376764962095,1325,SAT-19-0,29.368606437763724,134.76376764962095,1325,left,0.0009084882281518806,2248000,2098.390178065677
SAT-0-0,140.79224000000406,152.76376764962095,1325,SAT-1-0,29.368606437763724,170.76376764962095,1325,right,0.0009084882281518806,2248000,2098.390178065675
SAT-0-0,141.04276000000414,152.9715372000059,1325,SAT-19-0,29.19563471109518,134.97153720000594,1325,left,0.0009054154612871954,2252000,2101.9455629617373
SAT-0-0,141.04276000000414,152.9715372000059,1325,SAT-1-0,29.19563471109518,170.9715372000059,1325,right,0.0009054154615324361,2252000,2101.945562961736
SAT-0-0,141.1680200000042,153.07515893024762,1325,SAT-19-0,29.10902873412203,135.0751589302476,1325,left,0.000903888974740543,2254000,2103.71852917149
SAT-0-0,141.1680200000042,153.07515893024762,1325,SAT-1-0,29.10902873412203,171.07515893024762,1325,right,0.0009038889749861977,2254000,2103.718529171488
SAT-0-0,141.4185400000043,153.28188007396068,1325,SAT-19-0,28.935578641474873,135.2818800739607,1325,left,0.0009008557372191385,2258000,2107.2548797591808
SAT-0-0,141.4185400000043,153.28188007396068,1325,SAT-1-0,28.935578641474873,171.28188007396068,1325,right,0.0009008557372191385,2258000,2107.2548797591785
SAT-0-0,141.54380000000432,153.3849809927248,1325,SAT-19-0,28.848735355990037,135.38498099272476,1325,left,0.0008993489631837632,2260000,2109.018212709522
SAT-0-0,141.54380000000432,153.3849809927248,1325,SAT-1-0,28.848735355990037,171.3849809927248,1325,right,0.0008993489631837632,2260000,2109.01821270952
SAT-0-0,141.79432000000443,153.5906672772899,1325,SAT-19-0,28.674814369164388,135.5906672772899,1325,left,0.0008963550468582912,2264000,2112.5350661382363
SAT-0-0,141.79432000000443,153.5906672772899,1325,SAT-1-0,28.674814369164388,171.5906672772899,1325,right,0.0008963550466105717,2264000,2112.5350661382354
SAT-0-0,141.9195800000045,153.69325414033847,1325,SAT-19-0,28.587737487641622,135.69325414033844,1325,left,0.0008948678809219245,2266000,2114.2885358154585
SAT-0-0,141.9195800000045,153.69325414033847,1325,SAT-1-0,28.587737487641622,171.69325414033847,1325,right,0.0008948678806737933,2266000,2114.288535815457
SAT-0-0,142.17010000000457,153.89791904088224,1325,SAT-19-0,28.413352985097255,135.89791904088221,1325,left,0.0008919130728429405,2270000,2117.785434872597
SAT-0-0,142.17010000000457,153.89791904088224,1325,SAT-1-0,28.413352985097255,171.89791904088224,1325,right,0.0008919130730918937,2270000,2117.785434872596
SAT-0-0,142.2953600000046,153.99999856742775,1325,SAT-19-0,28.326046173668505,135.99999856742778,1325,left,0.0008904454074617135,2272000,2119.5288140744474
SAT-0-0,142.2953600000046,153.99999856742775,1325,SAT-1-0,28.326046173668505,171.99999856742775,1325,right,0.0008904454074617135,2272000,2119.5288140744456
SAT-0-0,142.54588000000464,154.20365548531043,1325,SAT-19-0,28.15120544183789,136.2036554853104,1325,left,0.0008875294922714966,2276000,2123.0053071551774
SAT-0-0,142.54588000000464,154.20365548531043,1325,SAT-1-0,28.15120544183789,172.20365548531043,1325,right,0.0008875294922714966,2276000,2123.0053071551743
SAT-0-0,142.67114000000467,154.3052343573618,1325,SAT-19-0,28.06367232094928,136.3052343573618,1325,left,0.0008860812182722333,2278000,2124.7383714757007
SAT-0-0,142.67114000000467,154.3052343573618,1325,SAT-1-0,28.06367232094928,172.3052343573618,1325,right,0.0008860812182722333,2278000,2124.7383714756993
SAT-0-0,142.92166000000472,154.5078966189277,1325,SAT-19-0,27.888382555548493,136.50789661892773,1325,left,0.0008832039760230251,2282000,2128.1940125525707
SAT-0-0,142.92166000000472,154.5078966189277,1325,SAT-1-0,27.888382555548493,172.5078966189277,1325,right,0.0008832039761487292,2282000,2128.194012552569
SAT-0-0,143.04692000000475,154.6089814806944,1325,SAT-19-0,27.800626700615375,136.60898148069438,1325,left,0.0008817749832620514,2284000,2129.9165403668826
SAT-0-0,143.04692000000475,154.6089814806944,1325,SAT-1-0,27.800626700615375,172.6089814806944,1325,right,0.0008817749832620514,2284000,2129.9165403668812
SAT-0-0,143.2974400000048,154.8106623361375,1325,SAT-19-0,27.62489500795268,136.8106623361375,1325,left,0.0008789361913464728,2288000,2133.35088895932
SAT-0-0,143.2974400000048,154.8106623361375,1325,SAT-1-0,27.62489500795268,172.8106623361375,1325,right,0.0008789361913464728,2288000,2133.3508889593168
SAT-0-0,143.42270000000482,154.9112597934903,1325,SAT-19-0,27.53691995001299,136.91125979349027,1325,left,0.0008775263671125754,2290000,2135.0626614083308
SAT-0-0,143.42270000000482,154.9112597934903,1325,SAT-1-0,27.53691995001299,172.9112597934903,1325,right,0.00087752636736561,2290000,2135.0626614083276
SAT-0-0,143.6732200000049,155.11197241583034,1325,SAT-19-0,27.36075334829385,137.11197241583034,1325,left,0.000874725799579627,2294000,2138.4752825520463
SAT-0-0,143.6732200000049,155.11197241583034,1325,SAT-1-0,27.36075334829385,173.11197241583034,1325,right,0.0008747257997065495,2294000,2138.475282552046
SAT-0-0,143.79848000000493,155.2120890358163,1325,SAT-19-0,27.27256257465966,137.21208903581626,1325,left,0.0008733350310236633,2296000,2140.1760835271575
SAT-0-0,143.79848000000493,155.2120890358163,1325,SAT-1-0,27.27256257465966,173.2120890358163,1325,right,0.0008733350307694142,2296000,2140.1760835271557
SAT-0-0,144.04900000000504,155.4118465199811,1325,SAT-19-0,27.095967995287687,137.41184651998108,1325,left,0.0008705724595438636,2300000,2143.5665477435286
SAT-0-0,144.04900000000504,155.4118465199811,1325,SAT-1-0,27.095967995287687,173.4118465199811,1325,right,0.0008705724600539754,2300000,2143.5665477435273
SAT-0-0,144.1742600000051,155.5114888303903,1325,SAT-19-0,27.007564950194652,137.51148883039033,1325,left,0.0008692006318306234,2302000,2145.256163871306
SAT-0-0,144.1742600000051,155.5114888303903,1325,SAT-1-0,27.007564950194652,173.5114888303903,1325,right,0.0008692006317028942,2302000,2145.256163871305
SAT-0-0,144.42478000000517,155.71030419239997,1325,SAT-19-0,26.830549239068095,137.71030419239997,1325,left,0.0008664758264270087,2306000,2148.6240471367178
SAT-0-0,144.42478000000517,155.71030419239997,1325,SAT-1-0,26.830549239068095,173.71030419239997,1325,right,0.0008664758266832704,2306000,2148.6240471367164
SAT-0-0,144.55004000000523,155.8094786813827,1325,SAT-19-0,26.741937324322212,137.80947868138276,1325,left,0.0008651228235366524,2308000,2150.302267763579
SAT-0-0,144.55004000000523,155.8094786813827,1325,SAT-1-0,26.741937324322212,173.8094786813827,1325,right,0.0008651228237933149,2308000,2150.3022677635763
SAT-0-0,144.8005600000053,156.00736485763161,1325,SAT-19-0,26.564507243124865,138.00736485763161,1325,left,0.0008624355515370553,2312000,2153.647151478803
SAT-0-0,144.8005600000053,156.00736485763161,1325,SAT-1-0,26.564507243124865,174.00736485763161,1325,right,0.0008624355519232488,2312000,2153.647151478801
SAT-0-0,144.92582000000536,156.10607797336272,1325,SAT-19-0,26.475689818746712,138.10607797336274,1325,left,0.000861101256699338,2314000,2155.313768655705
SAT-0-0,144.92582000000536,156.10607797336272,1325,SAT-1-0,26.475689818746712,174.10607797336272,1325,right,0.0008611012572150604,2314000,2155.313768655702
SAT-0-0,145.17634000000547,156.3030478199955,1325,SAT-19-0,26.29785204623319,138.30304781999556,1325,left,0.0008584512843791382,2318000,2158.6352396153147
SAT-0-0,145.17634000000547,156.3030478199955,1325,SAT-1-0,26.29785204623319,174.3030478199955,1325,right,0.0008584512846377953,2318000,2158.635239615314
SAT-0-0,145.3016000000055,156.40130597038535,1325,SAT-19-0,26.208832431098923,138.40130597038538,1325,left,0.000857135580780652,2320000,2160.2900480824837
SAT-0-0,145.3016000000055,156.40130597038535,1325,SAT-1-0,26.208832431098923,174.40130597038535,1325,right,0.0008571355805215977,2320000,2160.2900480824824
SAT-0-0,145.5521200000056,156.59737226276252,1325,SAT-19-0,26.030593564373554,138.5973722627625,1325,left,0.0008545226719338882,2324000,2163.587698444349
SAT-0-0,145.5521200000056,156.59737226276252,1325,SAT-1-0,26.030593564373554,174.59737226276252,1325,right,0.0008545226719338882,2324000,2163.587698444348
SAT-0-0,145.67738000000566,156.6951818152115,1325,SAT-19-0,25.941375036852747,138.69518181521147,1325,left,0.0008532254405779675,2326000,2165.230495616046
SAT-0-0,145.67738000000566,156.6951818152115,1325,SAT-1-0,25.941375036852747,174.6951818152115,1325,right,0.0008532254405779675,2326000,2165.2304956160433
SAT-0-0,145.92790000000574,156.89035724746148,1325,SAT-19-0,25.76274159264175,138.89035724746142,1325,left,0.0008506493590910359,2330000,2168.503922870911
SAT-0-0,145.92790000000574,156.89035724746148,1325,SAT-1-0,25.76274159264175,174.89035724746148,1325,right,0.0008506493593520654,2330000,2168.5039228709093
SAT-0-0,146.0531600000058,156.98772452865708,1325,SAT-19-0,25.67332739123155,138.98772452865705,1325,left,0.0008493704824915771,2332000,2170.134508820255
SAT-0-0,146.0531600000058,156.98772452865708,1325,SAT-1-0,25.67332739123155,174.98772452865708,1325,right,0.0008493704820994432,2332000,2170.134508820253
SAT-0-0,146.30368000000587,157.1820217133107,1325,SAT-19-0,25.494305807147835,139.1820217133107,1325,left,0.000846830989751266,2336000,2173.383315761454
SAT-0-0,146.30368000000587,157.1820217133107,1325,SAT-1-0,25.494305807147835,175.1820217133107,1325,right,0.000846830989751266,2336000,2173.3833157614517
SAT-0-0,146.42894000000592,157.2789530090645,1325,SAT-19-0,25.40469913110366,139.27895300906454,1325,left,0.0008455703475718248,2338000,2175.0014932053095
SAT-0-0,146.42894000000592,157.2789530090645,1325,SAT-1-0,25.40469913110366,175.2789530090645,1325,right,0.0008455703480970198,2338000,2175.0014932053073
SAT-0-0,146.67946000000603,157.4723844767686,1325,SAT-19-0,25.225295766904004,139.47238447676858,1325,left,0.00084306720624619,2342000,2178.225287898619
SAT-0-0,146.67946000000603,157.4723844767686,1325,SAT-1-0,25.225295766904004,175.4723844767686,1325,right,0.0008430672061145015,2342000,2178.2252878986174
SAT-0-0,146.80472000000606,157.5688860318925,1325,SAT-19-0,25.135499776866062,139.5688860318925,1325,left,0.0008418246796759891,2344000,2179.8308621825668
SAT-0-0,146.80472000000606,157.5688860318925,1325,SAT-1-0,25.135499776866062,175.5688860318925,1325,right,0.0008418246796759891,2344000,2179.8308621825654
SAT-0-0,147.05524000000617,157.76146423119926,1325,SAT-19-0,24.955720915700308,139.7614642311993,1325,left,0.0008393576495360165,2348000,2183.029257936224
SAT-0-0,147.05524000000617,157.76146423119926,1325,SAT-1-0,24.955720915700308,175.76146423119926,1325,right,0.0008393576495360165,2348000,2183.029257936222
SAT-0-0,147.18050000000622,157.85754224941806,1325,SAT-19-0,24.865738734316135,139.85754224941803,1325,left,0.0008381331195383222,2350000,2184.62203701961
SAT-0-0,147.18050000000622,157.85754224941806,1325,SAT-1-0,24.865738734316135,175.85754224941806,1325,right,0.0008381331192733946,2350000,2184.6220370196074
SAT-0-0,147.4310200000063,158.04927954664626,1325,SAT-19-0,24.68559058396805,140.04927954664626,1325,left,0.0008357019618036948,2354000,2187.7946523545147
SAT-0-0,147.4310200000063,158.04927954664626,1325,SAT-1-0,24.68559058396805,176.04927954664626,1325,right,0.0008357019615379965,2354000,2187.7946523545124
SAT-0-0,147.55628000000635,158.14494019054638,1325,SAT-19-0,24.595425296510726,140.1449401905464,1325,left,0.00083449530799362,2356000,2189.3744467956044
SAT-0-0,147.55628000000635,158.14494019054638,1325,SAT-1-0,24.595425296510726,176.14494019054638,1325,right,0.00083449530799362,2356000,2189.374446795603
SAT-0-0,147.80680000000646,158.3358488697125,1325,SAT-19-0,24.414913990630037,140.33584886971244,1325,left,0.0008320997835124048,2360000,2192.5209054157285
SAT-0-0,147.80680000000646,158.3358488697125,1325,SAT-1-0,24.414913990630037,176.3358488697125,1325,right,0.0008320997833789805,2360000,2192.5209054157262
SAT-0-0,147.9320600000065,158.4310982607237,1325,SAT-19-0,24.324568645612096,140.43109826072373,1325,left,0.0008309108864797938,2362000,2194.087528356967
SAT-0-0,147.9320600000065,158.4310982607237,1325,SAT-1-0,24.324568645612096,176.4310982607237,1325,right,0.0008309108862125633,2362000,2194.087528356964
SAT-0-0,148.1825800000066,158.6211905235387,1325,SAT-19-0,24.143700244937623,140.62119052353873,1325,left,0.000828550755342535,2366000,2197.2074591199807
SAT-0-0,148.1825800000066,158.6211905235387,1325,SAT-1-0,24.143700244937623,176.6211905235387,1325,right,0.000828550755342535,2366000,2197.207459119979
SAT-0-0,148.30784000000665,158.7160347419488,1325,SAT-19-0,24.053177854720246,140.71603474194873,1325,left,0.0008273794951363154,2368000,2198.760726273355
SAT-0-0,148.30784000000665,158.7160347419488,1325,SAT-1-0,24.053177854720246,176.7160347419488,1325,right,0.0008273794950021299,2368000,2198.760726273353
SAT-0-0,148.55836000000673,158.90532270787818,1325,SAT-19-0,23.871958348293795,140.9053227078782,1325,left,0.0008250545186978085,2372000,2201.8537631614954
SAT-0-0,148.55836000000673,158.90532270787818,1325,SAT-1-0,23.871958348293795,176.90532270787818,1325,right,0.000825054518563245,2372000,2201.8537631614936
SAT-0-0,148.68362000000678,158.99976779287823,1325,SAT-19-0,23.781261889691475,140.9997677928783,1325,left,0.0008239007758381723,2374000,2203.3934927940422
SAT-0-0,148.68362000000678,158.99976779287823,1325,SAT-1-0,23.781261889691475,176.99976779287823,1325,right,0.0008239007758381723,2374000,2203.3934927940404
SAT-0-0,148.93414000000686,159.18826349926243,1325,SAT-19-0,23.5996971960623,141.1882634992624,1325,left,0.0008216107150062071,2378000,2206.45927488522
SAT-0-0,148.93414000000686,159.18826349926243,1325,SAT-1-0,23.5996971960623,177.18826349926243,1325,right,0.0008216107152764624,2378000,2206.459274885219
SAT-0-0,149.05940000000692,159.2823154490216,1325,SAT-19-0,23.508829610942527,141.28231544902164,1325,left,0.0008204743708401296,2380000,2207.9852878046386
SAT-0-0,149.05940000000692,159.2823154490216,1325,SAT-1-0,23.508829610942527,177.2823154490216,1325,right,0.0008204743708401296,2380000,2207.9852878046377
SAT-0-0,149.30992000000703,159.47003085125388,1325,SAT-19-0,23.326925579362037,141.4700308512539,1325,left,0.0008182189877149952,2384000,2211.023459243833
SAT-0-0,149.30992000000703,159.47003085125388,1325,SAT-1-0,23.326925579362037,177.47003085125388,1325,right,0.0008182189874436197,2384000,2211.023459243832
SAT-0-0,149.43518000000705,159.56369562302228,1325,SAT-19-0,23.23588977524033,141.56369562302226,1325,left,0.0008170999226070213,2386000,2212.535578784251
SAT-0-0,149.43518000000705,159.56369562302228,1325,SAT-1-0,23.23588977524033,177.56369562302228,1325,right,0.0008170999226070213,2386000,2212.5355787842477
SAT-0-0,149.68570000000716,159.75064259478174,1325,SAT-19-0,23.053652186846872,141.75064259478177,1325,left,0.0008148789803821327,2390000,2215.545788755156
SAT-0-0,149.68570000000716,159.75064259478174,1325,SAT-1-0,23.053652186846872,177.75064259478174,1325,right,0.0008148789801096448,2390000,2215.5457887551534
SAT-0-0,149.8109600000072,159.84392610502005,1325,SAT-19-0,22.96245103747663,141.84392610502002,1325,left,0.0008137770759572301,2392000,2217.0438407630254
SAT-0-0,149.8109600000072,159.84392610502005,1325,SAT-1-0,22.96245103747663,177.84392610502005,1325,right,0.0008137770762300869,2392000,2217.0438407630245
SAT-0-0,150.0614800000073,160.03011643855672,1325,SAT-19-0,22.77988560647032,142.0301164385567,1325,left,0.0008115903371801107,2396000,2220.0257434600157
SAT-0-0,150.0614800000073,160.03011643855672,1325,SAT-1-0,22.77988560647032,178.03011643855672,1325,right,0.0008115903371801107,2396000,2220.025743460013
SAT-0-0,150.18674000000735,160.12302456309146,1325,SAT-19-0,22.688521952427696,142.12302456309146,1325,left,0.0008105054755990112,2398000,2221.509556280172
SAT-0-0,150.18674000000735,160.12302456309146,1325,SAT-1-0,22.688521952427696,178.12302456309146,1325,right,0.0008105054762839067,2398000,2221.50955628017
SAT-0-0,150.43726000000743,160.3084699695614,1325,SAT-19-0,22.50563432723511,142.3084699695614,1325,left,0.0008083527051956897,2402000,2224.46281088054
SAT-0-0,150.43726000000743,160.3084699695614,1325,SAT-1-0,22.50563432723511,178.3084699695614,1325,right,0.0008083527054703776,2402000,2224.4628108805387
SAT-0-0,150.56252000000748,160.40100854376468,1325,SAT-19-0,22.414110976498737,142.40100854376465,1325,left,0.0008072847700677371,2404000,2225.932215342397
SAT-0-0,150.56252000000748,160.40100854376468,1325,SAT-1-0,22.414110976498737,178.40100854376468,1325,right,0.0008072847700677371,2404000,2225.9322153423955
SAT-0-0,150.8130400000076,160.58572065361258,1325,SAT-19-0,22.230906740927054,142.58572065361255,1325,left,0.0008051657337485698,2408000,2228.856485978931
SAT-0-0,150.8130400000076,160.58572065361258,1325,SAT-1-0,22.230906740927054,178.58572065361258,1325,right,0.0008051657334727947,2408000,2228.8564859789285
SAT-0-0,150.93830000000762,160.6778954726046,1325,SAT-19-0,22.139226469452584,142.6778954726046,1325,left,0.0008041146065042697,2410000,2230.311315382846
SAT-0-0,150.93830000000762,160.6778954726046,1325,SAT-1-0,22.139226469452584,178.6778954726046,1325,right,0.0008041146065042697,2410000,2230.311315382844
SAT-0-0,151.18882000000772,160.86188583599176,1325,SAT-19-0,21.95571114383349,142.8618858359918,1325,left,0.0008020290713364969,2414000,2233.2062711167046
SAT-0-0,151.18882000000772,160.86188583599176,1325,SAT-1-0,21.95571114383349,178.86188583599176,1325,right,0.0008020290711980701,2414000,2233.206271116702
SAT-0-0,151.31408000000778,160.95370265486585,1325,SAT-19-0,21.86387669612293,142.95370265486588,1325,left,0.0008009946366717829,2416000,2234.6463612205034
SAT-0-0,151.31408000000778,160.95370265486585,1325,SAT-1-0,21.86387669612293,178.95370265486585,1325,right,0.0008009946369489941,2416000,2234.6463612205025
SAT-0-0,151.56460000000786,161.13698274214084,1325,SAT-19-0,21.680055738445997,143.13698274214084,1325,left,0.0007989423713994447,2420000,2237.511676014437
SAT-0-0,151.56460000000786,161.13698274214084,1325,SAT-1-0,21.680055738445997,179.13698274214084,1325,right,0.0007989423711215215,2420000,2237.511676014435
SAT-0-0,151.6898600000079,161.22844727620918,1325,SAT-19-0,21.58806982811162,143.22844727620912,1325,left,0.0007979245139280814,2422000,2238.9368650201063
SAT-0-0,151.6898600000079,161.22844727620918,1325,SAT-1-0,21.58806982811162,179.22844727620918,1325,right,0.0007979245136498037,2422000,2238.936865020104
SAT-0-0,151.940380000008,161.4110284784198,1325,SAT-19-0,21.403948635146996,143.41102847841984,1325,left,0.000795905287892593,2426000,2241.772217712003
SAT-0-0,151.940380000008,161.4110284784198,1325,SAT-1-0,21.403948635146996,179.4110284784198,1325,right,0.0007959052876136092,2426000,2241.7722177120013
SAT-0-0,152.06564000000805,161.5021464034792,1325,SAT-19-0,21.311813945470192,143.50214640347917,1325,left,0.0007949038930560252,2428000,2243.1823462525463
SAT-0-0,152.06564000000805,161.5021464034792,1325,SAT-1-0,21.311813945470192,179.5021464034792,1325,right,0.0007949038930560252,2428000,2243.1823462525454
SAT-0-0,152.31616000000815,161.6840400329231,1325,SAT-19-0,21.12739785388064,143.6840400329231,1325,left,0.0007929174777539275,2432000,2245.9874205293377
SAT-0-0,152.31616000000815,161.6840400329231,1325,SAT-1-0,21.12739785388064,179.6840400329231,1325,right,0.000792917477893945,2432000,2245.987420529336
SAT-0-0,152.44142000000818,161.77481698553976,1325,SAT-19-0,21.035117038365197,143.7748169855398,1325,left,0.0007919324317694198,2434000,2247.3823316558173
SAT-0-0,152.44142000000818,161.77481698553976,1325,SAT-1-0,21.035117038365197,179.77481698553976,1325,right,0.0007919324317694198,2434000,2247.3823316558155
SAT-0-0,152.6919400000083,161.95603427635214,1325,SAT-19-0,20.85041132580749,143.95603427635217,1325,left,0.0007899786011763071,2438000,2250.1568160277143
SAT-0-0,152.6919400000083,161.95603427635214,1325,SAT-1-0,20.85041132580749,179.95603427635214,1325,right,0.0007899786014573839,2438000,2250.156816027712
SAT-0-0,152.81720000000834,162.04647585416416,1325,SAT-19-0,20.757987008727632,144.04647585416416,1325,left,0.0007890097914052639,2440000,2251.5363551964597
SAT-0-0,152.81720000000834,162.04647585416416,1325,SAT-1-0,20.757987008727632,180.04647585416416,1325,right,0.000789009791264553,2440000,2251.536355196457
SAT-0-0,153.06772000000842,162.22702796294035,1325,SAT-19-0,20.572996894943277,144.22702796294038,1325,left,0.0007870883199064782,2444000,2254.279942971565
SAT-0-0,153.06772000000842,162.22702796294035,1325,SAT-1-0,20.572996894943277,180.22702796294035,1325,right,0.000787088320470696,2444000,2254.279942971562
SAT-0-0,153.19298000000848,162.3171397249779,1325,SAT-19-0,20.480431671886237,144.31713972497786,1325,left,0.0007861356346612232,2446000,2255.6439580315673
SAT-0-0,153.19298000000848,162.3171397249779,1325,SAT-1-0,20.480431671886237,180.3171397249779,1325,right,0.000786135634237547,2446000,2255.6439580315646
SAT-0-0,153.44350000000858,162.49703773142943,1325,SAT-19-0,20.295162319781326,144.4970377314294,1325,left,0.0007842463004573976,2450000,2258.3563472908377
SAT-0-0,153.44350000000858,162.49703773142943,1325,SAT-1-0,20.295162319781326,180.49703773142943,1325,right,0.0007842463004573976,2450000,2258.3563472908354
SAT-0-0,153.5687600000086,162.58682519845033,1325,SAT-19-0,20.20245875818471,144.58682519845027,1325,left,0.0007833096272478681,2452000,2259.7046884713222
SAT-0-0,153.5687600000086,162.58682519845033,1325,SAT-1-0,20.20245875818471,180.58682519845033,1325,right,0.0007833096275313379,2452000,2259.70468847132
SAT-0-0,153.81928000000872,162.76608010609243,1325,SAT-19-0,20.016915274899052,144.7660801060925,1325,left,0.0007814522092884696,2456000,2262.385582043905
SAT-0-0,153.81928000000872,162.76608010609243,1325,SAT-1-0,20.016915274899052,180.76608010609243,1325,right,0.0007814522092884696,2456000,2262.385582043901
SAT-0-0,153.94454000000877,162.8555487609338,1325,SAT-19-0,19.9240759145827,144.85554876093377,1325,left,0.0007805314402846756,2458000,2263.718101942091
SAT-0-0,153.94454000000877,162.8555487609338,1325,SAT-1-0,19.9240759145827,180.8555487609338,1325,right,0.000780531439715718,2458000,2263.7181019420877
SAT-0-0,154.19506000000885,163.03417149780282,1325,SAT-19-0,19.73826335254827,145.03417149780282,1325,left,0.0007787057194263519,2462000,2266.367207381018
SAT-0-0,154.19506000000885,163.03417149780282,1325,SAT-1-0,19.73826335254827,181.03417149780282,1325,right,0.0007787057195689248,2462000,2266.367207381017
SAT-0-0,154.3203200000089,163.12332678574668,1325,SAT-19-0,19.645290706240782,145.1233267857467,1325,left,0.0007778007443206925,2464000,2267.683760950065
SAT-0-0,154.3203200000089,163.12332678574668,1325,SAT-1-0,19.645290706240782,181.12332678574668,1325,right,0.0007778007438924762,2464000,2267.6837609500635
SAT-0-0,154.57084000000899,163.3013282051457,1325,SAT-19-0,19.459214064229506,145.30132820514567,1325,left,0.0007760065046325006,2468000,2270.3007905083437
SAT-0-0,154.57084000000899,163.3013282051457,1325,SAT-1-0,19.459214064229506,181.3013282051457,1325,right,0.0007760065046325006,2468000,2270.3007905083423
SAT-0-0,154.69610000000904,163.39017553429895,1325,SAT-19-0,19.36611061808938,145.39017553429895,1325,left,0.000775117215972347,2470000,2271.6012350454807
SAT-0-0,154.69610000000904,163.39017553429895,1325,SAT-1-0,19.36611061808938,181.39017553429895,1325,right,0.0007751172161155799,2470000,2271.6012350454803
SAT-0-0,154.94662000000915,163.56756641557027,1325,SAT-19-0,19.179774842250097,145.5675664155703,1325,left,0.0007733542433488825,2474000,2274.1859056525377
SAT-0-0,154.94662000000915,163.56756641557027,1325,SAT-1-0,19.179774842250097,181.56756641557027,1325,right,0.0007733542433488825,2474000,2274.1859056525363
SAT-0-0,155.07188000000917,163.6561111572571,1325,SAT-19-0,19.08654305638169,145.65611115725713,1325,left,0.0007724805354981208,2476000,2275.470100787387
SAT-0-0,155.07188000000917,163.6561111572571,1325,SAT-1-0,19.08654305638169,181.6561111572571,1325,right,0.0007724805354981208,2476000,2275.4701007873864
SAT-0-0,155.32240000000928,163.83290220658014,1325,SAT-19-0,18.899953041266528,145.8329022065801,1325,left,0.0007707486176801006,2480000,2278.022134025907
SAT-0-0,155.32240000000928,163.83290220658014,1325,SAT-1-0,18.899953041266528,181.83290220658014,1325,right,0.0007707486175360557,2480000,2278.022134025905
SAT-0-0,155.44766000000934,163.92114969574703,1325,SAT-19-0,18.806595350230516,145.92114969574703,1325,left,0.0007698903844615607,2482000,2279.2899417090007
SAT-0-0,155.44766000000934,163.92114969574703,1325,SAT-1-0,18.806595350230516,181.92114969574703,1325,right,0.0007698903844615607,2482000,2279.289941708998
SAT-0-0,155.69818000000942,164.0973515469599,1325,SAT-19-0,18.619755939810727,146.09735154695994,1325,left,0.0007681893120605062,2486000,2281.809063792142
SAT-0-0,155.69818000000942,164.0973515469599,1325,SAT-1-0,18.619755939810727,182.0973515469599,1325,right,0.0007681893122050309,2486000,2281.809063792139
SAT-0-0,155.82344000000947,164.1853070825923,1325,SAT-19-0,18.52627475312942,146.18530708259235,1325,left,0.0007673464492751726,2488000,2283.060348283618
SAT-0-0,155.82344000000947,164.1853070825923,1325,SAT-1-0,18.52627475312942,182.1853070825923,1325,right,0.0007673464495645396,2488000,2283.0603482836163
SAT-0-0,156.07396000000955,164.3609302980363,1325,SAT-19-0,18.33919074180071,146.36093029803632,1325,left,0.0007656760156603842,2492000,2285.546290032618
SAT-0-0,156.07396000000955,164.3609302980363,1325,SAT-1-0,18.33919074180071,182.3609302980363,1325,right,0.0007656760156603842,2492000,2285.5462900326156
SAT-0-0,156.1992200000096,164.44859914358614,1325,SAT-19-0,18.24558844445799,146.4485991435861,1325,left,0.000764848421472663,2494000,2286.780917891127
SAT-0-0,156.1992200000096,164.44859914358614,1325,SAT-1-0,18.24558844445799,182.44859914358614,1325,right,0.0007648484219081309,2494000,2286.7809178911266
SAT-0-0,156.4497400000097,164.62365421497108,1325,SAT-19-0,18.05826457803527,146.62365421497108,1325,left,0.0007632084220715106,2498000,2289.2334147132838
SAT-0-0,156.4497400000097,164.62365421497108,1325,SAT-1-0,18.05826457803527,182.62365421497108,1325,right,0.0007632084222169785,2498000,2289.2334147132806
SAT-0-0,156.57500000000974,164.71104159879474,1325,SAT-19-0,17.964543530971522,146.71104159879474,1325,left,0.0007623959941945609,2500000,2290.4512547850727
SAT-0-0,156.57500000000974,164.71104159879474,1325,SAT-1-0,17.964543530971522,182.71104159879474,1325,right,0.0007623959941945609,2500000,2290.4512547850704
SAT-0-0,156.82552000000985,164.88553894808487,1325,SAT-19-0,17.77698450767333,146.88553894808487,1325,left,0.0007607862269381221,2504000,2292.8700466521195
SAT-0-0,156.82552000000985,164.88553894808487,1325,SAT-1-0,17.77698450767333,182.88553894808487,1325,right,0.0007607862269381221,2504000,2292.8700466521173
SAT-0-0,156.9507800000099,164.97265006389074,1325,SAT-19-0,17.683147048275007,146.97265006389068,1325,left,0.000759988865759304,2506000,2294.070970060317
SAT-0-0,156.9507800000099,164.97265006389074,1325,SAT-1-0,17.683147048275007,182.97265006389074,1325,right,0.0007599888653210516,2506000,2294.070970060315
SAT-0-0,157.20130000000998,165.14660004420926,1325,SAT-19-0,17.495357519697734,147.14660004420924,1325,left,0.0007584091313936536,2510000,2296.455801487187
SAT-0-0,157.20130000000998,165.14660004420926,1325,SAT-1-0,17.495357519697734,183.14660004420926,1325,right,0.0007584091318328188,2510000,2296.4558014871845
SAT-0-0,157.32656000001003,165.23344005151472,1325,SAT-19-0,17.40140596228185,147.23344005151472,1325,left,0.000757626737436857,2512000,2297.6396816212805
SAT-0-0,157.32656000001003,165.23344005151472,1325,SAT-1-0,17.40140596228185,183.23344005151472,1325,right,0.000757626737436857,2512000,2297.639681621278
SAT-0-0,157.5770800000101,165.40685294806624,1325,SAT-19-0,17.21339053436365,147.40685294806627,1325,left,0.0007560768396844188,2516000,2299.9903016452527
SAT-0-0,157.5770800000101,165.40685294806624,1325,SAT-1-0,17.21339053436365,183.40685294806624,1325,right,0.0007560768396844188,2516000,2299.990301645251
SAT-0-0,157.70234000001017,165.49342697266286,1325,SAT-19-0,17.11932717065729,147.4934269726629,1325,left,0.0007553093155851776,2518000,2301.1570141507596
SAT-0-0,157.70234000001017,165.49342697266286,1325,SAT-1-0,17.11932717065729,183.49342697266286,1325,right,0.0007553093155851776,2518000,2301.1570141507573
SAT-0-0,157.95286000001028,165.66631300367254,1325,SAT-19-0,16.931090404631867,147.6663130036725,1325,left,0.0007537890617516407,2522000,2303.473176310997
SAT-0-0,157.95286000001028,165.66631300367254,1325,SAT-1-0,16.931090404631867,183.66631300367254,1325,right,0.0007537890614570694,2522000,2303.4731763109953
SAT-0-0,158.0781200000103,165.75262613809994,1325,SAT-19-0,16.83691750424656,147.75262613809997,1325,left,0.000753036310725467,2524000,2304.6225990793323
SAT-0-0,158.0781200000103,165.75262613809994,1325,SAT-1-0,16.83691750424656,183.75262613809994,1325,right,0.0007530363110203326,2524000,2304.6225990793296
SAT-0-0,158.3286400000104,165.92499545576837,1325,SAT-19-0,16.64846391758706,147.9249954557684,1325,left,0.0007515455093558789,2528000,2306.904061396809
SAT-0-0,158.3286400000104,165.92499545576837,1325,SAT-1-0,16.64846391758706,183.92499545576837,1325,right,0.0007515455090604283,2528000,2306.9040613968073
SAT-0-0,158.45390000001046,166.0110527597952,1325,SAT-19-0,16.554183728488226,148.0110527597952,1325,left,0.0007508074373346266,2530000,2308.0360745553426
SAT-0-0,158.45390000001046,166.0110527597952,1325,SAT-1-0,16.554183728488226,184.0110527597952,1325,right,0.0007508074376303676,2530000,2308.0360745553407
SAT-0-0,158.70442000001054,166.18291545126792,1325,SAT-19-0,16.365517795841207,148.1829154512679,1325,left,0.0007493458996831321,2534000,2310.282599513154
SAT-0-0,158.70442000001054,166.18291545126792,1325,SAT-1-0,16.365517795841207,184.18291545126792,1325,right,0.0007493458993868142,2534000,2310.2825995131516
SAT-0-0,158.8296800000106,166.26872195238042,1325,SAT-19-0,16.27113254481263,148.2687219523804,1325,left,0.0007486224128877626,2536000,2311.3970854154672
SAT-0-0,158.8296800000106,166.26872195238042,1325,SAT-1-0,16.27113254481263,184.26872195238042,1325,right,0.0007486224133326691,2536000,2311.397085415466
SAT-0-0,159.0802000000107,166.44008804073144,1325,SAT-19-0,16.08225869892221,148.44008804073144,1325,left,0.0007471899547016424,2540000,2313.6084399395336
SAT-0-0,159.0802000000107,166.44008804073144,1325,SAT-1-0,16.08225869892221,184.4400880407314,1325,right,0.0007471899547016424,2540000,2313.6084399395313
SAT-0-0,159.20546000001073,166.52564873462816,1325,SAT-19-0,15.987770592025814,148.5256487346282,1325,left,0.0007464809619363617,2542000,2314.705283155864
SAT-0-0,159.20546000001073,166.52564873462816,1325,SAT-1-0,15.987770592025814,184.52564873462816,1325,right,0.0007464809622338169,2542000,2314.7052831558617
SAT-0-0,159.45598000001084,166.6965281798564,1325,SAT-19-0,15.798693224648185,148.69652817985636,1325,left,0.0007450774005019055,2546000,2316.8812385960164
SAT-0-0,159.45598000001084,166.6965281798564,1325,SAT-1-0,15.798693224648185,184.6965281798564,1325,right,0.00074507740020389,2546000,2316.881238596015
SAT-0-0,159.5812400000109,166.78184803094973,1325,SAT-19-0,15.704104447678818,148.7818480309498,1325,left,0.0007443828110046244,2548000,2317.960325903901
SAT-0-0,159.5812400000109,166.78184803094973,1325,SAT-1-0,15.704104447678818,184.78184803094973,1325,right,0.000744382811302918,2548000,2317.960325903898
SAT-0-0,159.83176000001097,166.9522507309874,1325,SAT-19-0,15.51482791048725,148.95225073098737,1325,left,0.0007430079670686814,2552000,2320.1006580153557
SAT-0-0,159.83176000001097,166.9522507309874,1325,SAT-1-0,15.51482791048725,184.9522507309874,1325,right,0.0007430079670686814,2552000,2320.100658015355
SAT-0-0,159.95702000001103,167.03733467291053,1325,SAT-19-0,15.420140629422887,149.0373346729105,1325,left,0.0007423276919186995,2554000,2321.1618783904582
SAT-0-0,159.95702000001103,167.03733467291053,1325,SAT-1-0,15.420140629422887,185.03733467291053,1325,right,0.000742327692217819,2554000,2321.1618783904564
SAT-0-0,160.2075400000111,167.20727046464302,1325,SAT-19-0,15.230669234903402,149.207270464643,1325,left,0.0007409813890934647,2558000,2323.2663673156767
SAT-0-0,160.2075400000111,167.20727046464302,1325,SAT-1-0,15.230669234903402,185.20727046464302,1325,right,0.0007409813887938019,2558000,2323.266367315675
SAT-0-0,160.33280000001116,167.2921234007626,1325,SAT-19-0,15.135885596350533,149.29212340076262,1325,left,0.0007403153411383935,2560000,2324.3096119228185
SAT-0-0,160.33280000001116,167.2921234007626,1325,SAT-1-0,15.135885596350533,185.2921234007626,1325,right,0.0007403153411383935,2560000,2324.3096119228153
SAT-0-0,160.58332000001127,167.46160206105876,1325,SAT-19-0,14.946223618688217,149.46160206105876,1325,left,0.0007389974057440268,2564000,2326.378042173742
SAT-0-0,160.58332000001127,167.46160206105876,1325,SAT-1-0,14.946223618688217,185.46160206105876,1325,right,0.0007389974057440268,2564000,2326.3780421737397
SAT-0-0,160.7085800000113,167.54622886499254,1325,SAT-19-0,14.851345750322867,149.54622886499257,1325,left,0.0007383454990725923,2566000,2327.403204358114
SAT-0-0,160.7085800000113,167.54622886499254,1325,SAT-1-0,14.851345750322867,185.54622886499254,1325,right,0.0007383454990725923,2566000,2327.4032043581115
SAT-0-0,160.9591000000114,167.71526011174487,1325,SAT-19-0,14.661497426279048,149.71526011174487,1325,left,0.0007370557610277883,2570000,2329.4353647987923
SAT-0-0,160.9591000000114,167.71526011174487,1325,SAT-1-0,14.661497426279048,185.71526011174487,1325,right,0.0007370557610277883,2570000,2329.4353647987905
SAT-0-0,161.08436000001146,167.7996656278842,1325,SAT-19-0,14.566527437283037,149.79966562788417,1325,left,0.0007364179110373271,2572000,2330.4423400773658
SAT-0-0,161.08436000001146,167.7996656278842,1325,SAT-1-0,14.566527437283037,185.7996656278842,1325,right,0.0007364179110373271,2572000,2330.4423400773644
SAT-0-0,161.33488000001154,167.96825912105814,1325,SAT-19-0,14.3764969670636,149.96825912105817,1325,left,0.0007351562035519518,2576000,2332.4380239069615
SAT-0-0,161.33488000001154,167.96825912105814,1325,SAT-1-0,14.3764969670636,185.96825912105814,1325,right,0.0007351562035519518,2576000,2332.4380239069587
SAT-0-0,161.4601400000116,168.05244816509466,1325,SAT-19-0,14.28143694855651,150.0524481650947,1325,left,0.0007345323277708249,2578000,2333.4267099600784
SAT-0-0,161.4601400000116,168.05244816509466,1325,SAT-1-0,14.28143694855651,186.05244816509466,1325,right,0.000734532327468531,2578000,2333.4267099600766
SAT-0-0,161.71066000001167,168.2206135077865,1325,SAT-19-0,14.091228496671324,150.22061350778648,1325,left,0.000733298485820715,2582000,2335.3857146962414
SAT-0-0,161.71066000001167,168.2206135077865,1325,SAT-1-0,14.091228496671324,186.2206135077865,1325,right,0.0007332984861235175,2582000,2335.3857146962396
SAT-0-0,161.83592000001173,168.3045908672432,1325,SAT-19-0,13.996080522137934,150.3045908672432,1325,left,0.0007326885024660931,2584000,2336.356011359407
SAT-0-0,161.83592000001173,168.3045908672432,1325,SAT-1-0,13.996080522137934,186.3045908672432,1325,right,0.0007326885027691478,2584000,2336.356011359405
SAT-0-0,162.08644000001183,168.47233760674555,1325,SAT-19-0,13.805698218251576,150.47233760674553,1325,left,0.0007314823659456313,2588000,2338.2781388220405
SAT-0-0,162.08644000001183,168.47233760674555,1325,SAT-1-0,13.805698218251576,186.47233760674555,1325,right,0.0007314823660974085,2588000,2338.2781388220387
SAT-0-0,162.21170000001186,168.5561080415114,1325,SAT-19-0,13.710464343965219,150.55610804151146,1325,left,0.0007308861958048459,2590000,2339.2299480778906
SAT-0-0,162.21170000001186,168.5561080415114,1325,SAT-1-0,13.710464343965219,186.5561080415114,1325,right,0.000730886195501044,2590000,2339.2299480778893
SAT-0-0,162.46222000001197,168.72344567038635,1325,SAT-19-0,13.519912283739096,150.72344567038638,1325,left,0.0007297076063338256,2594000,2341.115004373283
SAT-0-0,162.46222000001197,168.72344567038635,1325,SAT-1-0,13.519912283739096,186.72344567038635,1325,right,0.0007297076064859719,2594000,2341.1150043732805
SAT-0-0,162.58748000001202,168.80701391325442,1325,SAT-19-0,13.424594549180576,150.8070139132544,1325,left,0.0007291251704026934,2596000,2342.0482303437466
SAT-0-0,162.58748000001202,168.80701391325442,1325,SAT-1-0,13.424594549180576,186.80701391325442,1325,right,0.0007291251704026934,2596000,2342.0482303437448
SAT-0-0,162.8380000000121,168.9739518704132,1325,SAT-19-0,13.233876795106879,150.97395187041317,1325,left,0.0007279739735719437,2600000,2343.8960258490742
SAT-0-0,162.8380000000121,168.9739518704132,1325,SAT-1-0,13.233876795106879,186.9739518704132,1325,right,0.000727973973419435,2600000,2343.896025849072
SAT-0-0,162.96326000001216,169.05732262762228,1325,SAT-19-0,13.13847722337927,151.05732262762228,1325,left,0.0007274051958523023,2602000,2344.8105747877203
SAT-0-0,162.96326000001216,169.05732262762228,1325,SAT-1-0,13.13847722337927,187.05732262762228,1325,right,0.0007274051958523023,2602000,2344.810574787718
SAT-0-0,163.21378000001224,169.2238702994111,1325,SAT-19-0,12.947597805606502,151.22387029941115,1325,left,0.000726281239832686,2606000,2346.620924135929
SAT-0-0,163.21378000001224,169.2238702994111,1325,SAT-1-0,12.947597805606502,187.2238702994111,1325,right,0.0007262812401384141,2606000,2346.620924135927
SAT-0-0,163.3390400000123,169.30704825118997,1325,SAT-19-0,12.852118403846033,151.30704825118997,1325,left,0.0007257260454201912,2608000,2347.5167044204945
SAT-0-0,163.3390400000123,169.30704825118997,1325,SAT-1-0,12.852118403846033,187.30704825118997,1325,right,0.0007257260451142292,2608000,2347.5167044204927
SAT-0-0,163.5895600000124,169.47321497248177,1325,SAT-19-0,12.661081320996509,151.47321497248174,1325,left,0.0007246291821513097,2612000,2349.2894264855436
SAT-0-0,163.5895600000124,169.47321497248177,1325,SAT-1-0,12.661081320996509,187.47321497248177,1325,right,0.0007246291818448846,2612000,2349.2894264855413
SAT-0-0,163.71482000001242,169.55620477359642,1325,SAT-19-0,12.565524080779257,151.55620477359648,1325,left,0.0007240874971385198,2614000,2350.166348610652
SAT-0-0,163.71482000001242,169.55620477359642,1325,SAT-1-0,12.565524080779257,187.55620477359642,1325,right,0.0007240874971385198,2614000,2350.16634861065
SAT-0-0,163.96534000001253,169.72199982888782,1325,SAT-19-0,12.374333300758767,151.7219998288878,1325,left,0.0007230175810727976,2618000,2351.901266493127
SAT-0-0,163.96534000001253,169.72199982888782,1325,SAT-1-0,12.374333300758767,187.72199982888782,1325,right,0.0007230175807656894,2618000,2351.9012664931247
SAT-0-0,164.09060000001259,169.80480610919116,1325,SAT-19-0,12.278700198503584,151.8048061091912,1325,left,0.0007224893338318918,2620000,2352.759243063181
SAT-0-0,164.09060000001259,169.80480610919116,1325,SAT-1-0,12.278700198503584,187.80480610919116,1325,right,0.0007224893335245591,2620000,2352.75924306318
SAT-0-0,164.34112000001267,169.97023873370387,1325,SAT-19-0,12.087359659303317,151.97023873370392,1325,left,0.0007214462226621075,2624000,2354.456184076269
SAT-0-0,164.34112000001267,169.97023873370387,1325,SAT-1-0,12.087359659303317,187.97023873370387,1325,right,0.0007214462228159962,2624000,2354.4561840762663
SAT-0-0,164.46638000001272,170.05286609868773,1325,SAT-19-0,11.991652656670766,152.05286609868773,1325,left,0.0007209313439098015,2626000,2355.2951297985346
SAT-0-0,164.46638000001272,170.05286609868773,1325,SAT-1-0,11.991652656670766,188.05286609868773,1325,right,0.0007209313436018046,2626000,2355.2951297985333
SAT-0-0,164.7169000000128,170.21794547947502,1325,SAT-19-0,11.800166267161593,152.21794547947496,1325,left,0.0007199148991485208,2630000,2356.9539254543615
SAT-0-0,164.7169000000128,170.21794547947502,1325,SAT-1-0,11.800166267161593,188.21794547947502,1325,right,0.0007199148991485208,2630000,2356.953925454359
SAT-0-0,164.84216000001285,170.3003985108242,1325,SAT-19-0,11.704387311449363,152.30039851082424,1325,left,0.0007194133187693212,2632000,2357.7737571322236
SAT-0-0,164.84216000001285,170.3003985108242,1325,SAT-1-0,11.704387311449363,188.3003985108242,1325,right,0.0007194133189236446,2632000,2357.7737571322214
SAT-0-0,165.09268000001296,170.4651337878808,1325,SAT-19-0,11.512758952168674,152.4651337878808,1325,left,0.0007184234057093534,2636000,2359.3942431285545
SAT-0-0,165.09268000001296,170.4651337878808,1325,SAT-1-0,11.512758952168674,188.4651337878808,1325,right,0.0007184234055548174,2636000,2359.3942431285523
SAT-0-0,165.21794000001302,170.54741704402903,1325,SAT-19-0,11.416909976703135,152.54741704402903,1325,left,0.0007179350575831819,2638000,2360.194879654956
SAT-0-0,165.21794000001302,170.54741704402903,1325,SAT-1-0,11.416909976703135,188.54741704402903,1325,right,0.0007179350575831819,2638000,2360.1948796549536
SAT-0-0,165.4684600000131,170.71181731140507,1325,SAT-19-0,11.22514350063454,152.71181731140507,1325,left,0.0007169715427834073,2642000,2361.776895862249
SAT-0-0,165.4684600000131,170.71181731140507,1325,SAT-1-0,11.22514350063454,188.71181731140507,1325,right,0.0007169715427834073,2642000,2361.776895862247
SAT-0-0,165.59372000001315,170.79393532809277,1325,SAT-19-0,11.129226425158805,152.79393532809272,1325,left,0.0007164963617606787,2644000,2362.5582582133047
SAT-0-0,165.59372000001315,170.79393532809277,1325,SAT-1-0,11.129226425158805,188.79393532809277,1325,right,0.0007164963612958237,2644000,2362.558258213302
SAT-0-0,165.84424000001323,170.95800963501063,1325,SAT-19-0,10.937325658504742,152.9580096350106,1325,left,0.0007155591163917694,2648000,2364.1016486621215
SAT-0-0,165.84424000001323,170.95800963501063,1325,SAT-1-0,10.937325658504742,188.95800963501063,1325,right,0.0007155591163917694,2648000,2364.101648662119
SAT-0-0,165.96950000001328,171.03996692584428,1325,SAT-19-0,10.841342389563168,153.03996692584425,1325,left,0.0007150970384965525,2650000,2364.8636598909147
SAT-0-0,165.96950000001328,171.03996692584428,1325,SAT-1-0,10.841342389563168,189.03996692584428,1325,right,0.0007150970384965525,2650000,2364.8636598909125
SAT-0-0,166.2200200000134,171.20372427781882,1325,SAT-19-0,10.64931113251052,153.20372427781885,1325,left,0.0007141859370583136,2654000,2366.3682727596765
SAT-0-0,166.2200200000134,171.20372427781882,1325,SAT-1-0,10.64931113251052,189.20372427781882,1325,right,0.0007141859369028607,2654000,2366.3682727596743
SAT-0-0,166.34528000001342,171.2855253348316,1325,SAT-19-0,10.55326356382993,153.28552533483156,1325,left,0.000713736900158172,2656000,2367.110857990228
SAT-0-0,166.34528000001342,171.2855253348316,1325,SAT-1-0,10.55326356382993,189.2855253348316,1325,right,0.000713736900158172,2656000,2367.110857990226
SAT-0-0,166.59580000001353,171.44897469479284,1325,SAT-19-0,10.361105591308924,153.44897469479287,1325,left,0.0007128518201146292,2660000,2368.5765455933342
SAT-0-0,166.59580000001353,171.44897469479284,1325,SAT-1-0,10.361105591308924,189.44897469479284,1325,right,0.0007128518201146292,2660000,2368.576545593332
SAT-0-0,166.72106000001358,171.53062398900656,1325,SAT-19-0,10.264995604176349,153.53062398900656,1325,left,0.0007124157636605959,2662000,2369.2996320147404
SAT-0-0,166.72106000001358,171.53062398900656,1325,SAT-1-0,10.264995604176349,189.53062398900656,1325,right,0.0007124157641281135,2662000,2369.2996320147386
SAT-0-0,166.97158000001366,171.6937742784247,1325,SAT-19-0,10.072714666612947,153.6937742784247,1325,left,0.0007115565858480344,2666000,2370.7262507910254
SAT-0-0,166.97158000001366,171.6937742784247,1325,SAT-1-0,10.072714666612947,189.6937742784247,1325,right,0.0007115565861600891,2666000,2370.7262507910223
SAT-0-0,167.0968400000137,171.77527626041297,1325,SAT-19-0,9.97654413025024,153.77527626041297,1325,left,0.0007111334513913173,2668000,2371.4297676517776
SAT-0-0,167.0968400000137,171.77527626041297,1325,SAT-1-0,9.97654413025024,189.77527626041297,1325,right,0.0007111334513913173,2668000,2371.4297676517754
SAT-0-0,167.3473600000138,171.93813636042583,1325,SAT-19-0,9.784143954312139,153.9381363604258,1325,left,0.0007103000594904236,2672000,2372.817178153311
SAT-0-0,167.3473600000138,171.93813636042583,1325,SAT-1-0,9.784143954312139,189.93813636042583,1325,right,0.0007103000594904236,2672000,2372.817178153309
SAT-0-0,167.47262000001385,172.01949546087823,1325,SAT-19-0,9.6879147262473,154.0194954608782,1325,left,0.0007098897899510088,2674000,2373.501056755785
SAT-0-0,167.47262000001385,172.01949546087823,1325,SAT-1-0,9.6879147262473,190.01949546087823,1325,right,0.0007098897894818276,2674000,2373.501056755783
SAT-0-0,167.72314000001396,172.1820742134201,1325,SAT-19-0,9.495399015583642,154.1820742134201,1325,left,0.0007090820712024812,2678000,2374.849123637026
SAT-0-0,167.72314000001396,172.1820742134201,1325,SAT-1-0,9.495399015583642,190.1820742134201,1325,right,0.0007090820712024812,2678000,2374.8491236370232
SAT-0-0,167.84840000001398,172.2632948437071,1325,SAT-19-0,9.399112942019292,154.26329484370714,1325,left,0.0007086846102864272,2680000,2375.513297332135
SAT-0-0,167.84840000001398,172.2632948437071,1325,SAT-1-0,9.399112942019292,190.2632948437071,1325,right,0.0007086846104430868,2680000,2375.513297332133
SAT-0-0,168.0989200000141,172.42560105263973,1325,SAT-19-0,9.206485377994296,154.42560105263976,1325,left,0.0007079024560532604,2684000,2376.8218893394105
SAT-0-0,168.0989200000141,172.42560105263973,1325,SAT-1-0,9.206485377994296,190.42560105263973,1325,right,0.000707902456366926,2684000,2376.821889339409
SAT-0-0,168.22418000001414,172.50668760537843,1325,SAT-19-0,9.110144294172972,154.5066876053784,1325,left,0.0007075177512729625,2686000,2377.4662935214387
SAT-0-0,168.22418000001414,172.50668760537843,1325,SAT-1-0,9.110144294172972,190.50668760537843,1325,right,0.0007075177509591263,2686000,2377.466293521438
SAT-0-0,168.47470000001422,172.66873003762333,1325,SAT-19-0,8.91740853659386,154.66873003762328,1325,left,0.000706761055251827,2690000,2378.7352834827775
SAT-0-0,168.47470000001422,172.66873003762333,1325,SAT-1-0,8.91740853659386,190.66873003762333,1325,right,0.0007067610549376548,2690000,2378.7352834827757
SAT-0-0,168.59996000001428,172.74968688724402,1325,SAT-19-0,8.821014267160445,154.749686887244,1325,left,0.0007063890521686039,2692000,2379.3598555843746
SAT-0-0,168.59996000001428,172.74968688724402,1325,SAT-1-0,8.821014267160445,190.74968688724402,1325,right,0.0007063890524829416,2692000,2379.3598555843723
SAT-0-0,168.85048000001436,172.91147427391573,1325,SAT-19-0,8.628173954999511,154.91147427391573,1325,left,0.0007056577117221371,2696000,2380.58912039966
SAT-0-0,168.85048000001436,172.91147427391573,1325,SAT-1-0,8.628173954999511,190.91147427391573,1325,right,0.0007056577115648054,2696000,2380.5891203996575
SAT-0-0,168.9757400000144,172.9923057772288,1325,SAT-19-0,8.531728314361,154.99230577722884,1325,left,0.0007052983616767323,2698000,2381.193799887005
SAT-0-0,168.9757400000144,172.9923057772288,1325,SAT-1-0,8.531728314361,190.9923057772288,1325,right,0.0007052983616767323,2698000,2381.193799887003
SAT-0-0,169.22626000001452,173.15384681476962,1325,SAT-19-0,8.33878706647216,155.15384681476962,1325,left,0.0007045922765047302,2702000,2382.3832205184717
SAT-0-0,169.22626000001452,173.15384681476962,1325,SAT-1-0,8.33878706647216,191.15384681476962,1325,right,0.0007045922763471606,2702000,2382.3832205184694
SAT-0-0,169.35152000001455,173.2345573115331,1325,SAT-19-0,8.242291859154538,155.23455731153308,1325,left,0.0007042455303789278,2704000,2382.967948886602
SAT-0-0,169.35152000001455,173.2345573115331,1325,SAT-1-0,8.242291859154538,191.2345573115331,1325,right,0.0007042455302212807,2704000,2382.9679488865995
SAT-0-0,169.60204000001465,173.39586066284858,1325,SAT-19-0,8.049253274984608,155.39586066284858,1325,left,0.0007035646043246054,2708000,2384.117410349664
SAT-0-0,169.60204000001465,173.39586066284858,1325,SAT-1-0,8.049253274984608,191.39586066284858,1325,right,0.0007035646046402048,2708000,2384.117410349662
SAT-0-0,169.7273000000147,173.4764544763362,1325,SAT-19-0,7.9527102959871945,155.47645447633613,1325,left,0.0007032304144612564,2710000,2384.6821311179715
SAT-0-0,169.7273000000147,173.4764544763362,1325,SAT-1-0,7.9527102959871945,191.4764544763362,1325,right,0.0007032304149348806,2710000,2384.682131117969
SAT-0-0,169.9778200000148,173.63752877193122,1325,SAT-19-0,7.759577956281998,155.6375287719312,1325,left,0.000702574555751684,2714000,2385.7915224723706
SAT-0-0,169.9778200000148,173.63752877193122,1325,SAT-1-0,7.759577956281998,191.63752877193122,1325,right,0.000702574555751684,2714000,2385.791522472369
SAT-0-0,170.10308000001484,173.7180102095005,1325,SAT-19-0,7.662988991429146,155.71801020950053,1325,left,0.0007022528766241435,2716000,2386.3361811802597
SAT-0-0,170.10308000001484,173.7180102095005,1325,SAT-1-0,7.662988991429146,191.7180102095005,1325,right,0.000702252876466049,2716000,2386.3361811802574
SAT-0-0,170.35360000001492,173.87886404861632,1325,SAT-19-0,7.469766458934534,155.87886404861635,1325,left,0.000701621994470268,2720000,2387.4053955215495
SAT-0-0,170.35360000001492,173.87886404861632,1325,SAT-1-0,7.469766458934534,191.87886404861632,1325,right,0.0007016219946285047,2720000,2387.4053955215477
SAT-0-0,170.47886000001498,173.95923740227735,1325,SAT-19-0,7.373133285225068,155.95923740227735,1325,left,0.0007013127820872631,2722000,2387.929939724258
SAT-0-0,170.47886000001498,173.95923740227735,1325,SAT-1-0,7.373133285225068,191.95923740227735,1325,right,0.0007013127825621823,2722000,2387.9299397242557
SAT-0-0,170.72938000001508,174.11987935402877,1325,SAT-19-0,7.179824105383124,156.11987935402882,1325,left,0.0007007067913351881,2726000,2388.958874175607
SAT-0-0,170.72938000001508,174.11987935402877,1325,SAT-1-0,7.179824105383124,192.11987935402877,1325,right,0.0007007067914936314,2726000,2388.9588741756043
SAT-0-0,170.8546400000151,174.20014890101277,1325,SAT-19-0,7.083148491337191,156.2001489010128,1325,left,0.0007004100034346156,2728000,2389.4632534401894
SAT-0-0,170.8546400000151,174.20014890101277,1325,SAT-1-0,7.083148491337191,192.20014890101277,1325,right,0.0007004100031175947,2728000,2389.4632534401867
SAT-0-0,171.10516000001522,174.36058750552613,1325,SAT-19-0,6.889756192977872,156.36058750552607,1325,left,0.0006998288202063334,2732000,2390.451809144506
SAT-0-0,171.10516000001522,174.36058750552613,1325,SAT-1-0,6.889756192977872,192.36058750552613,1325,right,0.0006998288206822597,2732000,2390.4518091445043
SAT-0-0,171.23042000001527,174.44075750885446,1325,SAT-19-0,6.793039898981657,156.4407575088544,1325,left,0.0006995444162883175,2734000,2390.935975045979
SAT-0-0,171.23042000001527,174.44075750885446,1325,SAT-1-0,6.793039898981657,192.44075750885446,1325,right,0.0006995444161296109,2734000,2390.9359750459776
SAT-0-0,171.48094000001535,174.60100127840528,1325,SAT-19-0,6.599567995009943,156.6010012784053,1325,left,0.0006989879615299548,2738000,2391.8840571583664
SAT-0-0,171.48094000001535,174.60100127840528,1325,SAT-1-0,6.599567995009943,192.60100127840528,1325,right,0.0006989879612122889,2738000,2391.8840571583646
SAT-0-0,171.6062000000154,174.68107598745868,1325,SAT-19-0,6.50281277365807,156.68107598745866,1325,left,0.000698715902095757,2740000,2392.3479632760104
SAT-0-0,171.6062000000154,174.68107598745868,1325,SAT-1-0,6.50281277365807,192.68107598745868,1325,right,0.0006987159024135466,2740000,2392.347963276008
SAT-0-0,171.8567200000155,174.84113340761016,1325,SAT-19-0,6.30926476173675,156.84113340761022,1325,left,0.0006981840992634183,2744000,2393.2554809565213
SAT-0-0,171.8567200000155,174.84113340761016,1325,SAT-1-0,6.30926476173675,192.84113340761016,1325,right,0.0006981840994224341,2744000,2393.2554809565195
SAT-0-0,171.98198000001554,174.92111705869763,1325,SAT-19-0,6.21247235817276,156.9211170586977,1325,left,0.000697924347592497,2746000,2393.6990828703433
SAT-0-0,171.98198000001554,174.92111705869763,1325,SAT-1-0,6.21247235817276,192.92111705869763,1325,right,0.000697924347592497,2746000,2393.699082870341
SAT-0-0,172.23250000001565,175.08099658943885,1325,SAT-19-0,6.018851721401105,157.08099658943888,1325,left,0.0006974171238234608,2750000,2394.5659492770733
SAT-0-0,172.23250000001565,175.08099658943885,1325,SAT-1-0,6.018851721401105,193.08099658943885,1325,right,0.0006974171238234608,2750000,2394.5659492770706
SAT-0-0,172.3577600000157,175.16089340636694,1325,SAT-19-0,5.922023873655738,157.16089340636694,1325,left,0.0006971696439383565,2752000,2394.9892045644247
SAT-0-0,172.3577600000157,175.16089340636694,1325,SAT-1-0,5.922023873655738,193.16089340636694,1325,right,0.0006971696439383565,2752000,2394.9892045644224
SAT-0-0,172.60828000001578,175.3206034832512,1325,SAT-19-0,5.728334081244301,157.3206034832512,1325,left,0.0006966869293131318,2756000,2395.815336846901
SAT-0-0,172.60828000001578,175.3206034832512,1325,SAT-1-0,5.728334081244301,193.3206034832512,1325,right,0.0006966869289944167,2756000,2395.8153368468984
SAT-0-0,172.73354000001584,175.4004176778931,1325,SAT-19-0,5.631472520571961,157.40041767789313,1325,left,0.0006964516874378762,2758000,2396.2182050792603
SAT-0-0,172.73354000001584,175.4004176778931,1325,SAT-1-0,5.631472520571961,193.4004176778931,1325,right,0.0006964516874378762,2758000,2396.218205079258
SAT-0-0,172.98406000001592,175.55996671317624,1325,SAT-19-0,5.437717028513602,157.5599667131762,1325,left,0.0006959934150337973,2762000,2397.0035243721554
SAT-0-0,172.98406000001592,175.55996671317624,1325,SAT-1-0,5.437717028513602,193.55996671317624,1325,right,0.0006959934153528298,2762000,2397.0035243721536
SAT-0-0,173.10932000001597,175.63970248604107,1325,SAT-19-0,5.340823479726862,157.63970248604113,1325,left,0.0006957703786656639,2764000,2397.385967112054
SAT-0-0,173.10932000001597,175.63970248604107,1325,SAT-1-0,5.340823479726862,193.63970248604107,1325,right,0.0006957703789847988,2764000,2397.385967112052
SAT-0-0,173.35984000001608,175.7990988698197,1325,SAT-19-0,5.14700573146412,157.79909886981972,1325,left,0.0006953364868429675,2768000,2398.1303985292075
SAT-0-0,173.35984000001608,175.7990988698197,1325,SAT-1-0,5.14700573146412,193.7990988698197,1325,right,0.0006953364868429675,2768000,2398.130398529205
SAT-0-0,173.4851000000161,175.87876041062142,1325,SAT-19-0,5.0500819132666805,157.87876041062145,1325,left,0.0006951256247769552,2770000,2398.492379327321
SAT-0-0,173.4851000000161,175.87876041062142,1325,SAT-1-0,5.0500819132666805,193.87876041062142,1325,right,0.0006951256250963862,2770000,2398.492379327319
SAT-0-0,173.7356200000162,176.038012511971,1325,SAT-19-0,4.856205340355715,158.038012511971,1325,left,0.0006947160529218087,2774000,2399.1958519560667
SAT-0-0,173.7356200000162,176.038012511971,1325,SAT-1-0,4.856205340355715,194.038012511971,1325,right,0.0006947160530816183,2774000,2399.1958519560644
SAT-0-0,173.86088000001627,176.11760400019756,1325,SAT-19-0,4.75925296567349,158.1176040001976,1325,left,0.0006945173368712838,2776000,2399.537336348457
SAT-0-0,173.86088000001627,176.11760400019756,1325,SAT-1-0,4.75925296567349,194.11760400019756,1325,right,0.0006945173368712838,2776000,2399.5373363484555
SAT-0-0,174.11140000001635,176.27672016831045,1325,SAT-19-0,4.565320988444871,158.27672016831045,1325,left,0.0006941320284728524,2780000,2400.1997832442617
SAT-0-0,174.11140000001635,176.27672016831045,1325,SAT-1-0,4.565320988444871,194.27672016831045,1325,right,0.0006941320281529643,2780000,2400.1997832442603
SAT-0-0,174.2366600000164,176.35624577379258,1325,SAT-19-0,4.468341764755607,158.35624577379264,1325,left,0.000693945430537541,2782000,2400.5207387497753
SAT-0-0,174.2366600000164,176.35624577379258,1325,SAT-1-0,4.468341764755607,194.35624577379258,1325,right,0.0006939454302175668,2782000,2400.520738749773
SAT-0-0,174.48718000001648,176.51523433911558,1325,SAT-19-0,4.274357792972053,158.51523433911558,1325,left,0.0006935843325945632,2786000,2401.142096931185
SAT-0-0,174.48718000001648,176.51523433911558,1325,SAT-1-0,4.274357792972053,194.51523433911558,1325,right,0.0006935843321143521,2786000,2401.142096931183
SAT-0-0,174.61244000001653,176.59469822259584,1325,SAT-19-0,4.177353422633438,158.59469822259584,1325,left,0.0006934098267185642,2788000,2401.442493048994
SAT-0-0,174.61244000001653,176.59469822259584,1325,SAT-1-0,4.177353422633438,194.59469822259584,1325,right,0.0006934098268786749,2788000,2401.4424930489918
SAT-0-0,174.86296000001664,176.75356749796794,1325,SAT-19-0,3.983320856144494,158.75356749796794,1325,left,0.0006930728896217161,2792000,2402.022703492883
SAT-0-0,174.86296000001664,176.75356749796794,1325,SAT-1-0,3.983320856144494,194.75356749796794,1325,right,0.0006930728897819046,2792000,2402.022703492881
SAT-0-0,174.98822000001667,176.83297381166912,1325,SAT-19-0,3.8862930367208595,158.83297381166906,1325,left,0.0006929104525758284,2794000,2402.3025117001935
SAT-0-0,174.98822000001667,176.83297381166912,1325,SAT-1-0,3.8862930367208595,194.83297381166912,1325,right,0.0006929104520951503,2794000,2402.302511700191
SAT-0-0,175.23874000001678,176.99173209345867,1325,SAT-19-0,3.6922152661150407,158.9917320934587,1325,left,0.0006925976291857509,2798000,2402.841519337318
SAT-0-0,175.23874000001678,176.99173209345867,1325,SAT-1-0,3.6922152661150407,194.99173209345867,1325,right,0.0006925976291857509,2798000,2402.8415193373157
SAT-0-0,175.36400000001683,177.07108498165263,1325,SAT-19-0,3.5951656907027787,159.07108498165263,1325,left,0.0006924472378639839,2800000,2403.100713087218
SAT-0-0,175.36400000001683,177.07108498165263,1325,SAT-1-0,3.5951656907027787,195.07108498165263,1325,right,0.0006924472377036507,2800000,2403.100713087216
SAT-0-0,175.6145200000169,177.22974055089443,1325,SAT-19-0,3.401046097957156,159.22974055089446,1325,left,0.0006921584853087635,2804000,2403.5984667980665
SAT-0-0,175.6145200000169,177.22974055089443,1325,SAT-1-0,3.401046097957156,195.22974055089443,1325,right,0.0006921584854691636,2804000,2403.5984667980642
SAT-0-0,175.73978000001696,177.30904415047047,1325,SAT-19-0,3.3039764555088125,159.30904415047047,1325,left,0.0006920201196294881,2806000,2403.837021517532
SAT-0-0,175.73978000001696,177.30904415047047,1325,SAT-1-0,3.3039764555088125,195.30904415047047,1325,right,0.0006920201196294881,2806000,2403.837021517529
SAT-0-0,175.99030000001704,177.4676052740025,1325,SAT-19-0,3.109818414636153,159.46760527400247,1325,left,0.0006917553977370182,2810000,2404.293474128489
SAT-0-0,175.99030000001704,177.4676052740025,1325,SAT-1-0,3.109818414636153,195.4676052740025,1325,right,0.0006917553978975118,2810000,2404.293474128486
SAT-0-0,176.1155600000171,177.54686371503558,1325,SAT-19-0,3.012730390283576,159.54686371503556,1325,left,0.0006916290380943154,2812000,2404.511367216533
SAT-0-0,176.1155600000171,177.54686371503558,1325,SAT-1-0,3.012730390283576,195.54686371503558,1325,right,0.0006916290379337924,2812000,2404.511367216531
SAT-0-0,176.3660800000172,177.7053386466357,1325,SAT-19-0,2.8185372679773075,159.7053386466357,1325,left,0.0006913883107059472,2816000,2404.9264754963283
SAT-0-0,176.3660800000172,177.7053386466357,1325,SAT-1-0,2.8185372679773075,195.7053386466357,1325,right,0.0006913883103847896,2816000,2404.926475496326
SAT-0-0,176.49134000001723,177.78455605295488,1325,SAT-19-0,2.7214325433535556,159.78455605295488,1325,left,0.0006912739395878546,2818000,2405.123686322309
SAT-0-0,176.49134000001723,177.78455605295488,1325,SAT-1-0,2.7214325433535556,195.78455605295488,1325,right,0.0006912739394272493,2818000,2405.123686322306
SAT-0-0,176.74186000001734,177.9429530344769,1325,SAT-19-0,2.5272076996307877,159.9429530344769,1325,left,0.0006910571729823183,2822000,2405.4974109787786
SAT-0-0,176.74186000001734,177.9429530344769,1325,SAT-1-0,2.5272076996307877,195.9429530344769,1325,right,0.0006910571729823183,2822000,2405.4974109787768
SAT-0-0,176.8671200000174,178.0221335242332,1325,SAT-19-0,2.430087953191192,160.02213352423325,1325,left,0.0006909547746640115,2824000,2405.673920880846
SAT-0-0,176.8671200000174,178.0221335242332,1325,SAT-1-0,2.430087953191192,196.0221335242332,1325,right,0.0006909547743426523,2824000,2405.6739208808435
SAT-0-0,177.11764000001747,178.18046078674305,1325,SAT-19-0,2.235834742033914,160.18046078674303,1325,left,0.0006907619393494784,2828000,2406.0062265579822
SAT-0-0,177.11764000001747,178.18046078674305,1325,SAT-1-0,2.235834742033914,196.18046078674305,1325,right,0.0006907619390280296,2828000,2406.0062265579804
SAT-0-0,177.24290000001753,178.25960847297765,1325,SAT-19-0,2.1387016493761464,160.25960847297767,1325,left,0.0006906714989415403,2830000,2406.1620188416828
SAT-0-0,177.24290000001753,178.25960847297765,1325,SAT-1-0,2.1387016493761464,196.25960847297765,1325,right,0.0006906714989415403,2830000,2406.162018841681
SAT-0-0,177.49342000001764,178.41787423788918,1325,SAT-19-0,1.9444234193706775,160.41787423788918,1325,left,0.0006905025679119672,2834000,2406.452874116985
SAT-0-0,177.49342000001764,178.41787423788918,1325,SAT-1-0,1.9444234193706775,196.41787423788918,1325,right,0.0006905025675903976,2834000,2406.452874116983
SAT-0-0,177.61868000001766,178.49699322910095,1325,SAT-19-0,1.847278653554232,160.49699322910098,1325,left,0.0006904240737820491,2836000,2406.58793405401
SAT-0-0,177.61868000001766,178.49699322910095,1325,SAT-1-0,1.847278653554232,196.49699322910095,1325,right,0.0006904240739428522,2836000,2406.5879340540077
SAT-0-0,177.86920000001777,178.6552057093116,1325,SAT-19-0,1.652978748529187,160.65520570931156,1325,left,0.0006902790236628098,2840000,2406.8373114361298
SAT-0-0,177.86920000001777,178.6552057093116,1325,SAT-1-0,1.652978748529187,196.6552057093116,1325,right,0.0006902790238236466,2840000,2406.837311436128
SAT-0-0,177.99446000001782,178.73430011002515,1325,SAT-19-0,1.5558239803939662,160.73430011002515,1325,left,0.0006902124650350467,2842000,2406.951626263212
SAT-0-0,177.99446000001782,178.73430011002515,1325,SAT-1-0,1.5558239803939662,196.73430011002515,1325,right,0.0006902124648741943,2842000,2406.9516262632105
SAT-0-0,178.2449800000179,178.8924675110512,1325,SAT-19-0,1.3615057400569908,160.89246751105125,1325,left,0.000690091275297035,2846000,2407.1595021898993
SAT-0-0,178.2449800000179,178.8924675110512,1325,SAT-1-0,1.3615057400569908,196.8924675110512,1325,right,0.000690091275779677,2846000,2407.1595021898975
SAT-0-0,178.37024000001796,178.97154142238435,1325,SAT-19-0,1.264342638541395,160.97154142238435,1325,left,0.0006900366427419381,2848000,2407.2530611078587
SAT-0-0,178.37024000001796,178.97154142238435,1325,SAT-1-0,1.264342638541395,196.97154142238435,1325,right,0.0006900366430637249,2848000,2407.253061107856
SAT-0-0,178.62076000001804,179.12967194349622,1325,SAT-19-0,1.0700093991147668,161.12967194349616,1325,left,0.0006899392971649152,2852000,2407.4194159441936
SAT-0-0,178.62076000001804,179.12967194349622,1325,SAT-1-0,1.0700093991147668,197.12967194349622,1325,right,0.0006899392973258313,2852000,2407.4194159441913
SAT-0-0,178.7460200000181,179.20872946372776,1325,SAT-19-0,0.9728396315731435,161.20872946372776,1325,left,0.0006898965827672608,2854000,2407.4922101171287
SAT-0-0,178.7460200000181,179.20872946372776,1325,SAT-1-0,0.9728396315731435,197.20872946372776,1325,right,0.0006898965830891129,2854000,2407.492210117126
SAT-0-0,178.9965400000182,179.3668312990851,1325,SAT-19-0,0.7784947264283315,161.3668312990851,1325,left,0.0006898230676835361,2858000,2407.617028154056
SAT-0-0,178.9965400000182,179.3668312990851,1325,SAT-1-0,0.7784947264283315,197.3668312990851,1325,right,0.0006898230676835361,2858000,2407.6170281540544
SAT-0-0,179.12180000001823,179.445876524222,1325,SAT-19-0,0.6813199589481845,161.44587652422203,1325,left,0.0006897922661748228,2860000,2407.669050708683
SAT-0-0,179.12180000001823,179.445876524222,1325,SAT-1-0,0.6813199589481845,197.445876524222,1325,right,0.0006897922656919717,2860000,2407.6690507086814
SAT-0-0,179.37232000001833,179.60395786400863,1325,SAT-19-0,0.48696671923962176,161.60395786400858,1325,left,0.0006897425711230497,2864000,2407.752320161841
SAT-0-0,179.37232000001833,179.60395786400863,1325,SAT-1-0,0.48696671923962176,197.60395786400863,1325,right,0.0006897425711230497,2864000,2407.7523201618383
SAT-0-0,179.4975800000184,179.6829948883538,1325,SAT-19-0,0.38978861695827394,161.68299488835376,1325,left,0.0006897236776331349,2866000,2407.783566186981
SAT-0-0,179.4975800000184,179.6829948883538,1325,SAT-1-0,0.38978861695827394,197.6829948883538,1325,right,0.0006897236776331349,2866000,2407.783566186979
SAT-0-0,179.74810000001847,179.8410639199125,1325,SAT-19-0,0.19543037225659812,161.84106391991256,1325,left,0.0006896977958490616,2870000,2407.8252791958116
SAT-0-0,179.74810000001847,179.8410639199125,1325,SAT-1-0,0.19543037225659812,197.8410639199125,1325,right,0.0006896977961710065,2870000,2407.8252791958093
SAT-0-0,179.87336000001852,179.92009683663187,1325,SAT-19-0,0.09825059967770958,161.9200968366319,1325,left,0.0006896908083236133,2872000,2407.835745742023
SAT-0-0,179.87336000001852,179.92009683663187,1325,SAT-1-0,0.09825059967770958,197.92009683663187,1325,right,0.0006896908081626393,2872000,2407.8357457420216
SAT-0-0,180.1238800000186,180.0781617455992,1325,SAT-19-0,-0.09610932139743293,162.0781617455992,1325,left,0.0006896887364237164,2876000,2407.8358983691933
SAT-0-0,180.1238800000186,180.0781617455992,1325,SAT-1-0,-0.09610932139743293,198.0781617455992,1325,right,0.000689688736584691,2876000,2407.835898369192
SAT-0-0,180.24914000001866,180.15719464728946,1325,SAT-19-0,-0.193289100087639,162.15719464728943,1325,left,0.0006896936530508661,2878000,2407.825584448552
SAT-0-0,180.24914000001866,180.15719464728946,1325,SAT-1-0,-0.193289100087639,198.15719464728946,1325,right,0.0006896936532118394,2878000,2407.8255844485498
SAT-0-0,180.49966000001876,180.31526361873043,1325,SAT-19-0,-0.3876473692351314,162.31526361873046,1325,left,0.0006897153911960015,2882000,2407.784176679657
SAT-0-0,180.49966000001876,180.31526361873043,1325,SAT-1-0,-0.3876473692351314,198.31526361873043,1325,right,0.0006897153911960015,2882000,2407.7841766796537
SAT-0-0,180.6249200000188,180.39430059798607,1325,SAT-19-0,-0.4848254898515338,162.39430059798605,1325,left,0.0006897322129826407,2884000,2407.75308326568
SAT-0-0,180.6249200000188,180.39430059798607,1325,SAT-1-0,-0.4848254898515338,198.39430059798607,1325,right,0.0006897322129826407,2884000,2407.7530832656776
SAT-0-0,180.8754400000189,180.5523818175289,1325,SAT-19-0,-0.6791787784564338,162.5523818175289,1325,left,0.00068977776359048,2888000,2407.670119009237
SAT-0-0,180.8754400000189,180.5523818175289,1325,SAT-1-0,-0.6791787784564338,198.5523818175289,1325,right,0.0006897777634295263,2888000,2407.670119009235
SAT-0-0,181.00070000001895,180.63142696750967,1325,SAT-19-0,-0.7763535764988564,162.63142696750967,1325,left,0.0006898064929129888,2890000,2407.61824903696
SAT-0-0,181.00070000001895,180.63142696750967,1325,SAT-1-0,-0.7763535764988564,198.63142696750967,1325,right,0.0006898064927520417,2890000,2407.618249036959
SAT-0-0,181.25122000001903,180.7895286224805,1325,SAT-19-0,-0.9706985549997779,162.78952862248053,1325,left,0.000689875862265469,2894000,2407.4937361247103
SAT-0-0,181.25122000001903,180.7895286224805,1325,SAT-1-0,-0.9706985549997779,198.7895286224805,1325,right,0.0006898758625873307,2894000,2407.4937361247084
SAT-0-0,181.3764800000191,180.86858603747888,1325,SAT-19-0,-1.067868365336745,162.8685860374789,1325,left,0.0006899165033507486,2896000,2407.421094490902
SAT-0-0,181.3764800000191,180.86858603747888,1325,SAT-1-0,-1.067868365336745,198.86858603747888,1325,right,0.0006899165033507486,2896000,2407.4210944909
SAT-0-0,181.62700000001917,181.02671631803648,1325,SAT-19-0,-1.2622017025931562,163.02671631803648,1325,left,0.0006900097011061901,2900000,2407.255044678387
SAT-0-0,181.62700000001917,181.02671631803648,1325,SAT-1-0,-1.2622017025931562,199.02671631803648,1325,right,0.000690009701588889,2900000,2407.2550446783853
SAT-0-0,181.75226000001922,181.10579009404486,1325,SAT-19-0,-1.3593648591452967,163.10579009404486,1325,left,0.0006900622595457039,2902000,2407.1616382419184
SAT-0-0,181.75226000001922,181.10579009404486,1325,SAT-1-0,-1.3593648591452967,199.10579009404486,1325,right,0.0006900622597065913,2902000,2407.1616382419165
SAT-0-0,182.00278000001933,181.26395719431554,1325,SAT-19-0,-1.5536832218043608,163.26395719431557,1325,left,0.0006901792990530061,2906000,2406.9540672093626
SAT-0-0,182.00278000001933,181.26395719431554,1325,SAT-1-0,-1.5536832218043608,199.26395719431554,1325,right,0.0006901792985704258,2906000,2406.9540672093613
SAT-0-0,182.12804000001935,181.34305142959394,1325,SAT-19-0,-1.6508380572277483,163.343051429594,1325,left,0.000690243781637755,2908000,2406.839904791718
SAT-0-0,182.12804000001935,181.34305142959394,1325,SAT-1-0,-1.6508380572277483,199.34305142959394,1325,right,0.000690243781637755,2908000,2406.839904791715
SAT-0-0,182.37856000001946,181.50126354880652,1325,SAT-19-0,-1.8451381090904784,163.50126354880652,1325,left,0.0006903846784785899,2912000,2406.5908321452007
SAT-0-0,182.37856000001946,181.50126354880652,1325,SAT-1-0,-1.8451381090904784,199.50126354880652,1325,right,0.0006903846789610266,2912000,2406.590832145199
SAT-0-0,182.50382000001952,181.58038234444982,1325,SAT-19-0,-1.9422829544595033,163.58038234444984,1325,left,0.0006904610949629152,2914000,2406.455924531138
SAT-0-0,182.50382000001952,181.58038234444982,1325,SAT-1-0,-1.9422829544595033,199.58038234444982,1325,right,0.0006904610946413263,2914000,2406.4559245311348
SAT-0-0,182.7543400000196,181.73864768807053,1325,SAT-19-0,-2.1365613558461276,163.73864768807059,1325,left,0.0006906258688695115,2918000,2406.1653738040595
SAT-0-0,182.7543400000196,181.73864768807053,1325,SAT-1-0,-2.1365613558461276,199.73864768807053,1325,right,0.0006906258687087555,2918000,2406.1653738040577
SAT-0-0,182.87960000001965,181.81779514857624,1325,SAT-19-0,-2.2336945403360526,163.81779514857624,1325,left,0.0006907142292296815,2920000,2406.009733742416
SAT-0-0,182.87960000001965,181.81779514857624,1325,SAT-1-0,-2.2336945403360526,199.81779514857624,1325,right,0.0006907142290689459,2920000,2406.009733742414
SAT-0-0,183.13012000001976,181.97612192944413,1325,SAT-19-0,-2.4279479474505044,163.97612192944416,1325,left,0.000690902903265171,2924000,2405.6777323972606
SAT-0-0,183.13012000001976,181.97612192944413,1325,SAT-1-0,-2.4279479474505044,199.97612192944413,1325,right,0.0006909029031044793,2924000,2405.6777323972583
SAT-0-0,183.25538000001978,182.05530216327998,1325,SAT-19-0,-2.5250677980192977,164.05530216327998,1325,left,0.0006910032197821097,2926000,2405.501374601909
SAT-0-0,183.25538000001978,182.05530216327998,1325,SAT-1-0,-2.5250677980192977,200.05530216327998,1325,right,0.0006910032202641145,2926000,2405.5013746019063
SAT-0-0,183.5059000000199,182.2136986027422,1325,SAT-19-0,-2.7192928623125656,164.21369860274223,1325,left,0.0006912158198406612,2930000,2405.127954032293
SAT-0-0,183.5059000000199,182.2136986027422,1325,SAT-1-0,-2.7192928623125656,200.2136986027422,1325,right,0.000691215820161899,2930000,2405.1279540322907
SAT-0-0,183.63116000001995,182.2929157229138,1325,SAT-19-0,-2.8163977033823215,164.2929157229138,1325,left,0.0006913281066076162,2932000,2404.9308951832427
SAT-0-0,183.63116000001995,182.2929157229138,1325,SAT-1-0,-2.8163977033823215,200.2929157229138,1325,right,0.000691328106768209,2932000,2404.93089518324
SAT-0-0,183.88168000002003,182.45139005196134,1325,SAT-19-0,-3.0105910709144155,164.45139005196137,1325,left,0.0006915646625188362,2936000,2404.5160907162754
SAT-0-0,183.88168000002003,182.45139005196134,1325,SAT-1-0,-3.0105910709144155,200.45139005196134,1325,right,0.0006915646621977605,2936000,2404.5160907162735
SAT-0-0,184.00694000002008,182.53064817658014,1325,SAT-19-0,-3.1076792240519575,164.53064817658014,1325,left,0.000691688934948573,2938000,2404.298349460919
SAT-0-0,184.00694000002008,182.53064817658014,1325,SAT-1-0,-3.1076792240519575,200.53064817658014,1325,right,0.000691688934948573,2938000,2404.2983494609166
SAT-0-0,184.25746000002016,182.6892086369834,1325,SAT-19-0,-3.301837534852388,164.68920863698338,1325,left,0.0006919494785277919,2942000,2403.842200359846
SAT-0-0,184.25746000002016,182.6892086369834,1325,SAT-1-0,-3.301837534852388,200.6892086369834,1325,right,0.0006919494785277919,2942000,2403.8422003598444
SAT-0-0,184.3827200000202,182.7685118898347,1325,SAT-19-0,-3.398907318449207,164.76851188983474,1325,left,0.0006920857539831541,2944000,2403.603797314361
SAT-0-0,184.3827200000202,182.7685118898347,1325,SAT-1-0,-3.398907318449207,200.7685118898347,1325,right,0.0006920857544644051,2944000,2403.60379731436
SAT-0-0,184.63324000002032,182.92716673527974,1325,SAT-19-0,-3.593027205875885,164.9271667352797,1325,left,0.000692370322056092,2948000,2403.106346781507
SAT-0-0,184.63324000002032,182.92716673527974,1325,SAT-1-0,-3.593027205875885,200.92716673527974,1325,right,0.000692370322056092,2948000,2403.106346781505
SAT-0-0,184.75850000002035,183.0065192463906,1325,SAT-19-0,-3.6900769348270006,165.00651924639055,1325,left,0.0006925186196752416,2950000,2402.8473045324026
SAT-0-0,184.75850000002035,183.0065192463906,1325,SAT-1-0,-3.6900769348270006,201.0065192463906,1325,right,0.0006925186196752416,2950000,2402.847304532401
SAT-0-0,185.00902000002046,183.16527674361544,1325,SAT-19-0,-3.8841550249233054,165.1652767436154,1325,left,0.0006928272506798798,2954000,2402.308599712416
SAT-0-0,185.00902000002046,183.16527674361544,1325,SAT-1-0,-3.8841550249233054,201.16527674361544,1325,right,0.0006928272511606157,2954000,2402.3085997124144
SAT-0-0,185.1342800000205,183.24468264982298,1325,SAT-19-0,-3.9811830103053727,165.24468264982298,1325,left,0.0006929875900798684,2956000,2402.028942818227
SAT-0-0,185.1342800000205,183.24468264982298,1325,SAT-1-0,-3.9811830103053727,201.24468264982298,1325,right,0.0006929875905604931,2956000,2402.028942818225
SAT-0-0,185.3848000000206,183.40355107975398,1325,SAT-19-0,-4.175215921155125,165.40355107975398,1325,left,0.0006933203282050183,2960000,2401.4490348016234
SAT-0-0,185.3848000000206,183.40355107975398,1325,SAT-1-0,-4.175215921155125,201.40355107975398,1325,right,0.000693320328525281,2960000,2401.4490348016216
SAT-0-0,185.51006000002064,183.48301452527375,1325,SAT-19-0,-4.272220469903367,165.4830145252738,1325,left,0.0006934927321904261,2962000,2401.1487897947545
SAT-0-0,185.51006000002064,183.48301452527375,1325,SAT-1-0,-4.272220469903367,201.48301452527375,1325,right,0.0006934927323505177,2962000,2401.148789794753
SAT-0-0,185.76058000002072,183.64200218416244,1325,SAT-19-0,-4.466204810983626,165.64200218416246,1325,left,0.0006938496225332415,2966000,2400.5277336217537
SAT-0-0,185.76058000002072,183.64200218416244,1325,SAT-1-0,-4.466204810983626,201.64200218416244,1325,right,0.0006938496222132232,2966000,2400.5277336217523
SAT-0-0,185.88584000002078,183.72152732115686,1325,SAT-19-0,-4.563184225567751,165.72152732115686,1325,left,0.0006940341141951796,2968000,2400.2069290104814
SAT-0-0,185.88584000002078,183.72152732115686,1325,SAT-1-0,-4.563184225567751,201.72152732115686,1325,right,0.0006940341146750796,2968000,2400.206929010479
SAT-0-0,186.1363600000209,183.8806425217171,1325,SAT-19-0,-4.757116597099326,165.88064252171714,1325,left,0.0006944152064116252,2972000,2399.5447836751537
SAT-0-0,186.1363600000209,183.8806425217171,1325,SAT-1-0,-4.757116597099326,201.8806425217171,1325,right,0.0006944152062517464,2972000,2399.5447836751514
SAT-0-0,186.2616200000209,183.960233510864,1325,SAT-19-0,-4.854069175198021,165.960233510864,1325,left,0.0006946118118307238,2974000,2399.2034499457664
SAT-0-0,186.2616200000209,183.960233510864,1325,SAT-1-0,-4.854069175198021,201.960233510864,1325,right,0.0006946118119905574,2974000,2399.2034499457636
SAT-0-0,186.51214000002102,184.11948458340922,1325,SAT-19-0,-5.047946167493464,166.11948458340925,1325,left,0.0006950171575359285,2978000,2398.500278400476
SAT-0-0,186.51214000002102,184.11948458340922,1325,SAT-1-0,-5.047946167493464,202.11948458340922,1325,right,0.0006950171575359285,2978000,2398.5002784004737
SAT-0-0,186.63740000002107,184.19914559447048,1325,SAT-19-0,-5.144870201667763,166.1991455944705,1325,left,0.0006952259041610658,2980000,2398.138448019576
SAT-0-0,186.63740000002107,184.19914559447048,1325,SAT-1-0,-5.144870201667763,202.19914559447048,1325,right,0.0006952259036819886,2980000,2398.1384480195748
SAT-0-0,186.88792000002115,184.35854088805115,1325,SAT-19-0,-5.3386883944764785,166.35854088805112,1325,left,0.0006956555597666502,2984000,2397.394317179729
SAT-0-0,186.88792000002115,184.35854088805115,1325,SAT-1-0,-5.3386883944764785,202.35854088805115,1325,right,0.0006956555597666502,2984000,2397.3943171797273
SAT-0-0,187.0131800000212,184.43827610044178,1325,SAT-19-0,-5.435582171841721,166.43827610044175,1325,left,0.00069587647575611,2986000,2397.0120245966823
SAT-0-0,187.0131800000212,184.43827610044178,1325,SAT-1-0,-5.435582171841721,202.43827610044178,1325,right,0.00069587647575611,2986000,2397.012024596681
SAT-0-0,187.2637000000213,184.59782398398318,1325,SAT-19-0,-5.629338133692363,166.5978239839832,1325,left,0.0006963305006669449,2990000,2396.227005345782
SAT-0-0,187.2637000000213,184.59782398398318,1325,SAT-1-0,-5.629338133692363,202.59782398398318,1325,right,0.0006963305003480667,2990000,2396.2270053457796
SAT-0-0,187.38896000002134,184.67763758733994,1325,SAT-19-0,-5.72619993558849,166.67763758733997,1325,left,0.0006965636171013027,2992000,2395.8242869953197
SAT-0-0,187.38896000002134,184.67763758733994,1325,SAT-1-0,-5.72619993558849,202.67763758733994,1325,right,0.0006965636166231454,2992000,2395.8242869953174
SAT-0-0,187.63948000002145,184.83734645078013,1325,SAT-19-0,-5.919890223128279,166.8373464507801,1325,left,0.0006970420731918588,2996000,2394.9984541903223
SAT-0-0,187.63948000002145,184.83734645078013,1325,SAT-1-0,-5.919890223128279,202.83734645078013,1325,right,0.0006970420731918588,2996000,2394.99845419032
SAT-0-0,187.76474000002148,184.91724264553076,1325,SAT-19-0,-6.016718324788757,166.9172426455307,1325,left,0.0006972874213382304,2998000,2394.5753484952993
SAT-0-0,187.76474000002148,184.91724264553076,1325,SAT-1-0,-6.016718324788757,202.91724264553076,1325,right,0.0006972874214974507,2998000,2394.5753484952984
SAT-0-0,188.01526000002158,185.0771209009587,1325,SAT-19-0,-6.210339482119476,167.07712090095873,1325,left,0.0006977903756135134,3002000,2393.708780972284
SAT-0-0,188.01526000002158,185.0771209009587,1325,SAT-1-0,-6.210339482119476,203.0771209009587,1325,right,0.0006977903752953023,3002000,2393.708780972282
SAT-0-0,188.14052000002164,185.15710389889085,1325,SAT-19-0,-6.3071321523384345,167.15710389889085,1325,left,0.0006980479888150439,3004000,2393.2653283465916
SAT-0-0,188.14052000002164,185.15710389889085,1325,SAT-1-0,-6.3071321523384345,203.15710389889085,1325,right,0.0006980479891331375,3004000,2393.2653283465893
SAT-0-0,188.39104000002172,185.31715998168457,1325,SAT-19-0,-6.500680710349014,167.31715998168463,1325,left,0.0006985755100120809,3008000,2392.3581089267377
SAT-0-0,188.39104000002172,185.31715998168457,1325,SAT-1-0,-6.500680710349014,203.31715998168457,1325,right,0.0006985755095353007,3008000,2392.3581089267354
SAT-0-0,188.51630000002177,185.39723400651513,1325,SAT-19-0,-6.5974362111467455,167.39723400651516,1325,left,0.0006988454249311677,3010000,2391.894351778363
SAT-0-0,188.51630000002177,185.39723400651513,1325,SAT-1-0,-6.5974362111467455,203.39723400651513,1325,right,0.0006988454250900331,3010000,2391.8943517783614
SAT-0-0,188.76682000002185,185.55747637648005,1325,SAT-19-0,-6.790908686842344,167.55747637648003,1325,left,0.0006993975841066047,3014000,2390.946567274238
SAT-0-0,188.76682000002185,185.55747637648005,1325,SAT-1-0,-6.790908686842344,203.55747637648005,1325,right,0.0006993975842653446,3014000,2390.9465672742363
SAT-0-0,188.8920800000219,185.6376456644241,1325,SAT-19-0,-6.887625273128778,167.63764566442407,1325,left,0.0006996798376742448,3016000,2390.462550008492
SAT-0-0,188.8920800000219,185.6376456644241,1325,SAT-1-0,-6.887625273128778,203.6376456644241,1325,right,0.0006996798376742448,3016000,2390.46255000849
SAT-0-0,189.14260000002201,185.79808280693143,1325,SAT-19-0,-7.081018168956072,167.7980828069314,1325,left,0.0007002567122764596,3020000,2389.4742912306515
SAT-0-0,189.14260000002201,185.79808280693143,1325,SAT-1-0,-7.081018168956072,203.79808280693143,1325,right,0.0007002567119593693,3020000,2389.4742912306483
SAT-0-0,189.26786000002207,185.8783516072715,1325,SAT-19-0,-7.177694088192513,167.87835160727155,1325,left,0.0007005513418274073,3022000,2388.970060253547
SAT-0-0,189.26786000002207,185.8783516072715,1325,SAT-1-0,-7.177694088192513,203.8783516072715,1325,right,0.0007005513421443643,3022000,2388.9700602535445
SAT-0-0,189.51838000002215,186.03899203439656,1325,SAT-19-0,-7.371003891361,168.0389920343966,1325,left,0.0007011530103949882,3026000,2387.9414220174485
SAT-0-0,189.51838000002215,186.03899203439656,1325,SAT-1-0,-7.371003891361,204.03899203439656,1325,right,0.0007011530107116731,3026000,2387.941422017446
SAT-0-0,189.6436400000222,186.11936461005186,1325,SAT-19-0,-7.467637383219734,168.11936461005192,1325,left,0.0007014600576020678,3028000,2387.4170257392357
SAT-0-0,189.6436400000222,186.11936461005186,1325,SAT-1-0,-7.467637383219734,204.11936461005186,1325,right,0.0007014600579186141,3028000,2387.417025739234
SAT-0-0,189.89416000002228,186.28021686171215,1325,SAT-19-0,-7.660860565018882,168.28021686171218,1325,left,0.000702086602242518,3032000,2386.348106872473
SAT-0-0,189.89416000002228,186.28021686171215,1325,SAT-1-0,-7.660860565018882,204.28021686171215,1325,right,0.000702086602084386,3032000,2386.348106872471
SAT-0-0,190.01942000002234,186.36069748980748,1325,SAT-19-0,-7.757449861040794,168.36069748980745,1325,left,0.0007024061094342376,3034000,2385.8035957113348
SAT-0-0,190.01942000002234,186.36069748980748,1325,SAT-1-0,-7.757449861040794,204.36069748980748,1325,right,0.0007024061089600576,3034000,2385.803595711333
SAT-0-0,190.26994000002244,186.52177013490075,1325,SAT-19-0,-7.950582876153007,168.52177013490075,1325,left,0.0007030576156004786,3038000,2384.694499061189
SAT-0-0,190.26994000002244,186.52177013490075,1325,SAT-1-0,-7.950582876153007,204.52177013490075,1325,right,0.0007030576151267379,3038000,2384.6944990611864
SAT-0-0,190.39520000002247,186.6023631073355,1325,SAT-19-0,-8.047126199402813,168.60236310733552,1325,left,0.000703389624470742,3040000,2384.1299254470964
SAT-0-0,190.39520000002247,186.6023631073355,1325,SAT-1-0,-8.047126199402813,204.6023631073355,1325,right,0.0007033896249442589,3040000,2384.1299254470937
SAT-0-0,190.64572000002258,186.7636647448776,1325,SAT-19-0,-8.2401654852119,168.7636647448776,1325,left,0.0007040661819993821,3044000,2382.980757888402
SAT-0-0,190.64572000002258,186.7636647448776,1325,SAT-1-0,-8.2401654852119,204.7636647448776,1325,right,0.000704066182472444,3044000,2382.9807578884
SAT-0-0,190.77098000002263,186.84437436889456,1325,SAT-19-0,-8.3366610499313,168.8443743688946,1325,left,0.0007044107400487965,3046000,2382.3961762671297
SAT-0-0,190.77098000002263,186.84437436889456,1325,SAT-1-0,-8.3366610499313,204.84437436889456,1325,right,0.0007044107400487965,3046000,2382.3961762671274
SAT-0-0,191.0215000000227,187.00591362915665,1325,SAT-19-0,-8.529603025826232,169.00591362915668,1325,left,0.0007051124402445047,3050000,2381.207048710472
SAT-0-0,191.0215000000227,187.00591362915665,1325,SAT-1-0,-8.529603025826232,205.00591362915665,1325,right,0.0007051124402445047,3050000,2381.2070487104706
SAT-0-0,191.14676000002277,187.08674422791054,1325,SAT-19-0,-8.626049037084568,169.08674422791057,1325,left,0.0007054695936373603,3052000,2380.6025155477773
SAT-0-0,191.14676000002277,187.08674422791054,1325,SAT-1-0,-8.626049037084568,205.08674422791054,1325,right,0.0007054695936373603,3052000,2380.602515547775
SAT-0-0,191.39728000002285,187.24852977355602,1325,SAT-19-0,-8.818890103758413,169.24852977355604,1325,left,0.0007061965326741157,3056000,2379.373542948009
SAT-0-0,191.39728000002285,187.24852977355602,1325,SAT-1-0,-8.818890103758413,205.24852977355602,1325,right,0.0007061965326741157,3056000,2379.3735429480066
SAT-0-0,191.5225400000229,187.32948568668172,1325,SAT-19-0,-8.915284757101,169.32948568668172,1325,left,0.0007065663296765861,3058000,2378.749116733967
SAT-0-0,191.5225400000229,187.32948568668172,1325,SAT-1-0,-8.915284757101,205.32948568668172,1325,right,0.0007065663296765861,3058000,2378.749116733965
SAT-0-0,191.773060000023,187.4915262139024,1325,SAT-19-0,-9.108021295844932,169.4915262139024,1325,left,0.0007073186063130489,3062000,2377.480418099048
SAT-0-0,191.773060000023,187.4915262139024,1325,SAT-1-0,-9.108021295844932,205.4915262139024,1325,right,0.0007073186066269733,3062000,2377.4804180990454
SAT-0-0,191.89832000002303,187.57261179808305,1325,SAT-19-0,-9.204362776938643,169.57261179808305,1325,left,0.0007077010975659637,3064000,2376.836159352564
SAT-0-0,191.89832000002303,187.57261179808305,1325,SAT-1-0,-9.204362776938643,205.57261179808305,1325,right,0.0007077010977228411,3064000,2376.836159352563
SAT-0-0,192.14884000002314,187.73491603773473,1325,SAT-19-0,-9.396991148930793,169.7349160377348,1325,left,0.0007084788144819322,3068000,2375.5278577527397
SAT-0-0,192.14884000002314,187.73491603773473,1325,SAT-1-0,-9.396991148930793,205.73491603773473,1325,right,0.0007084788144819322,3068000,2375.527857752738
SAT-0-0,192.2741000000232,187.8161356672691,1325,SAT-19-0,-9.4932776332072,169.8161356672691,1325,left,0.0007088740518591892,3070000,2374.863829026211
SAT-0-0,192.2741000000232,187.8161356672691,1325,SAT-1-0,-9.4932776332072,205.8161356672691,1325,right,0.0007088740513893358,3070000,2374.863829026209
SAT-0-0,192.52462000002328,187.9787123860061,1325,SAT-19-0,-9.685794178795991,169.97871238600607,1325,left,0.0007096773138492585,3074000,2373.5160516035116
SAT-0-0,192.52462000002328,187.9787123860061,1325,SAT-1-0,-9.685794178795991,205.9787123860061,1325,right,0.0007096773138492585,3074000,2373.51605160351
SAT-0-0,192.64988000002333,188.06007045337563,1325,SAT-19-0,-9.78202383109176,170.06007045337563,1325,left,0.0007100853507328729,3076000,2372.8323174876646
SAT-0-0,192.64988000002333,188.06007045337563,1325,SAT-1-0,-9.78202383109176,206.06007045337563,1325,right,0.0007100853512019249,3076000,2372.8323174876627
SAT-0-0,192.9004000000234,188.22292845478427,1325,SAT-19-0,-9.9744248690739,170.22292845478427,1325,left,0.0007109142672870491,3080000,2371.445195465747
SAT-0-0,192.9004000000234,188.22292845478427,1325,SAT-1-0,-9.9744248690739,206.22292845478427,1325,right,0.0007109142669747125,3080000,2371.4451954657447
SAT-0-0,193.02566000002346,188.30442937121967,1325,SAT-19-0,-10.07059584326824,170.30442937121967,1325,left,0.0007113351591491713,3082000,2370.74182259464
SAT-0-0,193.02566000002346,188.30442937121967,1325,SAT-1-0,-10.07059584326824,206.30442937121967,1325,right,0.0007113351591491713,3082000,2370.741822594638
SAT-0-0,193.27618000002357,188.46757749695055,1325,SAT-19-0,-10.262877670160968,170.46757749695053,1325,left,0.0007121898415484547,3086000,2369.315491288955
SAT-0-0,193.27618000002357,188.46757749695055,1325,SAT-1-0,-10.262877670160968,206.46757749695055,1325,right,0.0007121898415484547,3086000,2369.3154912889518
SAT-0-0,193.4014400000236,188.54922569299737,1325,SAT-19-0,-10.358988108810362,170.54922569299737,1325,left,0.0007126236451259,3088000,2368.5925483451483
SAT-0-0,193.4014400000236,188.54922569299737,1325,SAT-1-0,-10.358988108810362,206.54922569299737,1325,right,0.0007126236454374874,3088000,2368.5925483451465
SAT-0-0,193.6519600000237,188.7126728238962,1325,SAT-19-0,-10.551146998117773,170.71267282389618,1325,left,0.0007135042096336647,3092000,2367.1271471734535
SAT-0-0,193.6519600000237,188.7126728238962,1325,SAT-1-0,-10.551146998117773,206.7126728238962,1325,right,0.0007135042096336647,3092000,2367.1271471734517
SAT-0-0,193.77722000002376,188.79447274998,1325,SAT-19-0,-10.647195032087604,170.79447274997997,1325,left,0.0007139509833510593,3094000,2366.3847048933526
SAT-0-0,193.77722000002376,188.79447274998,1325,SAT-1-0,-10.647195032087604,206.79447274998,1325,right,0.0007139509831955552,3094000,2366.3847048933494
SAT-0-0,194.02774000002384,188.95822780721664,1325,SAT-19-0,-10.839227233560909,170.95822780721662,1325,left,0.0007148575481555807,3098000,2364.8803773865634
SAT-0-0,194.02774000002384,188.95822780721664,1325,SAT-1-0,-10.839227233560909,206.95822780721664,1325,right,0.0007148575478449669,3098000,2364.8803773865607
SAT-0-0,194.1530000000239,189.04018393420702,1325,SAT-19-0,-10.93521098165416,171.04018393420705,1325,left,0.0007153173520791498,3100000,2364.118508565922
SAT-0-0,194.1530000000239,189.04018393420702,1325,SAT-1-0,-10.93521098165416,207.04018393420702,1325,right,0.000715317352389564,3100000,2364.1185085659204
SAT-0-0,194.40352000002397,189.20425588040288,1325,SAT-19-0,-11.127112720545803,171.20425588040288,1325,left,0.0007162500392258529,3104000,2362.575402379307
SAT-0-0,194.40352000002397,189.20425588040288,1325,SAT-1-0,-11.127112720545803,207.20425588040288,1325,right,0.0007162500393808579,3104000,2362.5754023793047
SAT-0-0,194.52878000002403,189.28637270017663,1325,SAT-19-0,-11.223030289128392,171.28637270017666,1325,left,0.0007167229354797353,3106000,2361.794181878919
SAT-0-0,194.52878000002403,189.28637270017663,1325,SAT-1-0,-11.223030289128392,207.28637270017663,1325,right,0.0007167229359444434,3106000,2361.794181878916
SAT-0-0,194.77930000002414,189.45077054052965,1325,SAT-19-0,-11.41479776543979,171.45077054052965,1325,left,0.0007176818703039097,3110000,2360.212448803633
SAT-0-0,194.77930000002414,189.45077054052965,1325,SAT-1-0,-11.41479776543979,207.45077054052965,1325,right,0.0007176818699945183,3110000,2360.2124488036297
SAT-0-0,194.90456000002416,189.53305256653275,1325,SAT-19-0,-11.510647248062854,171.53305256653275,1325,left,0.00071816792208952,3112000,2359.411953555181
SAT-0-0,194.90456000002416,189.53305256653275,1325,SAT-1-0,-11.510647248062854,207.53305256653275,1325,right,0.0007181679219349289,3112000,2359.411953555179
SAT-0-0,195.15508000002427,189.6977853499403,1325,SAT-19-0,-11.702276635785466,171.6977853499403,1325,left,0.0007191532328078407,3116000,2357.7917495301554
SAT-0-0,195.15508000002427,189.6977853499403,1325,SAT-1-0,-11.702276635785466,207.6977853499403,1325,right,0.0007191532326534614,3116000,2357.791749530153
SAT-0-0,195.28034000002432,189.7802371177485,1325,SAT-19-0,-11.798056112804227,171.7802371177485,1325,left,0.0007196525057466161,3118000,2356.9720585422483
SAT-0-0,195.28034000002432,189.7802371177485,1325,SAT-1-0,-11.798056112804227,207.7802371177485,1325,right,0.0007196525052837998,3118000,2356.972058542246
SAT-0-0,195.5308600000244,189.94531393792735,1325,SAT-19-0,-11.989543559153914,171.94531393792735,1325,left,0.0007206643235108738,3122000,2355.3135436664243
SAT-0-0,195.5308600000244,189.94531393792735,1325,SAT-1-0,-11.989543559153914,207.94531393792735,1325,right,0.0007206643235108738,3122000,2355.313543666422
SAT-0-0,195.65612000002446,190.02794000580576,1325,SAT-19-0,-12.085251097343214,172.02794000580573,1325,left,0.0007211768837378519,3124000,2354.474738030795
SAT-0-0,195.65612000002446,190.02794000580576,1325,SAT-1-0,-12.085251097343214,208.02794000580576,1325,right,0.0007211768837378519,3124000,2354.474738030792
SAT-0-0,195.90664000002457,190.19337000240907,1325,SAT-19-0,-12.276592721987756,172.19337000240904,1325,left,0.0007222153448400185,3128000,2352.7780765757134
SAT-0-0,195.90664000002457,190.19337000240907,1325,SAT-1-0,-12.276592721987756,208.19337000240907,1325,right,0.0007222153442251199,3128000,2352.7780765757116
SAT-0-0,196.0319000000246,190.2761749518697,1325,SAT-19-0,-12.372226374153945,172.27617495186973,1325,left,0.0007227412606489218,3130000,2351.920239473606
SAT-0-0,196.0319000000246,190.2761749518697,1325,SAT-1-0,-12.372226374153945,208.2761749518697,1325,right,0.000722741260495309,3130000,2351.9202394736044
SAT-0-0,196.2824200000247,190.44196731160105,1325,SAT-19-0,-12.563418268433471,172.44196731160105,1325,left,0.000723806502251462,3134000,2350.1855998963506
SAT-0-0,196.2824200000247,190.44196731160105,1325,SAT-1-0,-12.563418268433471,208.44196731160105,1325,right,0.000723806502251462,3134000,2350.185599896349
SAT-0-0,196.40768000002475,190.52495574795876,1325,SAT-19-0,-12.658976073022876,172.5249557479588,1325,left,0.0007243458437299867,3136000,2349.308816605081
SAT-0-0,196.40768000002475,190.52495574795876,1325,SAT-1-0,-12.658976073022876,208.52495574795876,1325,right,0.0007243458437299867,3136000,2349.3088166050793
SAT-0-0,196.65820000002483,190.6911197056822,1325,SAT-19-0,-12.850014299163004,172.6911197056822,1325,left,0.0007254380072986778,3140000,2347.5363715615736
SAT-0-0,196.65820000002483,190.6911197056822,1325,SAT-1-0,-12.850014299163004,208.6911197056822,1325,right,0.0007254380076047613,3140000,2347.5363715615727
SAT-0-0,196.7834600000249,190.77429625860896,1325,SAT-19-0,-12.945494279866622,172.7742962586089,1325,left,0.0007259908459639115,3142000,2346.640729461268
SAT-0-0,196.7834600000249,190.77429625860896,1325,SAT-1-0,-12.945494279866622,208.77429625860896,1325,right,0.0007259908459639115,3142000,2346.640729461267
SAT-0-0,197.03398000002497,190.94084109845505,1325,SAT-19-0,-13.136374870184147,172.94084109845508,1325,left,0.00072711007668517,3146000,2344.8306558199347
SAT-0-0,197.03398000002497,190.94084109845505,1325,SAT-1-0,-13.136374870184147,208.94084109845505,1325,right,0.0007271100769905497,3146000,2344.830655819933
SAT-0-0,197.15924000002502,191.02421042253195,1325,SAT-19-0,-13.231775035538723,173.02421042253198,1325,left,0.000727676485732489,3148000,2343.9162444004482
SAT-0-0,197.15924000002502,191.02421042253195,1325,SAT-1-0,-13.231775035538723,209.02421042253195,1325,right,0.000727676485732489,3148000,2343.916244400447
SAT-0-0,197.40976000002513,191.1911454789996,1325,SAT-19-0,-13.422493991639842,173.19114547899957,1325,left,0.0007288229316295403,3152000,2342.0687232562336
SAT-0-0,197.40976000002513,191.1911454789996,1325,SAT-1-0,-13.422493991639842,209.1911454789996,1325,right,0.0007288229316295403,3152000,2342.0687232562304
SAT-0-0,197.53502000002516,191.27471225426632,1325,SAT-19-0,-13.517812334624914,173.27471225426632,1325,left,0.0007294029854165323,3154000,2341.135634124255
SAT-0-0,197.53502000002516,191.27471225426632,1325,SAT-1-0,-13.517812334624914,209.27471225426632,1325,right,0.0007294029854165323,3154000,2341.135634124252
SAT-0-0,197.78554000002526,191.44204691331979,1325,SAT-19-0,-13.70836562659568,173.44204691331973,1325,left,0.0007305767966268917,3158000,2339.2508508130095
SAT-0-0,197.78554000002526,191.44204691331979,1325,SAT-1-0,-13.70836562659568,209.44204691331979,1325,right,0.0007305767970827875,3158000,2339.2508508130068
SAT-0-0,197.91080000002532,191.52581584582214,1325,SAT-19-0,-13.8036001242269,173.52581584582217,1325,left,0.0007311705716813636,3160000,2338.299177699342
SAT-0-0,197.91080000002532,191.52581584582214,1325,SAT-1-0,-13.8036001242269,209.52581584582214,1325,right,0.0007311705721368893,3160000,2338.2991776993395
SAT-0-0,198.1613200000254,191.69355954598254,1325,SAT-19-0,-13.99398368981572,173.69355954598254,1325,left,0.0007323719036813359,3164000,2336.3773218125766
SAT-0-0,198.1613200000254,191.69355954598254,1325,SAT-1-0,-13.99398368981572,209.69355954598254,1325,right,0.0007323719036813359,3164000,2336.377321812575
SAT-0-0,198.28658000002545,191.77753536831662,1325,SAT-19-0,-14.0891323027341,173.77753536831662,1325,left,0.0007329794777231164,3166000,2335.4071605796066
SAT-0-0,198.28658000002545,191.77753536831662,1325,SAT-1-0,-14.0891323027341,209.77753536831662,1325,right,0.0007329794780260507,3166000,2335.4071605796044
SAT-0-0,198.53710000002553,191.94569760174807,1325,SAT-19-0,-14.279342046526134,173.9456976017481,1325,left,0.0007342084866426491,3170000,2333.4484259796104
SAT-0-0,198.53710000002553,191.94569760174807,1325,SAT-1-0,-14.279342046526134,209.94569760174807,1325,right,0.0007342084867938628,3170000,2333.4484259796086
SAT-0-0,198.6623600000256,192.0298850736018,1325,SAT-19-0,-14.374402718583216,174.02988507360175,1325,left,0.0007348299397355357,3172000,2332.459874628961
SAT-0-0,198.6623600000256,192.0298850736018,1325,SAT-1-0,-14.374402718583216,210.0298850736018,1325,right,0.0007348299394333642,3172000,2332.459874628959
SAT-0-0,198.9128800000257,192.19847538719102,1325,SAT-19-0,-14.56443451116674,174.19847538719102,1325,left,0.0007360867867838242,3176000,2330.464459464292
SAT-0-0,198.9128800000257,192.19847538719102,1325,SAT-1-0,-14.56443451116674,210.19847538719102,1325,right,0.000736086786331341,3176000,2330.46445946429
SAT-0-0,199.03814000002572,192.2828792958825,1325,SAT-19-0,-14.659405169005657,174.28287929588254,1325,left,0.000736722198850089,3178000,2329.45761814466
SAT-0-0,199.03814000002572,192.2828792958825,1325,SAT-1-0,-14.659405169005657,210.2828792958825,1325,right,0.000736722198850089,3178000,2329.4576181446578
SAT-0-0,199.28866000002583,192.45190729231203,1325,SAT-19-0,-14.849254846129845,174.45190729231203,1325,left,0.0007380070471570319,3182000,2327.425724866007
SAT-0-0,199.28866000002583,192.45190729231203,1325,SAT-1-0,-14.849254846129845,210.45190729231203,1325,right,0.0007380070474579026,3182000,2327.4257248660047
SAT-0-0,199.41392000002588,192.53653245332404,1325,SAT-19-0,-14.944133398762096,174.53653245332407,1325,left,0.0007386565015392704,3184000,2326.40069588119
SAT-0-0,199.41392000002588,192.53653245332404,1325,SAT-1-0,-14.944133398762096,210.53653245332404,1325,right,0.0007386565015392704,3184000,2326.400695881188
SAT-0-0,199.66444000002596,192.70600779213777,1325,SAT-19-0,-15.133796760486334,174.70600779213774,1325,left,0.0007399695185851024,3188000,2324.3325312576153
SAT-0-0,199.66444000002596,192.70600779213777,1325,SAT-1-0,-15.133796760486334,210.70600779213777,1325,right,0.0007399695182850297,3188000,2324.3325312576126
SAT-0-0,199.78970000002602,192.790859049649,1325,SAT-19-0,-15.228581098864366,174.79085904964896,1325,left,0.0007406330994088567,3190000,2323.2894190747234
SAT-0-0,199.78970000002602,192.790859049649,1325,SAT-1-0,-15.228581098864366,210.79085904964896,1325,right,0.0007406330994088567,3190000,2323.2894190747206
SAT-0-0,200.0402200000261,192.9607914483101,1325,SAT-19-0,-15.418053908698925,174.96079144831003,1325,left,0.0007419744537327145,3194000,2321.1851942102758
SAT-0-0,200.0402200000261,192.9607914483101,1325,SAT-1-0,-15.418053908698925,210.9607914483101,1325,right,0.0007419744538823455,3194000,2321.185194210273
SAT-0-0,200.16548000002615,193.04587367572162,1325,SAT-19-0,-15.512741905284132,175.0458736757216,1325,left,0.0007426522468952606,3196000,2320.1241054681345
SAT-0-0,200.16548000002615,193.04587367572162,1325,SAT-1-0,-15.512741905284132,211.04587367572162,1325,right,0.000742652247044755,3196000,2320.124105468133
SAT-0-0,200.41600000002626,193.216272910662,1325,SAT-19-0,-15.702019889322026,175.216272910662,1325,left,0.0007440221121609956,3200000,2317.9840358188417
SAT-0-0,200.41600000002626,193.216272910662,1325,SAT-1-0,-15.702019889322026,211.216272910662,1325,right,0.0007440221121609956,3200000,2317.9840358188403
SAT-0-0,200.54126000002628,193.30159101112022,1325,SAT-19-0,-15.796609397648522,175.30159101112022,1325,left,0.0007447142039155507,3202000,2316.905079336587
SAT-0-0,200.54126000002628,193.30159101112022,1325,SAT-1-0,-15.796609397648522,211.30159101112022,1325,right,0.0007447142039155507,3202000,2316.905079336584
SAT-0-0,200.7917800000264,193.47246691878067,1325,SAT-19-0,-15.98568824368829,175.47246691878067,1325,left,0.0007461127559202456,3206000,2314.729384727833
SAT-0-0,200.7917800000264,193.47246691878067,1325,SAT-1-0,-15.98568824368829,211.47246691878067,1325,right,0.0007461127559202456,3206000,2314.7293847278306
SAT-0-0,200.91704000002645,193.55802582569453,1325,SAT-19-0,-16.080177097922,175.55802582569456,1325,left,0.0007468192354961533,3208000,2313.6326715136847
SAT-0-0,200.91704000002645,193.55802582569453,1325,SAT-1-0,-16.080177097922,211.55802582569453,1325,right,0.000746819235942134,3208000,2313.6326715136834
SAT-0-0,201.16756000002653,193.7293883035552,1325,SAT-19-0,-16.269052454581402,175.72938830355523,1325,left,0.0007482466526300761,3212000,2311.421576157965
SAT-0-0,201.16756000002653,193.7293883035552,1325,SAT-1-0,-16.269052454581402,211.7293883035552,1325,right,0.0007482466526300761,3212000,2311.421576157963
SAT-0-0,201.29282000002658,193.81519298110916,1325,SAT-19-0,-16.363438469074694,175.8151929811092,1325,left,0.000748967610068221,3214000,2310.3072194182123
SAT-0-0,201.29282000002658,193.81519298110916,1325,SAT-1-0,-16.363438469074694,211.81519298110916,1325,right,0.0007489676105129225,3214000,2310.3072194182105
SAT-0-0,201.5433400000267,193.98705198870934,1325,SAT-19-0,-16.552105944895207,175.98705198870934,1325,left,0.0007504240745083168,3218000,2308.0609519332716
SAT-0-0,201.5433400000267,193.98705198870934,1325,SAT-1-0,-16.552105944895207,211.98705198870934,1325,right,0.0007504240748042089,3218000,2308.0609519332693
SAT-0-0,201.66860000002671,194.0731074323704,1325,SAT-19-0,-16.646386913736663,176.0731074323704,1325,left,0.0007511596017781321,3220000,2306.92906708143
SAT-0-0,201.66860000002671,194.0731074323704,1325,SAT-1-0,-16.646386913736663,212.0731074323704,1325,right,0.0007511596017781321,3220000,2306.9290670814275
SAT-0-0,201.91912000002682,194.24547299231725,1325,SAT-19-0,-16.834842076278555,176.24547299231727,1325,left,0.0007526452977063643,3224000,2304.6478605087864
SAT-0-0,201.91912000002682,194.24547299231725,1325,SAT-1-0,-16.834842076278555,212.24547299231725,1325,right,0.0007526452977063643,3224000,2304.6478605087837
SAT-0-0,202.04438000002688,194.33178422933625,1325,SAT-19-0,-16.929015772838227,176.33178422933622,1325,left,0.0007533954875952504,3226000,2303.4985651749594
SAT-0-0,202.04438000002688,194.33178422933625,1325,SAT-1-0,-16.929015772838227,212.33178422933625,1325,right,0.0007533954875952504,3226000,2303.498565174957
SAT-0-0,202.29490000002696,194.50466642830114,1325,SAT-19-0,-17.117254147766097,176.5046664283011,1325,left,0.0007549106029751247,3230000,2301.182656998816
SAT-0-0,202.29490000002696,194.50466642830114,1325,SAT-1-0,-17.117254147766097,212.50466642830114,1325,right,0.0007549106026809911,3230000,2301.1826569988148
SAT-0-0,202.420160000027,194.59123851820786,1325,SAT-19-0,-17.211318324235826,176.59123851820783,1325,left,0.0007556755496082098,3232000,2300.0160710392474
SAT-0-0,202.420160000027,194.59123851820786,1325,SAT-1-0,-17.211318324235826,212.59123851820786,1325,right,0.0007556755497551277,3232000,2300.016071039246
SAT-0-0,202.6706800000271,194.76464750791004,1325,SAT-19-0,-17.399335394394434,176.76464750791004,1325,left,0.0007572202745549144,3236000,2297.665703205787
SAT-0-0,202.6706800000271,194.76464750791004,1325,SAT-1-0,-17.399335394394434,212.76464750791004,1325,right,0.0007572202749947691,3236000,2297.665703205786
SAT-0-0,202.79594000002714,194.85148554300167,1325,SAT-19-0,-17.49328778132342,176.85148554300167,1325,left,0.0007580000744925915,3238000,2296.481948712603
SAT-0-0,202.79594000002714,194.85148554300167,1325,SAT-1-0,-17.49328778132342,212.85148554300167,1325,right,0.0007580000743461241,3238000,2296.4819487126015
SAT-0-0,203.04646000002725,195.0254315411777,1325,SAT-19-0,-17.681078985803868,177.02543154117774,1325,left,0.0007595746024427134,3242000,2294.0973676496737
SAT-0-0,203.04646000002725,195.0254315411777,1325,SAT-1-0,-17.681078985803868,213.0254315411777,1325,right,0.0007595746024427134,3242000,2294.097367649671
SAT-0-0,203.17172000002728,195.11254064699995,1325,SAT-19-0,-17.77491729162917,177.11254064699992,1325,left,0.000760369352398983,3244000,2292.896568960824
SAT-0-0,203.17172000002728,195.11254064699995,1325,SAT-1-0,-17.77491729162917,213.11254064699995,1325,right,0.0007603693526910051,3244000,2292.8965689608217
SAT-0-0,203.4222400000274,195.2870339383592,1325,SAT-19-0,-17.962478024825145,177.28703393835917,1325,left,0.0007619738793671363,3248000,2290.4780255980054
SAT-0-0,203.4222400000274,195.2870339383592,1325,SAT-1-0,-17.962478024825145,213.2870339383592,1325,right,0.0007619738796585435,3248000,2290.478025598003
SAT-0-0,203.54750000002744,195.37441927417987,1325,SAT-19-0,-18.056199935397384,177.3744192741799,1325,left,0.0007627836784769276,3250000,2289.2603093073953
SAT-0-0,203.54750000002744,195.37441927417987,1325,SAT-1-0,-18.056199935397384,213.37441927417987,1325,right,0.0007627836783313788,3250000,2289.2603093073935
SAT-0-0,203.79802000002752,195.5494702113433,1325,SAT-19-0,-18.24352554605138,177.54947021134333,1325,left,0.000764418402753357,3254000,2286.8080590964646
SAT-0-0,203.79802000002752,195.5494702113433,1325,SAT-1-0,-18.24352554605138,213.5494702113433,1325,right,0.000764418402753357,3254000,2286.8080590964632
SAT-0-0,203.92328000002757,195.63713697061806,1325,SAT-19-0,-18.33712872415529,177.6371369706181,1325,left,0.0007652433507382955,3256000,2285.573554064283
SAT-0-0,203.92328000002757,195.63713697061806,1325,SAT-1-0,-18.33712872415529,213.63713697061806,1325,right,0.0007652433507382955,3256000,2285.573554064281
SAT-0-0,204.17380000002765,195.81275597504094,1325,SAT-19-0,-18.524214514394682,177.81275597504094,1325,left,0.0007669084740404356,3260000,2283.08785700006
SAT-0-0,204.17380000002765,195.81275597504094,1325,SAT-1-0,-18.524214514394682,213.81275597504094,1325,right,0.0007669084740404356,3260000,2283.0878570000586
SAT-0-0,204.2990600000277,195.90070938587002,1325,SAT-19-0,-18.61769659926472,177.90070938587004,1325,left,0.0007677486720059486,3262000,2281.8366943632973
SAT-0-0,204.2990600000277,195.90070938587002,1325,SAT-1-0,-18.61769659926472,213.90070938587002,1325,right,0.0007677486720059486,3262000,2281.8366943632964
SAT-0-0,204.54958000002782,196.07690694874668,1325,SAT-19-0,-18.80453782362774,178.07690694874668,1325,left,0.0007694443981511235,3266000,2279.3178150048807
SAT-0-0,204.54958000002782,196.07690694874668,1325,SAT-1-0,-18.80453782362774,214.07690694874668,1325,right,0.0007694443981511235,3266000,2279.3178150048793
SAT-0-0,204.67484000002784,196.16515227432265,1325,SAT-19-0,-18.89789643045835,178.16515227432262,1325,left,0.0007702999492256728,3268000,2278.0501281880465
SAT-0-0,204.67484000002784,196.16515227432265,1325,SAT-1-0,-18.89789643045835,214.16515227432265,1325,right,0.0007702999490815442,3268000,2278.0501281880447
SAT-0-0,204.92536000002795,196.34193895747242,1325,SAT-19-0,-19.084488294909796,178.34193895747242,1325,left,0.0007720264846932395,3272000,2275.4983356804373
SAT-0-0,204.92536000002795,196.34193895747242,1325,SAT-1-0,-19.084488294909796,214.34193895747242,1325,right,0.0007720264844056268,3272000,2275.4983356804355
SAT-0-0,205.050620000028,196.43048149651815,1325,SAT-19-0,-19.177721014360717,178.43048149651815,1325,left,0.0007728974920682959,3274000,2274.2142604064707
SAT-0-0,205.050620000028,196.43048149651815,1325,SAT-1-0,-19.177721014360717,214.43048149651815,1325,right,0.0007728974922119401,3274000,2274.2142604064684
SAT-0-0,205.30114000002808,196.60786793325093,1325,SAT-19-0,-19.36405867529706,178.60786793325096,1325,left,0.0007746550459792744,3278000,2271.629828502583
SAT-0-0,205.30114000002808,196.60786793325093,1325,SAT-1-0,-19.36405867529706,214.60786793325093,1325,right,0.0007746550459792744,3278000,2271.629828502581
SAT-0-0,205.42640000002814,196.6967130204473,1325,SAT-19-0,-19.45716307299338,178.69671302044733,1325,left,0.0007755416155638315,3280000,2270.329502803946
SAT-0-0,205.42640000002814,196.6967130204473,1325,SAT-1-0,-19.45716307299338,214.6967130204473,1325,right,0.0007755416155638315,3280000,2270.3295028039443
SAT-0-0,205.67692000002822,196.87470991640808,1325,SAT-19-0,-19.643241636237654,178.87470991640808,1325,left,0.0007773303992233951,3284000,2267.7127098870046
SAT-0-0,205.67692000002822,196.87470991640808,1325,SAT-1-0,-19.643241636237654,214.87470991640808,1325,right,0.0007773303989377448,3284000,2267.712709887002
SAT-0-0,205.80218000002827,196.96386292281062,1325,SAT-19-0,-19.736215252264497,178.96386292281062,1325,left,0.0007782326368282591,3286000,2266.3962741169876
SAT-0-0,205.80218000002827,196.96386292281062,1325,SAT-1-0,-19.736215252264497,214.96386292281062,1325,right,0.0007782326371135782,3286000,2266.3962741169844
SAT-0-0,206.05270000002838,197.14248105680153,1325,SAT-19-0,-19.922029772050575,179.14248105680153,1325,left,0.0007800528639919842,3290000,2263.747403223302
SAT-0-0,206.05270000002838,197.14248105680153,1325,SAT-1-0,-19.922029772050575,215.14248105680153,1325,right,0.0007800528638496575,3290000,2263.7474032232994
SAT-0-0,206.1779600000284,197.23194739024538,1325,SAT-19-0,-20.01487012044263,179.23194739024538,1325,left,0.0007809708773972895,3292000,2262.4150000675027
SAT-0-0,206.1779600000284,197.23194739024538,1325,SAT-1-0,-20.01487012044263,215.23194739024538,1325,right,0.0007809708771129708,3292000,2262.4150000675018
SAT-0-0,206.42848000002851,197.41119761502338,1325,SAT-19-0,-20.20041559838891,179.4111976150234,1325,left,0.0007828227642409419,3296000,2259.7343389096377
SAT-0-0,206.42848000002851,197.41119761502338,1325,SAT-1-0,-20.20041559838891,215.41119761502338,1325,right,0.0007828227642409419,3296000,2259.734338909637
SAT-0-0,206.55374000002857,197.50098272051628,1325,SAT-19-0,-20.29312016661462,179.50098272051625,1325,left,0.0007837566616825365,3298000,2258.3861133976384
SAT-0-0,206.55374000002857,197.50098272051628,1325,SAT-1-0,-20.29312016661462,215.50098272051628,1325,right,0.0007837566613992284,3298000,2258.3861133976366
SAT-0-0,206.80426000002865,197.68087596356605,1325,SAT-19-0,-20.478391550687004,179.68087596356602,1325,left,0.0007856404259249755,3302000,2255.673954387951
SAT-0-0,206.80426000002865,197.68087596356605,1325,SAT-1-0,-20.478391550687004,215.68087596356605,1325,right,0.0007856404262076044,3302000,2255.6739543879503
SAT-0-0,206.9295200000287,197.7709853236679,1325,SAT-19-0,-20.570957799127466,179.77098532366787,1325,left,0.0007865903174317583,3304000,2254.310053905184
SAT-0-0,206.9295200000287,197.7709853236679,1325,SAT-1-0,-20.570957799127466,215.7709853236679,1325,right,0.0007865903177140458,3304000,2254.310053905182
SAT-0-0,207.1800400000288,197.9515325879476,1325,SAT-19-0,-20.75594998259177,179.95153258794758,1325,left,0.0007885061804265465,3308000,2251.566694179747
SAT-0-0,207.1800400000288,197.9515325879476,1325,SAT-1-0,-20.75594998259177,215.9515325879476,1325,right,0.0007885061805673473,3308000,2251.5666941797454
SAT-0-0,207.30530000002884,198.0419717231364,1325,SAT-19-0,-20.848375344014148,180.04197172313638,1325,left,0.0007894721764563327,3310000,2250.18726847955
SAT-0-0,207.30530000002884,198.0419717231364,1325,SAT-1-0,-20.848375344014148,216.0419717231364,1325,right,0.0007894721767375898,3310000,2250.1872684795467
SAT-0-0,207.55582000002894,198.22318408779543,1325,SAT-19-0,-21.033083164377793,180.22318408779537,1325,left,0.000791420360190369,3314000,2247.413009922441
SAT-0-0,207.55582000002894,198.22318408779543,1325,SAT-1-0,-21.033083164377793,216.22318408779543,1325,right,0.000791420360190369,3314000,2247.413009922439
SAT-0-0,207.681080000029,198.31395855681896,1325,SAT-19-0,-21.125365043403512,180.3139585568189,1325,left,0.0007924025725360282,3316000,2246.0182111382946
SAT-0-0,207.681080000029,198.31395855681896,1325,SAT-1-0,-21.125365043403512,216.31395855681896,1325,right,0.0007924025730964621,3316000,2246.018211138294
SAT-0-0,207.93160000002908,198.49584717788557,1325,SAT-19-0,-21.309783281346395,180.4958471778856,1325,left,0.0007943833015769872,3320000,2243.2133604062656
SAT-0-0,207.93160000002908,198.49584717788557,1325,SAT-1-0,-21.309783281346395,216.49584717788557,1325,right,0.0007943833015769872,3320000,2243.213360406263
SAT-0-0,208.05686000002913,198.58696257809723,1325,SAT-19-0,-21.40191905391391,180.58696257809729,1325,left,0.0007953818432741116,3322000,2241.803343064223
SAT-0-0,208.05686000002913,198.58696257809723,1325,SAT-1-0,-21.40191905391391,216.58696257809723,1325,right,0.000795381843134528,3322000,2241.8033430642213
SAT-0-0,208.3073800000292,198.76953868913475,1325,SAT-19-0,-21.586042432208547,180.76953868913475,1325,left,0.0007973953438900782,3326000,2238.968211611729
SAT-0-0,208.3073800000292,198.76953868913475,1325,SAT-1-0,-21.586042432208547,216.76953868913475,1325,right,0.0007973953441685407,3326000,2238.9682116117265
SAT-0-0,208.43264000002927,198.86100065681367,1325,SAT-19-0,-21.67802944503078,180.86100065681367,1325,left,0.0007984103278744643,3328000,2237.5431326430157
SAT-0-0,208.43264000002927,198.86100065681367,1325,SAT-1-0,-21.67802944503078,216.86100065681367,1325,right,0.0007984103281525727,3328000,2237.543132643014
SAT-0-0,208.68316000002937,199.0442755695435,1325,SAT-19-0,-21.861852627451754,181.04427556954346,1325,left,0.0008004568278662731,3332000,2234.67803674761
SAT-0-0,208.68316000002937,199.0442755695435,1325,SAT-1-0,-21.861852627451754,217.0442755695435,1325,right,0.0008004568282823692,3332000,2234.6780367476076
SAT-0-0,208.8084200000294,199.1360897801973,1325,SAT-19-0,-21.95368819746804,181.1360897801973,1325,left,0.0008014883693976296,3334000,2233.238055501414
SAT-0-0,208.8084200000294,199.1360897801973,1325,SAT-1-0,-21.95368819746804,217.1360897801973,1325,right,0.0008014883696746699,3334000,2233.2380555014106
SAT-0-0,209.0589400000295,199.32007488508674,1325,SAT-19-0,-22.137205787690764,181.32007488508674,1325,left,0.0008035680986170918,3338000,2230.3433162894953
SAT-0-0,209.0589400000295,199.32007488508674,1325,SAT-1-0,-22.137205787690764,217.32007488508674,1325,right,0.0008035680988934151,3338000,2230.343316289492
SAT-0-0,209.18420000002956,199.41224705373642,1325,SAT-19-0,-22.228887201513587,181.41224705373642,1325,left,0.000804616312683901,3340000,2228.888594545928
SAT-0-0,209.18420000002956,199.41224705373642,1325,SAT-1-0,-22.228887201513587,217.41224705373642,1325,right,0.0008046163128218826,3340000,2228.888594545926
SAT-0-0,209.43472000002964,199.59695382054977,1325,SAT-19-0,-22.412093742002234,181.59695382054977,1325,left,0.0008067295029941323,3344000,2225.964538018846
SAT-0-0,209.43472000002964,199.59695382054977,1325,SAT-1-0,-22.412093742002234,217.59695382054977,1325,right,0.0008067295028565121,3344000,2225.964538018844
SAT-0-0,209.5599800000297,199.68948970199548,1325,SAT-19-0,-22.503618255358514,181.68948970199548,1325,left,0.00080779450520663,3346000,2224.4952400020825
SAT-0-0,209.5599800000297,199.68948970199548,1325,SAT-1-0,-22.503618255358514,217.68948970199548,1325,right,0.00080779450520663,3346000,2224.4952400020807
SAT-0-0,209.81050000002978,199.87492968030597,1325,SAT-19-0,-22.68650822624337,181.87492968030594,1325,left,0.0008099413885192486,3350000,2221.542197062578
SAT-0-0,209.81050000002978,199.87492968030597,1325,SAT-1-0,-22.68650822624337,217.87492968030597,1325,right,0.0008099413887933977,3350000,2221.542197062576
SAT-0-0,209.93576000002983,199.96783506937317,1325,SAT-19-0,-22.77787306341058,181.9678350693732,1325,left,0.0008110232963962284,3352000,2220.0584894541603
SAT-0-0,209.93576000002983,199.96783506937317,1325,SAT-1-0,-22.77787306341058,217.96783506937317,1325,right,0.0008110232963962284,3352000,2220.0584894541594
SAT-0-0,210.18628000002994,200.15401988903426,1325,SAT-19-0,-22.960440881354796,182.1540198890343,1325,left,0.0008132041072522685,3356000,2217.0767959331533
SAT-0-0,210.18628000002994,200.15401988903426,1325,SAT-1-0,-22.960440881354796,218.15401988903426,1325,right,0.0008132041075253175,3356000,2217.0767959331524
SAT-0-0,210.31154000002996,200.24730062079854,1325,SAT-19-0,-23.051643234591566,182.2473006207986,1325,left,0.0008143030371129141,3358000,2215.5788478854706
SAT-0-0,210.31154000002996,200.24730062079854,1325,SAT-1-0,-23.051643234591566,218.24730062079854,1325,right,0.0008143030371129141,3358000,2215.5788478854697
SAT-0-0,210.56206000003007,200.4342419923721,1325,SAT-19-0,-23.233883251647455,182.4342419923721,1325,left,0.0008165180112682271,3362000,2212.5688445691676
SAT-0-0,210.56206000003007,200.4342419923721,1325,SAT-1-0,-23.233883251647455,218.4342419923721,1325,right,0.0008165180109962863,3362000,2212.5688445691653
SAT-0-0,210.68732000003013,200.52790394236226,1325,SAT-19-0,-23.32492028061915,182.5279039423622,1325,left,0.0008176340815731553,3364000,2211.056827719088
SAT-0-0,210.68732000003013,200.52790394236226,1325,SAT-1-0,-23.32492028061915,218.52790394236226,1325,right,0.0008176340815731553,3364000,2211.0568277190864
SAT-0-0,210.9378400000302,200.71561365750134,1325,SAT-19-0,-23.506826783073866,182.71561365750134,1325,left,0.0008198834547400301,3368000,2208.018860376418
SAT-0-0,210.9378400000302,200.71561365750134,1325,SAT-1-0,-23.506826783073866,218.71561365750134,1325,right,0.0008198834546046177,3368000,2208.0188603764163
SAT-0-0,211.06310000003026,200.80966274187904,1325,SAT-19-0,-23.59769561427293,182.809662741879,1325,left,0.0008210167834109619,3370000,2206.492948859086
SAT-0-0,211.06310000003026,200.80966274187904,1325,SAT-1-0,-23.59769561427293,218.80966274187904,1325,right,0.0008210167836814127,3370000,2206.492948859085
SAT-0-0,211.31362000003034,200.99815267366353,1325,SAT-19-0,-23.779262821484,182.9981526736635,1325,left,0.0008233007928661717,3374000,2203.4273682694497
SAT-0-0,211.31362000003034,200.99815267366353,1325,SAT-1-0,-23.779262821484,218.99815267366353,1325,right,0.0008233007925964712,3374000,2203.4273682694484
SAT-0-0,211.4388800000304,201.0925948493787,1325,SAT-19-0,-23.869960547645025,183.09259484937877,1325,left,0.0008244514993740362,3376000,2201.887738732235
SAT-0-0,211.4388800000304,201.0925948493787,1325,SAT-1-0,-23.869960547645025,219.0925948493787,1325,right,0.0008244514993740362,3376000,2201.887738732234
SAT-0-0,211.6894000000305,201.28187695260092,1325,SAT-19-0,-24.051182610865673,183.28187695260095,1325,left,0.0008267703831048003,3380000,2198.794900713545
SAT-0-0,211.6894000000305,201.28187695260092,1325,SAT-1-0,-24.051182610865673,219.28187695260092,1325,right,0.0008267703828362316,3380000,2198.7949007135426
SAT-0-0,211.81466000003053,201.37671821752178,1325,SAT-19-0,-24.141706290375595,183.37671821752184,1325,left,0.0008279385862208126,3382000,2197.2417323301406
SAT-0-0,211.81466000003053,201.37671821752178,1325,SAT-1-0,-24.141706290375595,219.37671821752178,1325,right,0.0008279385866230972,3382000,2197.2417323301374
SAT-0-0,212.06518000003064,201.5668045289195,1325,SAT-19-0,-24.322577291569914,183.56680452891953,1325,left,0.0008302925828973039,3386000,2194.121997767161
SAT-0-0,212.06518000003064,201.5668045289195,1325,SAT-1-0,-24.322577291569914,219.5668045289195,1325,right,0.0008302925830310186,3386000,2194.1219977671585
SAT-0-0,212.1904400000307,201.66205092193553,1325,SAT-19-0,-24.41292394787311,183.66205092193553,1325,left,0.0008314784027662046,3388000,2192.55547225182
SAT-0-0,212.1904400000307,201.66205092193553,1325,SAT-1-0,-24.41292394787311,219.66205092193553,1325,right,0.0008314784027662046,3388000,2192.5554722518177
SAT-0-0,212.44096000003077,201.8529535603706,1325,SAT-19-0,-24.59343789852137,183.85295356037065,1325,left,0.0008338677509084683,3392000,2189.4092071247856
SAT-0-0,212.44096000003077,201.8529535603706,1325,SAT-1-0,-24.59343789852137,219.8529535603706,1325,right,0.0008338677514410338,3392000,2189.409207124785
SAT-0-0,212.56622000003082,201.94861116146757,1325,SAT-19-0,-24.68360451951997,183.9486111614676,1325,left,0.0008350713066879747,3394000,2187.829508746698
SAT-0-0,212.56622000003082,201.94861116146757,1325,SAT-1-0,-24.68360451951997,219.94861116146757,1325,right,0.0008350713064220757,3394000,2187.8295087466963
SAT-0-0,212.8167400000309,202.14034232804647,1325,SAT-19-0,-24.863755359414338,184.1403423280465,1325,left,0.0008374962459792877,3398000,2184.657084160195
SAT-0-0,212.8167400000309,202.14034232804647,1325,SAT-1-0,-24.863755359414338,220.14034232804647,1325,right,0.0008374962463769814,3398000,2184.657084160195
SAT-0-0,212.94200000003096,202.23641725835193,1325,SAT-19-0,-24.95373889686354,184.23641725835193,1325,left,0.0008387176569725321,3400000,2183.064399757993
SAT-0-0,212.94200000003096,202.23641725835193,1325,SAT-1-0,-24.95373889686354,220.23641725835193,1325,right,0.0008387176569725321,3400000,2183.0643997579905
SAT-0-0,213.19252000003107,202.42898923648661,1325,SAT-19-0,-25.13352049289427,184.42898923648664,1325,left,0.000841178427952371,3404000,2179.8661919700903
SAT-0-0,213.19252000003107,202.42898923648661,1325,SAT-1-0,-25.13352049289427,220.42898923648661,1325,right,0.0008411784276884024,3404000,2179.866191970088
SAT-0-0,213.31778000003112,202.52548765828465,1325,SAT-19-0,-25.2233178617932,184.52548765828462,1325,left,0.0008424178137918225,3406000,2178.260710966472
SAT-0-0,213.31778000003112,202.52548765828465,1325,SAT-1-0,-25.2233178617932,220.52548765828465,1325,right,0.0008424178139236126,3406000,2178.26071096647
SAT-0-0,213.5683000000312,202.71891281368963,1325,SAT-19-0,-25.40272400672555,184.71891281368957,1325,left,0.0008449146549259379,3410000,2175.037101418092
SAT-0-0,213.5683000000312,202.71891281368963,1325,SAT-1-0,-25.40272400672555,220.71891281368963,1325,right,0.0008449146544003353,3410000,2175.0371014180896
SAT-0-0,213.69356000003125,202.8158409304031,1325,SAT-19-0,-25.492332084703406,184.81584093040308,1325,left,0.0008461721356254145,3412000,2173.4190158345705
SAT-0-0,213.69356000003125,202.8158409304031,1325,SAT-1-0,-25.492332084703406,220.8158409304031,1325,right,0.0008461721358878253,3412000,2173.419015834568
SAT-0-0,213.94408000003133,203.01013171102693,1325,SAT-19-0,-25.671356495945545,185.01013171102687,1325,left,0.0008487052854190323,3416000,2170.170391179083
SAT-0-0,213.94408000003133,203.01013171102693,1325,SAT-1-0,-25.671356495945545,221.01013171102693,1325,right,0.0008487052856806598,3416000,2170.1703911790805
SAT-0-0,214.0693400000314,203.10749576716617,1325,SAT-19-0,-25.76077212264347,185.1074957671662,1325,left,0.0008499809808982996,3418000,2168.5398956508266
SAT-0-0,214.0693400000314,203.10749576716617,1325,SAT-1-0,-25.76077212264347,221.10749576716617,1325,right,0.0008499809811595344,3418000,2168.5398956508247
SAT-0-0,214.3198600000315,203.30266470305338,1325,SAT-19-0,-25.939408441005796,185.30266470305335,1325,left,0.0008525506782644978,3422000,2165.2666477838416
SAT-0-0,214.3198600000315,203.30266470305338,1325,SAT-1-0,-25.939408441005796,221.30266470305338,1325,right,0.0008525506785249453,3422000,2165.2666477838407
SAT-0-0,214.44512000003152,203.40047098412933,1325,SAT-19-0,-26.028628417454275,185.4004709841293,1325,left,0.0008538447073638875,3424000,2163.623939574624
SAT-0-0,214.44512000003152,203.40047098412933,1325,SAT-1-0,-26.028628417454275,221.40047098412933,1325,right,0.0008538447073638875,3424000,2163.6239395746225
SAT-0-0,214.69564000003163,203.59653068721036,1325,SAT-19-0,-26.20687020590031,185.59653068721042,1325,left,0.0008564511904288838,3428000,2160.326465663973
SAT-0-0,214.69564000003163,203.59653068721036,1325,SAT-1-0,-26.20687020590031,221.59653068721036,1325,right,0.000856451190688145,3428000,2160.3264656639712
SAT-0-0,214.82090000003168,203.69478551961072,1325,SAT-19-0,-26.29589129389267,185.6947855196107,1325,left,0.0008577636717613357,3430000,2158.6717446812017
SAT-0-0,214.82090000003168,203.69478551961072,1325,SAT-1-0,-26.29589129389267,221.69478551961072,1325,right,0.0008577636717613357,3430000,2158.6717446811995
SAT-0-0,215.07142000003176,203.89174868341593,1325,SAT-19-0,-26.4737320362819,185.8917486834159,1325,left,0.0008604071776004225,3434000,2155.3504471970823
SAT-0-0,215.07142000003176,203.89174868341593,1325,SAT-1-0,-26.4737320362819,221.89174868341593,1325,right,0.0008604071776004225,3434000,2155.3504471970805
SAT-0-0,215.19668000003182,203.99045843424278,1325,SAT-19-0,-26.562550957743728,185.9904584342428,1325,left,0.0008617382287085093,3436000,2153.683916006912
SAT-0-0,215.19668000003182,203.99045843424278,1325,SAT-1-0,-26.562550957743728,221.99045843424278,1325,right,0.0008617382289661799,3436000,2153.6839160069107
SAT-0-0,215.4472000000319,204.18833783353753,1325,SAT-19-0,-26.73998405756676,186.18833783353756,1325,left,0.0008644189934765957,3440000,2150.3392027521786
SAT-0-0,215.4472000000319,204.18833783353753,1325,SAT-1-0,-26.73998405756676,222.18833783353753,1325,right,0.0008644189934765957,3440000,2150.3392027521763
SAT-0-0,215.57246000003195,204.2875089104046,1325,SAT-19-0,-26.828597493921773,186.2875089104046,1325,left,0.0008657687321900777,3442000,2148.6610665946882
SAT-0-0,215.57246000003195,204.2875089104046,1325,SAT-1-0,-26.828597493921773,222.2875089104046,1325,right,0.0008657687324465488,3442000,2148.661066594687
SAT-0-0,215.82298000003206,204.48631740074202,1325,SAT-19-0,-27.005616273028327,186.48631740074197,1325,left,0.0008684869893271637,3446000,2145.293350735263
SAT-0-0,215.82298000003206,204.48631740074202,1325,SAT-1-0,-27.005616273028327,222.48631740074202,1325,right,0.000868486989582832,3446000,2145.293350735262
SAT-0-0,215.9482400000321,204.5859562515294,1325,SAT-19-0,-27.094020864560466,186.58595625152938,1325,left,0.0008698555334305349,3448000,2143.6038175396866
SAT-0-0,215.9482400000321,204.5859562515294,1325,SAT-1-0,-27.094020864560466,222.5859562515294,1325,right,0.0008698555334305349,3448000,2143.6038175396857
SAT-0-0,216.1987600000322,204.78570676871672,1325,SAT-19-0,-27.27061856188056,186.78570676871675,1325,left,0.0008726115162419009,3452000,2140.2135176350707
SAT-0-0,216.1987600000322,204.78570676871672,1325,SAT-1-0,-27.27061856188056,222.78570676871672,1325,right,0.0008726115162419009,3452000,2140.213517635069
SAT-0-0,216.32402000003225,204.8858198812822,1325,SAT-19-0,-27.358810907093012,186.88581988128226,1325,left,0.0008739989812404283,3454000,2138.512798035074
SAT-0-0,216.32402000003225,204.8858198812822,1325,SAT-1-0,-27.358810907093012,222.8858198812822,1325,right,0.0008739989807323164,3454000,2138.5127980350717
SAT-0-0,216.57454000003233,205.08652544075707,1325,SAT-19-0,-27.534980677351665,187.08652544075707,1325,left,0.0008767929199708066,3458000,2135.1003380689276
SAT-0-0,216.57454000003233,205.08652544075707,1325,SAT-1-0,-27.534980677351665,223.08652544075707,1325,right,0.0008767929199708066,3458000,2135.100338068925
SAT-0-0,216.69980000003238,205.18711934260102,1325,SAT-19-0,-27.622957332322855,187.18711934260105,1325,left,0.000878199420457607,3460000,2133.388645417908
SAT-0-0,216.69980000003238,205.18711934260102,1325,SAT-1-0,-27.622957332322855,223.18711934260102,1325,right,0.0008781994202047661,3460000,2133.388645417906
SAT-0-0,216.95032000003246,205.3887930387146,1325,SAT-19-0,-27.79869224474911,187.38879303871462,1325,left,0.0008810315441029416,3464000,2129.954454828681
SAT-0-0,216.95032000003246,205.3887930387146,1325,SAT-1-0,-27.79869224474911,223.3887930387146,1325,right,0.0008810315441029416,3464000,2129.9544548286785
SAT-0-0,217.07558000003252,205.48987429659724,1325,SAT-19-0,-27.88644972248567,187.4898742965972,1325,left,0.0008824571935798102,3466000,2128.2320052150953
SAT-0-0,217.07558000003252,205.48987429659724,1325,SAT-1-0,-27.88644972248567,223.48987429659724,1325,right,0.0008824571935798102,3466000,2128.232005215094
SAT-0-0,217.32610000003262,205.6925293017989,1325,SAT-19-0,-28.061742759516367,187.69252930179888,1325,left,0.0008853277286420378,3470000,2124.7765189266706
SAT-0-0,217.32610000003262,205.6925293017989,1325,SAT-1-0,-28.061742759516367,223.6925293017989,1325,right,0.0008853277287674403,3470000,2124.776518926668
SAT-0-0,217.45136000003265,205.79410452130756,1325,SAT-19-0,-28.149277529303884,187.7941045213076,1325,left,0.0008867726395977307,3472000,2123.0435311893502
SAT-0-0,217.45136000003265,205.79410452130756,1325,SAT-1-0,-28.149277529303884,223.79410452130756,1325,right,0.0008867726397229288,3472000,2123.0435311893484
SAT-0-0,217.70188000003276,205.9977540852281,1325,SAT-19-0,-28.32412158528262,187.9977540852281,1325,left,0.000889681808999064,3476000,2119.5671896416743
SAT-0-0,217.70188000003276,205.9977540852281,1325,SAT-1-0,-28.32412158528262,223.9977540852281,1325,right,0.0008896818092486416,3476000,2119.5671896416734
SAT-0-0,217.8271400000328,206.09982991029253,1325,SAT-19-0,-28.41143007203407,188.09982991029247,1325,left,0.0008911460923650552,3478000,2117.8238853851353
SAT-0-0,217.8271400000328,206.09982991029253,1325,SAT-1-0,-28.41143007203407,224.09982991029253,1325,right,0.0008911460926142227,3478000,2117.823885385135
SAT-0-0,218.0776600000329,206.3044873587209,1325,SAT-19-0,-28.585817951906144,188.3044873587209,1325,left,0.0008940941168794009,3482000,2114.3271345648104
SAT-0-0,218.0776600000329,206.3044873587209,1325,SAT-1-0,-28.585817951906144,224.3044873587209,1325,right,0.0008940941168794009,3482000,2114.3271345648072
SAT-0-0,218.20292000003295,206.40707047107446,1325,SAT-19-0,-28.672896535508507,188.40707047107446,1325,left,0.0008955778818702656,3484000,2112.5737381745234
SAT-0-0,218.20292000003295,206.40707047107446,1325,SAT-1-0,-28.672896535508507,224.40707047107446,1325,right,0.0008955778818702656,3484000,2112.5737381745216
SAT-0-0,218.45344000003303,206.61274920482438,1325,SAT-19-0,-28.846820953512573,188.61274920482435,1325,left,0.0008985649776871884,3488000,2109.0570296453034
SAT-0-0,218.45344000003303,206.61274920482438,1325,SAT-1-0,-28.846820953512573,224.61274920482438,1325,right,0.0008985649779342987,3488000,2109.0570296453006
SAT-0-0,218.57870000003308,206.71584632340867,1325,SAT-19-0,-28.93366596817186,188.71584632340864,1325,left,0.0009000683322670471,3490000,2107.293768302931
SAT-0-0,218.57870000003308,206.71584632340867,1325,SAT-1-0,-28.93366596817186,224.71584632340867,1325,right,0.0009000683320203495,3490000,2107.2937683029295
SAT-0-0,218.8292200000332,206.92255981706984,1325,SAT-19-0,-29.10711954652883,188.92255981706987,1325,left,0.0009030947121899737,3494000,2103.757559236119
SAT-0-0,218.8292200000332,206.92255981706984,1325,SAT-1-0,-29.10711954652883,224.92255981706984,1325,right,0.0009030947121899737,3494000,2103.757559236117
SAT-0-0,218.95448000003321,207.02617769738094,1325,SAT-19-0,-29.193727280114036,189.02617769738094,1325,left,0.0009046177614394194,3496000,2101.9846629346634
SAT-0-0,218.95448000003321,207.02617769738094,1325,SAT-1-0,-29.193727280114036,225.02617769738094,1325,right,0.0009046177614394194,3496000,2101.984662934661
SAT-0-0,219.20500000003332,207.23393949795081,1325,SAT-19-0,-29.366702547714134,189.23393949795081,1325,left,0.0009076836349576542,3500000,2098.4294161393464
SAT-0-0,219.20500000003332,207.23393949795081,1325,SAT-1-0,-29.366702547714134,225.23393949795081,1325,right,0.0009076836349576542,3500000,2098.429416139344
SAT-0-0,219.33026000003338,207.33808493132432,1325,SAT-19-0,-29.453069241100437,189.33808493132432,1325,left,0.0009092264820498811,3502000,2096.64711769823
SAT-0-0,219.33026000003338,207.33808493132432,1325,SAT-1-0,-29.453069241100437,225.33808493132432,1325,right,0.0009092264820498811,3502000,2096.6471176982286
SAT-0-0,219.58078000003346,207.54690865671535,1325,SAT-19-0,-29.625558632189097,189.5469086567153,1325,left,0.0009123320530959012,3506000,2093.073301651322
SAT-0-0,219.58078000003346,207.54690865671535,1325,SAT-1-0,-29.625558632189097,225.54690865671535,1325,right,0.0009123320533392826,3506000,2093.0733016513204
SAT-0-0,219.7060400000335,207.65158846954793,1325,SAT-19-0,-29.711680478600744,189.6515884695479,1325,left,0.0009138947992803836,3508000,2091.2818367313475
SAT-0-0,219.7060400000335,207.65158846954793,1325,SAT-1-0,-29.711680478600744,225.65158846954793,1325,right,0.0009138947992803836,3508000,2091.2818367313466
SAT-0-0,219.95656000003362,207.86148780696556,1325,SAT-19-0,-29.883676331464354,189.86148780696556,1325,left,0.0009170402675659264,3512000,2087.689925607395
SAT-0-0,219.95656000003362,207.86148780696556,1325,SAT-1-0,-29.883676331464354,225.86148780696556,1325,right,0.0009170402676869923,3512000,2087.689925607394
SAT-0-0,220.08182000003364,207.96670885987083,1325,SAT-19-0,-29.969549475817555,189.9667088598709,1325,left,0.0009186230113059394,3514000,2085.889532725587
SAT-0-0,220.08182000003364,207.96670885987083,1325,SAT-1-0,-29.969549475817555,225.96670885987083,1325,right,0.000918623011547654,3514000,2085.8895327255855
SAT-0-0,220.33234000003375,208.17769756405704,1325,SAT-19-0,-30.14104403146995,190.17769756405707,1325,left,0.0009218085714585232,3518000,2082.280006426293
SAT-0-0,220.33234000003375,208.17769756405704,1325,SAT-1-0,-30.14104403146995,226.17769756405704,1325,right,0.0009218085712176438,3518000,2082.2800064262906
SAT-0-0,220.4576000000338,208.2834667509528,1325,SAT-19-0,-30.226664569716505,190.28346675095287,1325,left,0.0009234114078360626,3520000,2080.4709269705754
SAT-0-0,220.4576000000338,208.2834667509528,1325,SAT-1-0,-30.226664569716505,226.2834667509528,1325,right,0.0009234114080765238,3520000,2080.4709269705736
SAT-0-0,220.7081200000339,208.49555864229018,1325,SAT-19-0,-30.397649970587008,190.49555864229012,1325,left,0.0009266372476081882,3524000,2076.8442711539988
SAT-0-0,220.7081200000339,208.49555864229018,1325,SAT-1-0,-30.397649970587008,226.49555864229018,1325,right,0.0009266372478478124,3524000,2076.844271153997
SAT-0-0,220.83338000003394,208.60188288941447,1325,SAT-19-0,-30.483013949058947,190.6018828894145,1325,left,0.0009282602709802172,3526000,2075.0267493977094
SAT-0-0,220.83338000003394,208.60188288941447,1325,SAT-1-0,-30.483013949058947,226.60188288941447,1325,right,0.0009282602706214095,3526000,2075.026749397706
SAT-0-0,221.08390000003402,208.8150918518853,1325,SAT-19-0,-30.65348223768313,190.81509185188534,1325,left,0.0009315265724866245,3530000,2071.3834555070835
SAT-0-0,221.08390000003402,208.8150918518853,1325,SAT-1-0,-30.65348223768313,226.8150918518853,1325,right,0.0009315265727249909,3530000,2071.3834555070816
SAT-0-0,221.20916000003407,208.921978116739,1325,SAT-19-0,-30.738585652439,190.92197811673904,1325,left,0.0009331698714533023,3532000,2069.5577386232735
SAT-0-0,221.20916000003407,208.921978116739,1325,SAT-1-0,-30.738585652439,226.921978116739,1325,right,0.000933169871691249,3532000,2069.5577386232703
SAT-0-0,221.45968000003418,209.13631809573437,1325,SAT-19-0,-30.908528770153332,191.13631809573437,1325,left,0.0009364768118016802,3536000,2065.8983039153986
SAT-0-0,221.45968000003418,209.13631809573437,1325,SAT-1-0,-30.908528770153332,227.13631809573437,1325,right,0.0009364768118016802,3536000,2065.8983039153964
SAT-0-0,221.5849400000342,209.243773365947,1325,SAT-19-0,-30.99336756632657,191.24377336594702,1325,left,0.0009381404720088649,3538000,2064.064641990916
SAT-0-0,221.5849400000342,209.243773365947,1325,SAT-1-0,-30.99336756632657,227.243773365947,1325,right,0.0009381404720088649,3538000,2064.064641990913
SAT-0-0,221.83546000003432,209.45925836591977,1325,SAT-19-0,-31.162777351967975,191.45925836591977,1325,left,0.0009414882191902532,3542000,2060.3895695640604
SAT-0-0,221.83546000003432,209.45925836591977,1325,SAT-1-0,-31.162777351967975,227.45925836591977,1325,right,0.0009414882189544088,3542000,2060.38956956406
SAT-0-0,221.96072000003437,209.56728965803595,1325,SAT-19-0,-31.24734742311818,191.56728965803597,1325,left,0.0009431723241808257,3544000,2058.54821561337
SAT-0-0,221.96072000003437,209.56728965803595,1325,SAT-1-0,-31.24734742311818,227.56728965803595,1325,right,0.0009431723244162489,3544000,2058.548215613368
SAT-0-0,222.21124000003445,209.78393373999245,1325,SAT-19-0,-31.416215611729598,191.78393373999248,1325,left,0.0009465610400063775,3548000,2054.8580144346433
SAT-0-0,222.21124000003445,209.78393373999245,1325,SAT-1-0,-31.416215611729598,227.78393373999245,1325,right,0.0009465610400063775,3548000,2054.8580144346406
SAT-0-0,222.3365000000345,209.89254809817655,1325,SAT-19-0,-31.50051279919713,191.89254809817658,1325,left,0.0009482656682983294,3550000,2053.0092244133602
SAT-0-0,222.3365000000345,209.89254809817655,1325,SAT-1-0,-31.50051279919713,227.89254809817655,1325,right,0.000948265667830012,3550000,2053.009224413359
SAT-0-0,222.58702000003458,210.11036537700053,1325,SAT-19-0,-31.668831020740644,192.11036537700056,1325,left,0.0009516955053151165,3554000,2049.3044093454687
SAT-0-0,222.58702000003458,210.11036537700053,1325,SAT-1-0,-31.668831020740644,228.11036537700053,1325,right,0.0009516955055484313,3554000,2049.304409345467
SAT-0-0,222.71228000003464,210.2195698716556,1325,SAT-19-0,-31.75285111300522,192.21956987165564,1325,left,0.000953420731064916,3556000,2047.4484421635852
SAT-0-0,222.71228000003464,210.2195698716556,1325,SAT-1-0,-31.75285111300522,228.2195698716556,1325,right,0.0009534207312978086,3556000,2047.4484421635827
SAT-0-0,222.96280000003475,210.4385745132595,1325,SAT-19-0,-31.92061089108398,192.43857451325954,1325,left,0.000956891835255402,3560000,2043.7295339909347
SAT-0-0,222.96280000003475,210.4385745132595,1325,SAT-1-0,-31.92061089108398,228.4385745132595,1325,right,0.000956891835371426,3560000,2043.7295339909324
SAT-0-0,223.08806000003477,210.54837623955842,1325,SAT-19-0,-32.00434962312811,192.54837623955842,1325,left,0.0009586377289017618,3562000,2041.866651525685
SAT-0-0,223.08806000003477,210.54837623955842,1325,SAT-1-0,-32.00434962312811,228.54837623955842,1325,right,0.0009586377289017618,3562000,2041.8666515256834
SAT-0-0,223.33858000003488,210.76858245785465,1325,SAT-19-0,-32.17154237371832,192.76858245785465,1325,left,0.0009621502353824254,3566000,2038.1341769797484
SAT-0-0,223.33858000003488,210.76858245785465,1325,SAT-1-0,-32.17154237371832,228.76858245785465,1325,right,0.0009621502353824254,3566000,2038.1341769797473
SAT-0-0,223.46384000003493,210.8789885341798,1325,SAT-19-0,-32.25499542639605,192.8789885341798,1325,left,0.0009639168624400907,3568000,2036.2646440881012
SAT-0-0,223.46384000003493,210.8789885341798,1325,SAT-1-0,-32.25499542639605,228.8789885341798,1325,right,0.000963916862555269,3568000,2036.2646440881003
SAT-0-0,223.71436000003501,211.10041058786666,1325,SAT-19-0,-32.42161245659065,193.1004105878667,1325,left,0.0009674708973866627,3572000,2032.5191358719883
SAT-0-0,223.71436000003501,211.10041058786666,1325,SAT-1-0,-32.42161245659065,229.10041058786666,1325,right,0.0009674708975014179,3572000,2032.519135871987
SAT-0-0,223.83962000003507,211.21142815415564,1325,SAT-19-0,-32.50477545600278,193.2114281541556,1325,left,0.0009692583187649661,3574000,2030.6432204027167
SAT-0-0,223.83962000003507,211.21142815415564,1325,SAT-1-0,-32.50477545600278,229.2114281541556,1325,right,0.0009692583188795097,3574000,2030.6432204027167
SAT-0-0,224.09014000003515,211.43408034331162,1325,SAT-19-0,-32.67080796276843,193.4340803433116,1325,left,0.0009728539988896195,3578000,2026.8852172148686
SAT-0-0,224.09014000003515,211.43408034331162,1325,SAT-1-0,-32.67080796276843,229.4340803433116,1325,right,0.0009728539987754992,3578000,2026.885217214867
SAT-0-0,224.2154000000352,211.54571655930488,1325,SAT-19-0,-32.753676479644405,193.54571655930485,1325,left,0.0009746622693845414,3580000,2025.0031900201689
SAT-0-0,224.2154000000352,211.54571655930488,1325,SAT-1-0,-32.753676479644405,229.54571655930485,1325,right,0.0009746622692706329,3580000,2025.0031900201668
SAT-0-0,224.4659200000353,211.7696132217841,1325,SAT-19-0,-32.919115548593346,193.76961322178408,1325,left,0.0009782996995142783,3584000,2021.2332365771042
SAT-0-0,224.4659200000353,211.7696132217841,1325,SAT-1-0,-32.919115548593346,229.76961322178408,1325,right,0.0009782996996277632,3584000,2021.2332365771028
SAT-0-0,224.59118000003534,211.88187526517217,1325,SAT-19-0,-33.00168509768128,193.8818752651721,1325,left,0.0009801288694125877,3586000,2019.345371523717
SAT-0-0,224.59118000003534,211.88187526517217,1325,SAT-1-0,-33.00168509768128,229.88187526517217,1325,right,0.0009801288694125877,3586000,2019.3453715237147
SAT-0-0,224.84170000003544,212.1070307727956,1325,SAT-19-0,-33.166521701859715,194.1070307727956,1325,left,0.0009838081436459294,3590000,2015.5640185817597
SAT-0-0,224.84170000003544,212.1070307727956,1325,SAT-1-0,-33.166521701859715,230.1070307727956,1325,right,0.000983808143758779,3590000,2015.5640185817588
SAT-0-0,224.9669600000355,212.21992583726217,1325,SAT-19-0,-33.24878774132506,194.21992583726217,1325,left,0.0009856582571309905,3592000,2013.670592561557
SAT-0-0,224.9669600000355,212.21992583726217,1325,SAT-1-0,-33.24878774132506,230.21992583726217,1325,right,0.0009856582571309905,3592000,2013.6705925615558
SAT-0-0,225.21748000003558,212.44635459179676,1325,SAT-19-0,-33.41301274001989,194.44635459179676,1325,left,0.0009893794577302952,3596000,2009.8783969374463
SAT-0-0,225.21748000003558,212.44635459179676,1325,SAT-1-0,-33.41301274001989,230.44635459179676,1325,right,0.0009893794577302952,3596000,2009.8783969374442
SAT-0-0,225.34274000003563,212.55988988495423,1325,SAT-19-0,-33.49497067085378,194.55988988495423,1325,left,0.0009912505525743582,3598000,2007.9796898774503
SAT-0-0,225.34274000003563,212.55988988495423,1325,SAT-1-0,-33.49497067085378,230.55988988495423,1325,right,0.0009912505525743582,3598000,2007.9796898774491
SAT-0-0,225.59326000003574,212.78760631387433,1325,SAT-19-0,-33.658574808419736,194.78760631387433,1325,left,0.0009950137489050403,3602000,2004.1772144677543
SAT-0-0,225.59326000003574,212.78760631387433,1325,SAT-1-0,-33.658574808419736,230.78760631387433,1325,right,0.0009950137487934616,3602000,2004.1772144677518
SAT-0-0,225.71852000003577,212.90178905508873,1325,SAT-19-0,-33.74021997385795,194.90178905508876,1325,left,0.0009969058565126375,3604000,2002.2735093395286
SAT-0-0,225.71852000003577,212.90178905508873,1325,SAT-1-0,-33.74021997385795,230.90178905508876,1325,right,0.0009969058565126375,3604000,2002.2735093395265
SAT-0-0,225.96904000003587,213.1308076071122,1325,SAT-19-0,-33.90319387856695,195.1308076071122,1325,left,0.0010007111048042291,3608000,1998.4613231387784
SAT-0-0,225.96904000003587,213.1308076071122,1325,SAT-1-0,-33.90319387856695,231.1308076071122,1325,right,0.0010007111048042291,3608000,1998.4613231387766
SAT-0-0,226.09430000003593,213.24564502521366,1325,SAT-19-0,-33.98452156352044,195.2456450252137,1325,left,0.001002624249817788,3610000,1996.5529059671553
SAT-0-0,226.09430000003593,213.24564502521366,1325,SAT-1-0,-33.98452156352044,231.2456450252137,1325,right,0.0010026242499285196,3610000,1996.552905967152
SAT-0-0,226.344820000036,213.4759801656062,1325,SAT-19-0,-34.14685574643515,195.4759801656062,1325,left,0.0010064715923947466,3614000,1992.7315840846002
SAT-0-0,226.344820000036,213.4759801656062,1325,SAT-1-0,-34.14685574643515,231.4759801656062,1325,right,0.0010064715922844382,3614000,1992.7315840845997
SAT-0-0,226.47008000003606,213.5914794964819,1325,SAT-19-0,-34.22786117693335,195.5914794964819,1325,left,0.0010084057925399228,3616000,1990.818743955695
SAT-0-0,226.47008000003606,213.5914794964819,1325,SAT-1-0,-34.22786117693335,231.5914794964819,1325,right,0.0010084057926500198,3616000,1990.8187439556941
SAT-0-0,226.72060000003614,213.8231457021222,1325,SAT-19-0,-34.38954603080727,195.8231457021222,1325,left,0.0010122952568710475,3620000,1986.9888676305818
SAT-0-0,226.72060000003614,213.8231457021222,1325,SAT-1-0,-34.38954603080727,231.8231457021222,1325,right,0.0010122952568710475,3620000,1986.9888676305789
SAT-0-0,226.8458600000362,213.93931418618828,1325,SAT-19-0,-34.47022437345522,195.93931418618826,1325,left,0.001014250522158207,3622000,1985.0718966990448
SAT-0-0,226.8458600000362,213.93931418618828,1325,SAT-1-0,-34.47022437345522,231.93931418618826,1325,right,0.001014250522158207,3622000,1985.071896699043
SAT-0-0,227.0963800000363,214.17232594038776,1325,SAT-19-0,-34.631250171661435,196.1723259403877,1325,left,0.0010181821206074317,3626000,1981.2340533143092
SAT-0-0,227.0963800000363,214.17232594038776,1325,SAT-1-0,-34.631250171661435,232.17232594038776,1325,right,0.001018182120498392,3626000,1981.2340533143074
SAT-0-0,227.22164000003633,214.28917081993586,1325,SAT-19-0,-34.71159653311162,196.2891708199359,1325,left,0.00102015845310895,3628000,1979.3132468097645
SAT-0-0,227.22164000003633,214.28917081993586,1325,SAT-1-0,-34.71159653311162,232.2891708199359,1325,right,0.0010201584532177786,3628000,1979.3132468097629
SAT-0-0,227.47216000003644,214.52354260700497,1325,SAT-19-0,-34.87195342860266,196.52354260700494,1325,left,0.0010241321815165397,3632000,1975.4680299040583
SAT-0-0,227.47216000003644,214.52354260700497,1325,SAT-1-0,-34.87195342860266,232.52354260700494,1325,right,0.0010241321815165397,3632000,1975.4680299040574
SAT-0-0,227.5974200000365,214.64107112342123,1325,SAT-19-0,-34.9519628550432,196.64107112342126,1325,left,0.0010261295752690628,3634000,1973.5436861366713
SAT-0-0,227.5974200000365,214.64107112342123,1325,SAT-1-0,-34.9519628550432,232.64107112342126,1325,right,0.0010261295751608675,3634000,1973.5436861366697
SAT-0-0,227.84794000003657,214.87681742297588,1325,SAT-19-0,-35.11164087934428,196.87681742297588,1325,left,0.0010301454133184813,3638000,1969.6916954145831
SAT-0-0,227.84794000003657,214.87681742297588,1325,SAT-1-0,-35.11164087934428,232.87681742297588,1325,right,0.001030145413210708,3638000,1969.6916954145815
SAT-0-0,227.97320000003663,214.9950368138277,1325,SAT-19-0,-35.19130835600436,196.99503681382768,1325,left,0.0010321638534819327,3640000,1967.764115779703
SAT-0-0,227.97320000003663,214.9950368138277,1325,SAT-1-0,-35.19130835600436,232.99503681382768,1325,right,0.0010321638532668075,3640000,1967.7641157797018
SAT-0-0,228.2237200000367,215.23217209482806,1325,SAT-19-0,-35.35029741824261,197.2321720948281,1325,left,0.0010362217620729156,3644000,1963.9059571200821
SAT-0-0,228.2237200000367,215.23217209482806,1325,SAT-1-0,-35.35029741824261,233.2321720948281,1325,right,0.0010362217625014816,3644000,1963.9059571200808
SAT-0-0,228.34898000003676,215.35108959081566,1325,SAT-19-0,-35.42961786891664,197.35108959081566,1325,left,0.0010382612249838,3646000,1961.9754461019077
SAT-0-0,228.34898000003676,215.35108959081566,1325,SAT-1-0,-35.42961786891664,233.35108959081566,1325,right,0.0010382612249838,3646000,1961.9754461019072
SAT-0-0,228.59950000003687,215.58962830533113,1325,SAT-19-0,-35.587907754889045,197.58962830533113,1325,left,0.0010423611480746705,3650000,1958.1117315641598
SAT-0-0,228.59950000003687,215.58962830533113,1325,SAT-1-0,-35.587907754889045,233.58962830533113,1325,right,0.00104236114796816,3650000,1958.1117315641573
SAT-0-0,228.7247600000369,215.7092511270997,1325,SAT-19-0,-35.66687604148065,197.70925112709972,1325,left,0.0010444216001329017,3652000,1956.1785967383587
SAT-0-0,228.7247600000369,215.7092511270997,1325,SAT-1-0,-35.66687604148065,233.70925112709972,1325,right,0.0010444216000266013,3652000,1956.178596738357
SAT-0-0,228.975280000037,215.94920770379196,1325,SAT-19-0,-35.82445641276342,197.94920770379193,1325,left,0.0010485634610365453,3656000,1952.3099445665941
SAT-0-0,228.975280000037,215.94920770379196,1325,SAT-1-0,-35.82445641276342,233.94920770379196,1325,right,0.0010485634611424256,3656000,1952.3099445665925
SAT-0-0,229.10054000003706,216.06954305860165,1325,SAT-19-0,-35.903067334851016,198.06954305860168,1325,left,0.0010506448593333663,3658000,1950.3744966018235
SAT-0-0,229.10054000003706,216.06954305860165,1325,SAT-1-0,-35.903067334851016,234.06954305860168,1325,right,0.001050644859439037,3658000,1950.3744966018219
SAT-0-0,229.3510600000371,216.31093189591886,1325,SAT-19-0,-36.05992772795291,198.31093189591886,1325,left,0.0010548285620976387,3662000,1946.5015312267444
SAT-0-0,229.3510600000371,216.31093189591886,1325,SAT-1-0,-36.05992772795291,234.31093189591886,1325,right,0.0010548285619923871,3662000,1946.5015312267426
SAT-0-0,229.47632000003713,216.43198697416872,1325,SAT-19-0,-36.13817602237807,198.43198697416867,1325,left,0.0010569308533491127,3664000,1944.5640838849924
SAT-0-0,229.47632000003713,216.43198697416872,1325,SAT-1-0,-36.13817602237807,234.43198697416872,1325,right,0.0010569308533491127,3664000,1944.5640838849906
SAT-0-0,229.72684000003719,216.67482243324423,1325,SAT-19-0,-36.2943058479413,198.67482243324426,1325,left,0.0010611562801371801,3668000,1940.6874359233666
SAT-0-0,229.72684000003719,216.67482243324423,1325,SAT-1-0,-36.2943058479413,234.67482243324426,1325,right,0.0010611562801371801,3668000,1940.6874359233648
SAT-0-0,229.8521000000372,216.7966044048461,1325,SAT-19-0,-36.37218618842138,198.7966044048461,1325,left,0.00106327940029162,3670000,1938.7483060590705
SAT-0-0,229.8521000000372,216.7966044048461,1325,SAT-1-0,-36.37218618842138,234.7966044048461,1325,right,0.0010632794000827901,3670000,1938.748306059069
SAT-0-0,230.10262000003726,217.04090080209443,1325,SAT-19-0,-36.52757473047234,199.0409008020944,1325,left,0.001067546412093643,3674000,1934.868612310667
SAT-0-0,230.10262000003726,217.04090080209443,1325,SAT-1-0,-36.52757473047234,235.0409008020944,1325,right,0.0010675464119896453,3674000,1934.8686123106668
SAT-0-0,230.2278800000373,217.1634168126938,1325,SAT-19-0,-36.605081727239046,199.1634168126938,1325,left,0.0010696902856479305,3676000,1932.9281198685248
SAT-0-0,230.2278800000373,217.1634168126938,1325,SAT-1-0,-36.605081727239046,235.1634168126938,1325,right,0.0010696902856479305,3676000,1932.9281198685226
SAT-0-0,230.47840000003734,217.40918841209646,1325,SAT-19-0,-36.75971814249268,199.40918841209648,1325,left,0.0010739987201990508,3680000,1929.0460233103806
SAT-0-0,230.47840000003734,217.40918841209646,1325,SAT-1-0,-36.75971814249268,235.40918841209648,1325,right,0.0010739987201990508,3680000,1929.046023310379
SAT-0-0,230.60366000003737,217.53244557913712,1325,SAT-19-0,-36.83684634195821,199.53244557913712,1325,left,0.001076163260375604,3682000,1927.10449132178
SAT-0-0,230.60366000003737,217.53244557913712,1325,SAT-1-0,-36.83684634195821,235.53244557913712,1325,right,0.0010761632602724392,3682000,1927.1044913217781
SAT-0-0,230.85418000003745,217.7797065842121,1325,SAT-19-0,-36.990719659178986,199.7797065842121,1325,left,0.0010805129320120399,3686000,1923.2206410996343
SAT-0-0,230.85418000003745,217.7797065842121,1325,SAT-1-0,-36.990719659178986,235.7797065842121,1325,right,0.001080512931703791,3686000,1923.2206410996325
SAT-0-0,230.97944000003747,217.90371199284016,1325,SAT-19-0,-37.06746354363124,199.90371199284013,1325,left,0.001082698039709593,3688000,1921.2783956776436
SAT-0-0,230.97944000003747,217.90371199284016,1325,SAT-1-0,-37.06746354363124,235.90371199284013,1325,right,0.001082698039709593,3688000,1921.2783956776418
SAT-0-0,231.22996000003752,218.15247653828814,1325,SAT-19-0,-37.220562663054146,200.1524765382881,1325,left,0.0010870887376193024,3692000,1917.3934470944023
SAT-0-0,231.22996000003752,218.15247653828814,1325,SAT-1-0,-37.220562663054146,236.1524765382881,1325,right,0.0010870887377214305,3692000,1917.3934470943996
SAT-0-0,231.35522000003755,218.27723723709332,1325,SAT-19-0,-37.296916650382926,200.27723723709332,1325,left,0.001089294301531723,3694000,1915.4508174272319
SAT-0-0,231.35522000003755,218.27723723709332,1325,SAT-1-0,-37.296916650382926,236.27723723709332,1325,right,0.0010892943014298017,3694000,1915.450817427232
SAT-0-0,231.6057400000376,218.5275193801137,1325,SAT-19-0,-37.44923034319805,200.52751938011372,1325,left,0.0010937257895052971,3698000,1911.5654319283099
SAT-0-0,231.6057400000376,218.5275193801137,1325,SAT-1-0,-37.44923034319805,236.52751938011372,1325,right,0.0010937257897083138,3698000,1911.565431928309
SAT-0-0,231.73100000003762,218.65304237670355,1325,SAT-19-0,-37.52518878665384,200.65304237670352,1325,left,0.0010959516845250687,3700000,1909.6227502711752
SAT-0-0,231.73100000003762,218.65304237670355,1325,SAT-1-0,-37.52518878665384,236.65304237670352,1325,right,0.0010959516848289754,3700000,1909.6227502711722
SAT-0-0,231.98152000003768,218.90485608797454,1325,SAT-19-0,-37.67670569455815,200.90485608797454,1325,left,0.0011004237000358133,3704000,1905.737595426552
SAT-0-0,231.98152000003768,218.90485608797454,1325,SAT-1-0,-37.67670569455815,236.90485608797454,1325,right,0.0011004237002375944,3704000,1905.7375954265494
SAT-0-0,232.1067800000377,219.0311483443794,1325,SAT-19-0,-37.75226288254546,201.0311483443794,1325,left,0.0011026697883389914,3706000,1903.7951970918414
SAT-0-0,232.1067800000377,219.0311483443794,1325,SAT-1-0,-37.75226288254546,237.0311483443794,1325,right,0.0011026697882383064,3706000,1903.79519709184
SAT-0-0,232.35730000003778,219.28450749869523,1325,SAT-19-0,-37.90297151736541,201.28450749869523,1325,left,0.0011071820403672496,3710000,1899.9109465746697
SAT-0-0,232.35730000003778,219.28450749869523,1325,SAT-1-0,-37.90297151736541,237.28450749869523,1325,right,0.0011071820403672496,3710000,1899.9109465746683
SAT-0-0,232.4825600000378,219.41157592660008,1325,SAT-19-0,-37.97812167327251,201.41157592660008,1325,left,0.0011094481691759854,3712000,1897.9691699203702
SAT-0-0,232.4825600000378,219.41157592660008,1325,SAT-1-0,-37.97812167327251,237.41157592660008,1325,right,0.0011094481691759854,3712000,1897.969169920369
SAT-0-0,232.73308000003786,219.6664942931601,1325,SAT-19-0,-38.12801041666139,201.66649429316007,1325,left,0.0011140003390286766,3716000,1894.086503481973
SAT-0-0,232.73308000003786,219.6664942931601,1325,SAT-1-0,-38.12801041666139,237.66649429316007,1325,right,0.0011140003390286766,3716000,1894.086503481972
SAT-0-0,232.85834000003788,219.79434574896098,1325,SAT-19-0,-38.202747698728366,201.79434574896095,1325,left,0.001116286341538402,3718000,1892.1456898982226
SAT-0-0,232.85834000003788,219.79434574896098,1325,SAT-1-0,-38.202747698728366,237.79434574896095,1325,right,0.001116286341438945,3718000,1892.1456898982215
SAT-0-0,233.10886000003794,220.0508369813044,1325,SAT-19-0,-38.3518048019423,202.05083698130437,1325,left,0.0011208780798942673,3722000,1888.2652933392988
SAT-0-0,233.10886000003794,220.0508369813044,1325,SAT-1-0,-38.3518048019423,238.05083698130437,1325,right,0.0011208780799933167,3722000,1888.2652933392967
SAT-0-0,233.23412000003796,220.17947826098623,1325,SAT-19-0,-38.42612330316947,202.1794782609862,1325,left,0.0011231837739142348,3724000,1886.3257872330184
SAT-0-0,233.23412000003796,220.17947826098623,1325,SAT-1-0,-38.42612330316947,238.1794782609862,1325,right,0.0011231837739142348,3724000,1886.3257872330164
SAT-0-0,233.484640000038,220.4375558865675,1325,SAT-19-0,-38.574336886926176,202.4375558865675,1325,left,0.0011278147016405436,3728000,1882.4483523708868
SAT-0-0,233.484640000038,220.4375558865675,1325,SAT-1-0,-38.574336886926176,238.4375558865675,1325,right,0.0011278147015421033,3728000,1882.4483523708843
SAT-0-0,233.60990000003804,220.56699372040103,1325,SAT-19-0,-38.64823063502485,202.566993720401,1325,left,0.0011301398893684518,3730000,1880.5105011483788
SAT-0-0,233.60990000003804,220.56699372040103,1325,SAT-1-0,-38.64823063502485,238.56699372040103,1325,right,0.0011301398894666894,3730000,1880.5105011483774
SAT-0-0,233.86042000003812,220.82667112980056,1325,SAT-19-0,-38.79558868944921,202.82667112980056,1325,left,0.0011348095945168768,3734000,1876.636725780085
SAT-0-0,233.86042000003812,220.82667112980056,1325,SAT-1-0,-38.79558868944921,238.82667112980056,1325,right,0.0011348095946147102,3734000,1876.636725780084
SAT-0-0,233.98568000003814,220.9569121768557,1325,SAT-19-0,-38.869051646837015,202.95691217685572,1325,left,0.0011371540625333203,3736000,1874.7008798275135
SAT-0-0,233.98568000003814,220.9569121768557,1325,SAT-1-0,-38.869051646837015,238.95691217685572,1325,right,0.0011371540625333203,3736000,1874.700879827512
SAT-0-0,234.2362000000382,221.2182026126215,1325,SAT-19-0,-39.015542031497866,203.2182026126215,1325,left,0.0011418621007678767,3740000,1870.8314676885987
SAT-0-0,234.2362000000382,221.2182026126215,1325,SAT-1-0,-39.015542031497866,239.2182026126215,1325,right,0.0011418621006706474,3740000,1870.8314676885982
SAT-0-0,234.36146000003822,221.34925345509498,1325,SAT-19-0,-39.088568095340655,203.34925345509504,1325,left,0.0011442256178094343,3742000,1868.897980350259
SAT-0-0,234.36146000003822,221.34925345509498,1325,SAT-1-0,-39.088568095340655,239.34925345509498,1325,right,0.001144225618003491,3742000,1868.8979803502577
SAT-0-0,234.61198000003827,221.6121700002106,1325,SAT-19-0,-39.23417853938302,203.61217000021057,1325,left,0.0011489715109184416,3746000,1865.0336410690172
SAT-0-0,234.61198000003827,221.6121700002106,1325,SAT-1-0,-39.23417853938302,239.61217000021057,1325,right,0.0011489715110150692,3746000,1865.0336410690163
SAT-0-0,234.7372400000383,221.74403713756604,1325,SAT-19-0,-39.306761541685766,203.74403713756607,1325,left,0.001151353829787928,3748000,1863.1028686233028
SAT-0-0,234.7372400000383,221.74403713756604,1325,SAT-1-0,-39.306761541685766,239.74403713756607,1325,right,0.0011513538295950727,3748000,1863.1028686233005
SAT-0-0,234.98776000003835,222.00859270354147,1325,SAT-19-0,-39.4514796440632,204.00859270354147,1325,left,0.0011561370637818659,3752000,1859.2443176703223
SAT-0-0,234.98776000003835,222.00859270354147,1325,SAT-1-0,-39.4514796440632,240.00859270354147,1325,right,0.0011561370638778945,3752000,1859.2443176703193
SAT-0-0,235.11302000003838,222.14128254645982,1325,SAT-19-0,-39.52361335181187,204.14128254645985,1325,left,0.0011585379183235848,3754000,1857.316619303277
SAT-0-0,235.11302000003838,222.14128254645982,1325,SAT-1-0,-39.52361335181187,240.14128254645985,1325,right,0.001158537918227755,3754000,1857.3166193032755
SAT-0-0,235.36354000003843,222.4074898610418,1325,SAT-19-0,-39.66742658162324,204.40748986104177,1325,left,0.0011633579439242444,3758000,1853.464577936073
SAT-0-0,235.36354000003843,222.4074898610418,1325,SAT-1-0,-39.66742658162324,240.40748986104177,1325,right,0.0011633579439242444,3758000,1853.4645779360717
SAT-0-0,235.48880000003848,222.54100872518072,1325,SAT-19-0,-39.73910469698027,204.54100872518075,1325,left,0.0011657770500132282,3760000,1851.540315712453
SAT-0-0,235.48880000003848,222.54100872518072,1325,SAT-1-0,-39.73910469698027,240.54100872518075,1325,right,0.0011657770499179936,3760000,1851.5403157124501
SAT-0-0,235.73932000003853,222.8088803196795,1325,SAT-19-0,-39.8820003939159,204.80888031967953,1325,left,0.0011706332800140377,3764000,1847.6955109149956
SAT-0-0,235.73932000003853,222.8088803196795,1325,SAT-1-0,-39.8820003939159,240.80888031967953,1325,right,0.0011706332801088772,3764000,1847.695510914995
SAT-0-0,235.86458000003856,222.94323441924064,1325,SAT-19-0,-39.95321655447137,204.94323441924067,1325,left,0.0011730703346364412,3766000,1845.7750497467066
SAT-0-0,235.86458000003856,222.94323441924064,1325,SAT-1-0,-39.95321655447137,240.94323441924067,1325,right,0.0011730703347310838,3766000,1845.7750497467046
SAT-0-0,236.1151000000386,223.21278261547158,1325,SAT-19-0,-40.09518192937314,205.21278261547158,1325,left,0.001177962143830917,3770000,1841.9382141636295
SAT-0-0,236.1151000000386,223.21278261547158,1325,SAT-1-0,-40.09518192937314,241.21278261547158,1325,right,0.001177962143830917,3770000,1841.9382141636281
SAT-0-0,236.24036000003863,223.34797805657473,1325,SAT-19-0,-40.16592970845422,205.34797805657468,1325,left,0.0011804168242996078,3772000,1840.0219217754739
SAT-0-0,236.24036000003863,223.34797805657473,1325,SAT-1-0,-40.16592970845422,241.34797805657473,1325,right,0.0011804168242996078,3772000,1840.021921775472
SAT-0-0,236.4908800000387,223.61921495341272,1325,SAT-19-0,-40.30695184399447,205.61921495341278,1325,left,0.00118534354718908,3776000,1836.1937936407583
SAT-0-0,236.4908800000387,223.61921495341272,1325,SAT-1-0,-40.30695184399447,241.61921495341272,1325,right,0.0011853435470954175,3776000,1836.193793640757
SAT-0-0,236.6161400000387,223.75525772727588,1325,SAT-19-0,-40.377224751035484,205.75525772727588,1325,left,0.001187815511148191,3778000,1834.2820405333568
SAT-0-0,236.6161400000387,223.75525772727588,1325,SAT-1-0,-40.377224751035484,241.75525772727588,1325,right,0.0011878155110547233,3778000,1834.2820405333553
SAT-0-0,236.86666000003876,224.02819518682188,1325,SAT-19-0,-40.517290602519786,206.02819518682188,1325,left,0.0011927764418916517,3782000,1830.463363593288
SAT-0-0,236.86666000003876,224.02819518682188,1325,SAT-1-0,-40.517290602519786,242.02819518682188,1325,right,0.0011927764418916517,3782000,1830.4633635932846
SAT-0-0,236.99192000003882,224.1650911627478,1325,SAT-19-0,-40.58708208349546,206.1650911627478,1325,left,0.0011952653257523804,3784000,1828.556523003085
SAT-0-0,236.99192000003882,224.1650911627478,1325,SAT-1-0,-40.58708208349546,242.1650911627478,1325,right,0.0011952653259381506,3784000,1828.556523003084
SAT-0-0,237.24244000003887,224.4397407961075,1325,SAT-19-0,-40.72617847979412,206.43974079610746,1325,left,0.0012002597172200403,3788000,1824.7480464332557
SAT-0-0,237.24244000003887,224.4397407961075,1325,SAT-1-0,-40.72617847979412,242.43974079610746,1325,right,0.0012002597172200403,3788000,1824.7480464332546
SAT-0-0,237.3677000000389,224.57749571427595,1325,SAT-19-0,-40.795481917718384,206.577495714276,1325,left,0.0012027651366908634,3790000,1822.8464942894984
SAT-0-0,237.3677000000389,224.57749571427595,1325,SAT-1-0,-40.795481917718384,242.57749571427595,1325,right,0.0012027651365985577,3790000,1822.8464942894964
SAT-0-0,237.61822000003895,224.8538688669512,1325,SAT-19-0,-40.93359556233183,206.85386886695116,1325,left,0.0012077921976378935,3794000,1819.0489726056571
SAT-0-0,237.61822000003895,224.8538688669512,1325,SAT-1-0,-40.93359556233183,242.85386886695116,1325,right,0.0012077921977298152,3794000,1819.0489726056558
SAT-0-0,237.74348000003897,224.99248833101825,1325,SAT-19-0,-41.00240427782494,206.99248833101825,1325,left,0.0012103137465099563,3796000,1817.1530874842324
SAT-0-0,237.74348000003897,224.99248833101825,1325,SAT-1-0,-41.00240427782494,242.99248833101825,1325,right,0.0012103137465099563,3796000,1817.1530874842306
SAT-0-0,237.99400000003902,225.27059606791278,1325,SAT-19-0,-41.13952175008804,207.27059606791272,1325,left,0.0012153726425274145,3800000,1813.367280446742
SAT-0-0,237.99400000003902,225.27059606791278,1325,SAT-1-0,-41.13952175008804,243.27059606791278,1325,right,0.0012153726425274145,3800000,1813.3672804467385
SAT-0-0,238.11926000003905,225.4100855374175,1325,SAT-19-0,-41.20782900201439,207.41008553741753,1325,left,0.0012179098923277517,3802000,1811.4774435207744
SAT-0-0,238.11926000003905,225.4100855374175,1325,SAT-1-0,-41.20782900201439,243.41008553741753,1325,right,0.0012179098920542773,3802000,1811.4774435207742
SAT-0-0,238.3697800000391,225.6899386274594,1325,SAT-19-0,-41.34393675844502,207.68993862745938,1325,left,0.0012229997437840168,3806000,1807.7041160324707
SAT-0-0,238.3697800000391,225.6899386274594,1325,SAT-1-0,-41.34393675844502,243.68993862745938,1325,right,0.0012229997436024596,3806000,1807.7041160324693
SAT-0-0,238.49504000003913,225.83030341003996,1325,SAT-19-0,-41.41173574462445,207.83030341004002,1325,left,0.0012255522424567797,3808000,1805.82071101957
SAT-0-0,238.49504000003913,225.83030341003996,1325,SAT-1-0,-41.41173574462445,243.83030341003996,1325,right,0.00122555224236619,3808000,1805.8207110195688
SAT-0-0,238.7455600000392,226.11191231042434,1325,SAT-19-0,-41.54682012042129,208.11191231042434,1325,left,0.0012306721228041019,3812000,1802.0606330168018
SAT-0-0,238.7455600000392,226.11191231042434,1325,SAT-1-0,-41.54682012042129,244.11191231042434,1325,right,0.0012306721228943147,3812000,1802.0606330167996
SAT-0-0,238.87082000003923,226.253157553845,1325,SAT-19-0,-41.61410397841626,208.25315755384506,1325,left,0.001233239396147993,3814000,1800.1840461228219
SAT-0-0,238.87082000003923,226.253157553845,1325,SAT-1-0,-41.61410397841626,244.253157553845,1325,right,0.001233239396418068,3814000,1800.1840461228198
SAT-0-0,239.12134000003928,226.536532393901,1325,SAT-19-0,-41.74815118911148,208.53653239390104,1325,left,0.0012383883321812029,3818000,1796.4379924594427
SAT-0-0,239.12134000003928,226.536532393901,1325,SAT-1-0,-41.74815118911148,244.53653239390104,1325,right,0.0012383883321812029,3818000,1796.437992459441
SAT-0-0,239.2466000000393,226.67866307789302,1325,SAT-19-0,-41.814912997093025,208.67866307789302,1325,left,0.0012409698811310804,3820000,1794.5686123186856
SAT-0-0,239.2466000000393,226.67866307789302,1325,SAT-1-0,-41.814912997093025,244.67866307789302,1325,right,0.0012409698812205446,3820000,1794.5686123186838
SAT-0-0,239.49712000003936,226.96381364258127,1325,SAT-19-0,-41.947909140364644,208.96381364258127,1325,left,0.0012461468505900908,3824000,1790.8373626427804
SAT-0-0,239.49712000003936,226.96381364258127,1325,SAT-1-0,-41.947909140364644,244.96381364258127,1325,right,0.0012461468506791834,3824000,1790.8373626427795
SAT-0-0,239.62238000003939,227.10683457049996,1325,SAT-19-0,-42.01414191805948,209.10683457049993,1325,left,0.001248742152067441,3826000,1788.9755802545003
SAT-0-0,239.62238000003939,227.10683457049996,1325,SAT-1-0,-42.01414191805948,245.10683457049993,1325,right,0.001248742151800719,3826000,1788.9755802544992
SAT-0-0,239.87290000003944,227.39377028354656,1325,SAT-19-0,-42.146072975709146,209.39377028354656,1325,left,0.0012539460831926333,3830000,1785.2599188776182
SAT-0-0,239.87290000003944,227.39377028354656,1325,SAT-1-0,-42.146072975709146,245.39377028354656,1325,right,0.00125394608336971,3830000,1785.259918877617
SAT-0-0,239.99816000003946,227.53768607384904,1325,SAT-19-0,-42.211769685430816,209.53768607384907,1325,left,0.0012565545887263194,3832000,1783.4061275387264
SAT-0-0,239.99816000003946,227.53768607384904,1325,SAT-1-0,-42.211769685430816,245.53768607384907,1325,right,0.0012565545888146739,3832000,1783.4061275387241
SAT-0-0,240.24868000003954,227.82641598052396,1325,SAT-19-0,-42.34262152553194,209.82641598052402,1325,left,0.0012617843601106836,3836000,1779.7068432974042
SAT-0-0,240.24868000003954,227.82641598052396,1325,SAT-1-0,-42.34262152553194,245.82641598052396,1325,right,0.0012617843601106836,3836000,1779.706843297401
SAT-0-0,240.37394000003957,227.9712310580711,1325,SAT-19-0,-42.407775073298474,209.97123105807114,1325,left,0.0012644054957379883,3838000,1777.8614385312592
SAT-0-0,240.37394000003957,227.9712310580711,1325,SAT-1-0,-42.407775073298474,245.9712310580711,1325,right,0.0012644054956501823,3838000,1777.8614385312585
SAT-0-0,240.62446000003962,228.26176380762053,1325,SAT-19-0,-42.53753345252018,210.26176380762053,1325,left,0.001269659933571087,3842000,1774.1793246406146
SAT-0-0,240.62446000003962,228.26176380762053,1325,SAT-1-0,-42.53753345252018,246.26176380762053,1325,right,0.001269659933571087,3842000,1774.1793246406132
SAT-0-0,240.74972000003964,228.40748239480823,1325,SAT-19-0,-42.60213668926098,210.40748239480826,1325,left,0.0012722930994903126,3844000,1772.3427041218038
SAT-0-0,240.74972000003964,228.40748239480823,1325,SAT-1-0,-42.60213668926098,246.40748239480826,1325,right,0.0012722930997520973,3844000,1772.3427041218024
SAT-0-0,241.0002400000397,228.69982622255077,1325,SAT-19-0,-42.73078725537313,210.6998262225508,1325,left,0.0012775709778622398,3848000,1768.6785580209769
SAT-0-0,241.0002400000397,228.69982622255077,1325,SAT-1-0,-42.73078725537313,246.6998262225508,1325,right,0.0012775709778622398,3848000,1768.678558020974
SAT-0-0,241.12550000003972,228.8464523302763,1325,SAT-19-0,-42.79483297822762,210.84645233027632,1325,left,0.0012802155480127354,3850000,1766.851121495952
SAT-0-0,241.12550000003972,228.8464523302763,1325,SAT-1-0,-42.79483297822762,246.84645233027632,1325,right,0.0012802155481861784,3850000,1766.8511214959494
SAT-0-0,241.37602000003977,229.14061503937504,1325,SAT-19-0,-42.92236127279194,211.14061503937506,1325,left,0.001285515587401282,3854000,1763.2057446851757
SAT-0-0,241.37602000003977,229.14061503937504,1325,SAT-1-0,-42.92236127279194,247.14061503937506,1325,right,0.001285515587401282,3854000,1763.2057446851732
SAT-0-0,241.5012800000398,229.28815245784426,1325,SAT-19-0,-42.98584222650266,211.28815245784432,1325,left,0.0012881709083730577,3856000,1761.3878938886658
SAT-0-0,241.5012800000398,229.28815245784426,1325,SAT-1-0,-42.98584222650266,247.28815245784426,1325,right,0.0012881709084592435,3856000,1761.3878938886635
SAT-0-0,241.75180000003988,229.58414140076803,1325,SAT-19-0,-43.112233687755264,211.58414140076803,1325,left,0.0012934917748779443,3860000,1757.7620917577688
SAT-0-0,241.75180000003988,229.58414140076803,1325,SAT-1-0,-43.112233687755264,247.58414140076803,1325,right,0.0012934917751354388,3860000,1757.7620917577674
SAT-0-0,241.8770600000399,229.7325936901509,1325,SAT-19-0,-43.17514256615787,211.7325936901509,1325,left,0.0012961571663157997,3862000,1755.954230324842
SAT-0-0,241.8770600000399,229.7325936901509,1325,SAT-1-0,-43.17514256615787,247.7325936901509,1325,right,0.0012961571663157997,3862000,1755.9542303248422
SAT-0-0,242.12758000003996,230.03041574983905,1325,SAT-19-0,-43.30038253208819,212.03041574983905,1325,left,0.001301497471430658,3866000,1752.3488119729564
SAT-0-0,242.12758000003996,230.03041574983905,1325,SAT-1-0,-43.30038253208819,248.03041574983905,1325,right,0.001301497471430658,3866000,1752.348811972955
SAT-0-0,242.25284000003998,230.179786230781,1325,SAT-19-0,-43.36271197970088,212.179786230781,1325,left,0.0013041722247228466,3868000,1750.5513453466465
SAT-0-0,242.25284000003998,230.179786230781,1325,SAT-1-0,-43.36271197970088,248.179786230781,1325,right,0.001304172224637718,3868000,1750.5513453466451
SAT-0-0,242.50336000004003,230.47944780152847,1325,SAT-19-0,-43.48678569133192,212.47944780152847,1325,left,0.0013095305234230852,3872000,1746.9671233929214
SAT-0-0,242.50336000004003,230.47944780152847,1325,SAT-1-0,-43.48678569133192,248.47944780152847,1325,right,0.0013095305234230852,3872000,1746.967123392921
SAT-0-0,242.62862000004006,230.6297395455258,1325,SAT-19-0,-43.54852830504682,212.62973954552575,1325,left,0.0013122139021272002,3874000,1745.1804587272966
SAT-0-0,242.62862000004006,230.6297395455258,1325,SAT-1-0,-43.54852830504682,248.6297395455258,1325,right,0.001312213902211807,3874000,1745.180458727295
SAT-0-0,242.8791400000401,230.9312465136059,1325,SAT-19-0,-43.67142090992153,212.93124651360586,1325,left,0.0013175886932085563,3878000,1741.6182491124355
SAT-0-0,242.8791400000401,230.9312465136059,1325,SAT-1-0,-43.67142090992153,248.9312465136059,1325,right,0.0013175886934613417,3878000,1741.6182491124353
SAT-0-0,243.00440000004014,231.08246233325556,1325,SAT-19-0,-43.732569240800274,213.08246233325556,1325,left,0.001320279932366816,3880000,1739.842795171037
SAT-0-0,243.00440000004014,231.08246233325556,1325,SAT-1-0,-43.732569240800274,249.08246233325556,1325,right,0.001320279932366816,3880000,1739.8427951710344
SAT-0-0,243.2549200000402,231.38582005730044,1325,SAT-19-0,-43.854265796678945,213.38582005730044,1325,left,0.0013256696569251844,3884000,1736.3034169494483
SAT-0-0,243.2549200000402,231.38582005730044,1325,SAT-1-0,-43.854265796678945,249.38582005730044,1325,right,0.0013256696567576882,3884000,1736.3034169494467
SAT-0-0,243.38018000004024,231.53796249643275,1325,SAT-19-0,-43.914812351854906,213.53796249643275,1325,left,0.0013283679626511949,3886000,1734.5395839989865
SAT-0-0,243.38018000004024,231.53796249643275,1325,SAT-1-0,-43.914812351854906,249.53796249643275,1325,right,0.0013283679624840389,3886000,1734.5395839989837
SAT-0-0,243.6307000000403,231.84317578759214,1325,SAT-19-0,-44.035297830627876,213.84317578759214,1325,left,0.0013337710037711339,3890000,1731.0238591213713
SAT-0-0,243.6307000000403,231.84317578759214,1325,SAT-1-0,-44.035297830627876,249.84317578759214,1325,right,0.0013337710037711339,3890000,1731.0238591213692
SAT-0-0,243.75596000004032,231.99624711129968,1325,SAT-19-0,-44.09523507531715,213.99624711129962,1325,left,0.0013364755530937873,3892000,1729.2720588205966
SAT-0-0,243.75596000004032,231.99624711129968,1325,SAT-1-0,-44.09523507531715,249.99624711129968,1325,right,0.0013364755530937873,3892000,1729.272058820596
SAT-0-0,244.00648000004037,232.30332021320137,1325,SAT-19-0,-44.21449436713736,214.30332021320137,1325,left,0.0013418902357827899,3896000,1725.780811906802
SAT-0-0,244.00648000004037,232.30332021320137,1325,SAT-1-0,-44.21449436713736,250.30332021320137,1325,right,0.0013418902358655256,3896000,1725.7808119068002
SAT-0-0,244.1317400000404,232.45732239777354,1325,SAT-19-0,-44.27381472676079,214.45732239777354,1325,left,0.0013446001764050087,3898000,1724.0414571904737
SAT-0-0,244.1317400000404,232.45732239777354,1325,SAT-1-0,-44.27381472676079,250.45732239777354,1325,right,0.0013446001764050087,3898000,1724.0414571904723
SAT-0-0,244.38226000004045,232.76625896631086,1325,SAT-19-0,-44.391832644400225,214.76625896631086,1325,left,0.0013500247662801789,3902000,1720.57551529244
SAT-0-0,244.38226000004045,232.76625896631086,1325,SAT-1-0,-44.391832644400225,250.76625896631086,1325,right,0.0013500247662801789,3902000,1720.5755152924382
SAT-0-0,244.50752000004047,232.92119368908888,1325,SAT-19-0,-44.4505285068183,214.92119368908888,1325,left,0.001352739216092293,3904000,1718.8490202502885
SAT-0-0,244.50752000004047,232.92119368908888,1325,SAT-1-0,-44.4505285068183,250.92119368908888,1325,right,0.001352739216092293,3904000,1718.8490202502876
SAT-0-0,244.75804000004052,233.2319967720601,1325,SAT-19-0,-44.56728979025236,215.2319967720601,1325,left,0.0013581719195641187,3908000,1715.4092126049472
SAT-0-0,244.75804000004052,233.2319967720601,1325,SAT-1-0,-44.56728979025236,251.2319967720601,1325,right,0.0013581719195641187,3908000,1715.409212604946
SAT-0-0,244.88330000004055,233.38786540122535,1325,SAT-19-0,-44.625353508115055,215.38786540122535,1325,left,0.0013608899667321415,3910000,1713.695992355584
SAT-0-0,244.88330000004055,233.38786540122535,1325,SAT-1-0,-44.625353508115055,251.38786540122535,1325,right,0.001360889966813722,3910000,1713.695992355583
SAT-0-0,245.13382000004063,233.70053741785554,1325,SAT-19-0,-44.74084282933841,215.70053741785554,1325,left,0.0013663289304258958,3914000,1710.2831501275487
SAT-0-0,245.13382000004063,233.70053741785554,1325,SAT-1-0,-44.74084282933841,251.70053741785554,1325,right,0.0013663289302633839,3914000,1710.283150127546
SAT-0-0,245.25908000004065,233.8573410021663,1325,SAT-19-0,-44.79826672255163,215.8573410021663,1325,left,0.0013690496337892902,3916000,1708.5836206872366
SAT-0-0,245.25908000004065,233.8573410021663,1325,SAT-1-0,-44.79826672255163,251.8573410021663,1325,right,0.0013690496337081957,3916000,1708.5836206872366
SAT-0-0,245.5096000000407,234.17188372254049,1325,SAT-19-0,-44.91246869062911,216.17188372254049,1325,left,0.0013744929442789872,3920000,1705.1985767011636
SAT-0-0,245.5096000000407,234.17188372254049,1325,SAT-1-0,-44.91246869062911,252.17188372254049,1325,right,0.0013744929441174404,3920000,1705.1985767011624
SAT-0-0,245.63486000004073,234.32962298103186,1325,SAT-19-0,-44.96924504893939,216.32962298103186,1325,left,0.001377215331786433,3922000,1703.5131548473998
SAT-0-0,245.63486000004073,234.32962298103186,1325,SAT-1-0,-44.96924504893939,252.32962298103186,1325,right,0.001377215331786433,3922000,1703.5131548474
SAT-0-0,245.88538000004078,234.6460375054726,1325,SAT-19-0,-45.08214421529479,216.64603750547258,1325,left,0.0013826610159537987,3926000,1700.1567433099083
SAT-0-0,245.88538000004078,234.6460375054726,1325,SAT-1-0,-45.08214421529479,252.6460375054726,1325,right,0.0013826610157932065,3926000,1700.1567433099078
SAT-0-0,246.0106400000408,234.8047128171379,1325,SAT-19-0,-45.13826530099379,216.8047128171379,1325,left,0.0013853840863357117,3928000,1698.485846439748
SAT-0-0,246.0106400000408,234.8047128171379,1325,SAT-1-0,-45.13826530099379,252.8047128171379,1325,right,0.0013853840863357117,3928000,1698.4858464397462
SAT-0-0,246.26116000004086,235.12299955556102,1325,SAT-19-0,-45.249846164939584,217.12299955556097,1325,left,0.0013908301106364106,3932000,1695.1589026507886
SAT-0-0,246.26116000004086,235.12299955556102,1325,SAT-1-0,-45.249846164939584,253.12299955556102,1325,right,0.0013908301105565863,3932000,1695.1589026507875
SAT-0-0,246.38642000004089,235.2826109490304,1325,SAT-19-0,-45.3053042156895,217.2826109490304,1325,left,0.001393552831900208,3934000,1693.5029486338772
SAT-0-0,246.38642000004089,235.2826109490304,1325,SAT-1-0,-45.3053042156895,253.2826109490304,1325,right,0.0013935528320595451,3934000,1693.502948633875
SAT-0-0,246.63694000004097,235.60276960031547,1325,SAT-19-0,-45.41555123019963,217.60276960031553,1325,left,0.0013989971032859604,3938000,1690.206308687471
SAT-0-0,246.63694000004097,235.60276960031547,1325,SAT-1-0,-45.41555123019963,253.60276960031547,1325,right,0.001398997103524036,3938000,1690.20630868747
SAT-0-0,246.762200000041,235.76331674355163,1325,SAT-19-0,-45.47033846198088,217.76331674355168,1325,left,0.0014017184140861783,3940000,1688.5657157137427
SAT-0-0,246.762200000041,235.76331674355163,1325,SAT-1-0,-45.47033846198088,253.76331674355163,1325,right,0.0014017184140861783,3940000,1688.565715713742
SAT-0-0,247.01272000004104,236.0853462749649,1325,SAT-19-0,-45.57923603970885,218.0853462749649,1325,left,0.0014071587793471083,3944000,1685.300216188023
SAT-0-0,247.01272000004104,236.0853462749649,1325,SAT-1-0,-45.57923603970885,254.0853462749649,1325,right,0.0014071587794260065,3944000,1685.3002161880213
SAT-0-0,247.13798000004107,236.246828464995,1325,SAT-19-0,-45.633344649890624,218.24682846499493,1325,left,0.0014098775880071824,3946000,1683.6754026100402
SAT-0-0,247.13798000004107,236.246828464995,1325,SAT-1-0,-45.633344649890624,254.246828464995,1325,right,0.0014098775881646744,3946000,1683.6754026100393
SAT-0-0,247.38850000004112,236.57072709170504,1325,SAT-19-0,-45.740877169434334,218.57072709170504,1325,left,0.0014153118348941521,3950000,1680.4418802465402
SAT-0-0,247.38850000004112,236.57072709170504,1325,SAT-1-0,-45.740877169434334,254.57072709170504,1325,right,0.0014153118350510394,3950000,1680.4418802465384
SAT-0-0,247.51376000004115,236.733143244409,1325,SAT-19-0,-45.79429933996898,218.733143244409,1325,left,0.0014180270204658244,3952000,1678.8332644164445
SAT-0-0,247.51376000004115,236.733143244409,1325,SAT-1-0,-45.79429933996898,254.733143244409,1325,right,0.001418027020700705,3952000,1678.8332644164434
SAT-0-0,247.7642800000412,237.05890840913685,1325,SAT-19-0,-45.90045115238352,219.05890840913685,1325,left,0.0014234528772364772,3956000,1675.6325557886182
SAT-0-0,247.7642800000412,237.05890840913685,1325,SAT-1-0,-45.90045115238352,255.05890840913685,1325,right,0.0014234528772364772,3956000,1675.6325557886175
SAT-0-0,247.88954000004122,237.22225704911412,1325,SAT-19-0,-45.95317905312505,219.22225704911412,1325,left,0.0014261632894876715,3958000,1674.0405558896962
SAT-0-0,247.88954000004122,237.22225704911412,1325,SAT-1-0,-45.95317905312505,255.22225704911412,1325,right,0.0014261632894876715,3958000,1674.0405558896935
SAT-0-0,248.1400600000413,237.54988540196203,1325,SAT-19-0,-46.05793448868412,219.54988540196203,1325,left,0.0014315784263475735,3962000,1670.873497060656
SAT-0-0,248.1400600000413,237.54988540196203,1325,SAT-1-0,-46.05793448868412,255.54988540196203,1325,right,0.0014315784263475735,3962000,1670.8734970606547
SAT-0-0,248.26532000004133,237.71416465249868,1325,SAT-19-0,-46.10996028083112,219.71416465249868,1325,left,0.0014342828854853715,3964000,1669.2985309335056
SAT-0-0,248.26532000004133,237.71416465249868,1325,SAT-1-0,-46.10996028083112,255.71416465249868,1325,right,0.0014342828855627777,3964000,1669.2985309335038
SAT-0-0,248.51584000004138,238.04365203100298,1325,SAT-19-0,-46.21330365603723,220.04365203100298,1325,left,0.0014396849149187155,3968000,1666.1659571029904
SAT-0-0,248.51584000004138,238.04365203100298,1325,SAT-1-0,-46.21330365603723,256.043652031003,1325,right,0.0014396849148416,3968000,1666.1659571029886
SAT-0-0,248.6411000000414,238.20885960416268,1325,SAT-19-0,-46.264619495700146,220.20885960416268,1325,left,0.0014423822129038253,3970000,1664.6084420663308
SAT-0-0,248.6411000000414,238.20885960416268,1325,SAT-1-0,-46.264619495700146,256.2088596041627,1325,right,0.0014423822131347398,3970000,1664.6084420663294
SAT-0-0,248.89162000004146,238.54020101361795,1325,SAT-19-0,-46.366535120543276,220.54020101361795,1325,left,0.0014477686899214103,3974000,1661.5111872069442
SAT-0-0,248.89162000004146,238.54020101361795,1325,SAT-1-0,-46.366535120543276,256.54020101361795,1325,right,0.0014477686899214103,3974000,1661.5111872069433
SAT-0-0,249.01688000004148,238.70633420048082,1325,SAT-19-0,-46.41713316243565,220.70633420048085,1325,left,0.001450457591019315,3976000,1659.9715398730602
SAT-0-0,249.01688000004148,238.70633420048082,1325,SAT-1-0,-46.41713316243565,256.7063342004808,1325,right,0.001450457590942772,3976000,1659.9715398730582
SAT-0-0,249.26740000004153,239.03952379458568,1325,SAT-19-0,-46.51760534789931,221.03952379458568,1325,left,0.0014558260156126914,3980000,1656.9104363558547
SAT-0-0,249.26740000004153,239.03952379458568,1325,SAT-1-0,-46.51760534789931,257.03952379458565,1325,right,0.0014558260156126914,3980000,1656.9104363558536
SAT-0-0,249.39266000004156,239.20657945566037,1325,SAT-19-0,-46.567477749152495,221.20657945566037,1325,left,0.0014585052551362929,3982000,1655.3890724407352
SAT-0-0,249.39266000004156,239.20657945566037,1325,SAT-1-0,-46.567477749152495,257.2065794556604,1325,right,0.001458505255364655,3982000,1655.3890724407338
SAT-0-0,249.6431800000416,239.54161051753422,1325,SAT-19-0,-46.666490814965975,221.54161051753422,1325,left,0.0014638530720810542,3986000,1652.3649506502181
SAT-0-0,249.6431800000416,239.54161051753422,1325,SAT-1-0,-46.666490814965975,257.54161051753425,1325,right,0.0014638530720810542,3986000,1652.3649506502172
SAT-0-0,249.76844000004166,239.70958507336906,1325,SAT-19-0,-46.71562973906634,221.7095850733691,1325,left,0.001466521359522104,3988000,1650.8622847784404
SAT-0-0,249.76844000004166,239.70958507336906,1325,SAT-1-0,-46.71562973906634,257.70958507336906,1325,right,0.001466521359370695,3988000,1650.8622847784386
SAT-0-0,250.01896000004172,240.04644999699357,1325,SAT-19-0,-46.81316802170058,222.04644999699352,1325,left,0.001471845960132113,3992000,1647.8759727171248
SAT-0-0,250.01896000004172,240.04644999699357,1325,SAT-1-0,-46.81316802170058,258.0464499969936,1325,right,0.001471845960132113,3992000,1647.875972717123
SAT-0-0,250.14422000004174,240.21533941901262,1325,SAT-19-0,-46.861565642547994,222.21533941901262,1325,left,0.0014745019779408678,3994000,1646.39241822154
SAT-0-0,250.14422000004174,240.21533941901262,1325,SAT-1-0,-46.861565642547994,258.2153394190126,1325,right,0.0014745019779408678,3994000,1646.3924182215385
SAT-0-0,250.3947400000418,240.5540296911518,1325,SAT-19-0,-46.95761350345276,222.5540296911518,1325,left,0.0014798007019887214,3998000,1643.4447411041929
SAT-0-0,250.3947400000418,240.5540296911518,1325,SAT-1-0,-46.95761350345276,258.5540296911518,1325,right,0.0014798007019887214,3998000,1643.4447411041908
SAT-0-0,250.52000000004182,240.72382949274476,1325,SAT-19-0,-47.00526200953879,222.7238294927447,1325,left,0.001482443106813396,4000000,1641.9807098205047
SAT-0-0,250.52000000004182,240.72382949274476,1325,SAT-1-0,-47.00526200953879,258.72382949274476,1325,right,0.001482443107112962,4000000,1641.980709820503
SAT-0-0,250.77052000004187,241.06433567539798,1325,SAT-19-0,-47.09980384361736,223.06433567539798,1325,left,0.0014877132434042708,4004000,1639.0724896582572
SAT-0-0,250.77052000004187,241.06433567539798,1325,SAT-1-0,-47.09980384361736,259.064335675398,1325,right,0.0014877132434042708,4004000,1639.0724896582553
SAT-0-0,250.8957800000419,241.23504090329024,1325,SAT-19-0,-47.14669544232132,223.23504090329024,1325,left,0.0014903406682912795,4006000,1637.6283917145809
SAT-0-0,250.8957800000419,241.23504090329024,1325,SAT-1-0,-47.14669544232132,259.2350409032902,1325,right,0.0014903406682912795,4006000,1637.6283917145795
SAT-0-0,251.14630000004195,241.57735261673656,1325,SAT-19-0,-47.23971568663867,223.57735261673656,1325,left,0.0014955794576498465,4010000,1634.7604468891222
SAT-0-0,251.14630000004195,241.57735261673656,1325,SAT-1-0,-47.23971568663867,259.57735261673656,1325,right,0.0014955794577240801,4010000,1634.76044688912
SAT-0-0,251.271560000042,241.74895784266917,1325,SAT-19-0,-47.28584260863929,223.74895784266917,1325,left,0.0014981905105751136,4012000,1633.33669049064
SAT-0-0,251.271560000042,241.74895784266917,1325,SAT-1-0,-47.28584260863929,259.7489578426692,1325,right,0.0014981905105751136,4012000,1633.336690490638
SAT-0-0,251.52208000004205,242.09306374915923,1325,SAT-19-0,-47.37732575135903,224.09306374915923,1325,left,0.0015033951469441069,4016000,1630.5098353187145
SAT-0-0,251.52208000004205,242.09306374915923,1325,SAT-1-0,-47.37732575135903,260.0930637491592,1325,right,0.0015033951469441069,4016000,1630.5098353187136
SAT-0-0,251.64734000004208,242.26556306190778,1325,SAT-19-0,-47.42268025515897,224.26556306190778,1325,left,0.0015059884136071886,4018000,1629.1068265275533
SAT-0-0,251.64734000004208,242.26556306190778,1325,SAT-1-0,-47.42268025515897,260.26556306190776,1325,right,0.0015059884136809092,4018000,1629.1068265275521
SAT-0-0,251.89786000004213,242.61145085006254,1325,SAT-19-0,-47.512610844703175,224.61145085006254,1325,left,0.0015111560464828632,4022000,1626.3218708160575
SAT-0-0,251.89786000004213,242.61145085006254,1325,SAT-1-0,-47.512610844703175,260.6114508500625,1325,right,0.0015111560464828632,4022000,1626.3218708160553
SAT-0-0,252.02312000004216,242.78483784782375,1325,SAT-19-0,-47.55718522126375,224.78483784782375,1325,left,0.001513730091211471,4024000,1624.9400133265337
SAT-0-0,252.02312000004216,242.78483784782375,1325,SAT-1-0,-47.55718522126375,260.7848378478237,1325,right,0.001513730091211471,4024000,1624.9400133265315
SAT-0-0,252.2736400000422,243.13249421780023,1325,SAT-19-0,-47.64554787568954,225.13249421780023,1325,left,0.0015188578276809233,4028000,1622.197761918482
SAT-0-0,252.2736400000422,243.13249421780023,1325,SAT-1-0,-47.64554787568954,261.13249421780023,1325,right,0.0015188578278271152,4028000,1622.1977619184806
SAT-0-0,252.39890000004223,243.30676200097753,1325,SAT-19-0,-47.68933445317178,225.30676200097753,1325,left,0.0015214111937445602,4030000,1620.8374568278725
SAT-0-0,252.39890000004223,243.30676200097753,1325,SAT-1-0,-47.68933445317178,261.3067620009775,1325,right,0.0015214111936715869,4030000,1620.8374568278714
SAT-0-0,252.64942000004228,243.65617265046112,1325,SAT-19-0,-47.776113869757495,225.65617265046112,1325,left,0.0015264961014503883,4034000,1618.1387091396164
SAT-0-0,252.64942000004228,243.65617265046112,1325,SAT-1-0,-47.776113869757495,261.65617265046114,1325,right,0.0015264961015958487,4034000,1618.1387091396143
SAT-0-0,252.7746800000423,243.83131381487797,1325,SAT-19-0,-47.81910501836628,225.83131381487797,1325,left,0.0015290273133407003,4036000,1616.800354714634
SAT-0-0,252.7746800000423,243.83131381487797,1325,SAT-1-0,-47.81910501836628,261.831313814878,1325,right,0.0015290273133407003,4036000,1616.8003547146322
SAT-0-0,253.0252000000424,244.18246342596163,1325,SAT-19-0,-47.90428598339911,226.18246342596163,1325,left,0.0015340664229579603,4040000,1614.145904264659
SAT-0-0,253.0252000000424,244.18246342596163,1325,SAT-1-0,-47.90428598339911,262.18246342596166,1325,right,0.0015340664231027028,4040000,1614.145904264657
SAT-0-0,253.15046000004241,244.35847005653457,1325,SAT-19-0,-47.946474120325796,226.35847005653457,1325,left,0.0015365739871779254,4042000,1612.8298957038328
SAT-0-0,253.15046000004241,244.35847005653457,1325,SAT-1-0,-47.946474120325796,262.35847005653454,1325,right,0.0015365739871779254,4042000,1612.829895703831
SAT-0-0,253.40098000004247,244.71134228354677,1325,SAT-19-0,-48.0300415190824,226.71134228354677,1325,left,0.0015415642949270132,4046000,1610.220529633585
SAT-0-0,253.40098000004247,244.71134228354677,1325,SAT-1-0,-48.0300415190824,262.71134228354674,1325,right,0.0015415642949270132,4046000,1610.220529633584
SAT-0-0,253.5262400000425,244.888205948447,1325,SAT-19-0,-48.07141911354167,226.888205948447,1325,left,0.0015440467015636447,4048000,1608.9272588257488
SAT-0-0,253.5262400000425,244.888205948447,1325,SAT-1-0,-48.07141911354167,262.88820594844697,1325,right,0.0015440467014198377,4048000,1608.9272588257465
SAT-0-0,253.77676000004254,245.24278340678873,1325,SAT-19-0,-48.15335794045204,227.24278340678873,1325,left,0.0015489851726857786,4052000,1606.363757412908
SAT-0-0,253.77676000004254,245.24278340678873,1325,SAT-1-0,-48.15335794045204,263.2427834067887,1325,right,0.0015489851726141043,4052000,1606.3637574129077
SAT-0-0,253.90202000004257,245.420495152124,1325,SAT-19-0,-48.19391751880784,227.420495152124,1325,left,0.0015514408970246124,4054000,1605.093612692038
SAT-0-0,253.90202000004257,245.420495152124,1325,SAT-1-0,-48.19391751880784,263.420495152124,1325,right,0.0015514408970246124,4054000,1605.093612692036
SAT-0-0,254.15254000004262,245.7767594081752,1325,SAT-19-0,-48.274212887792025,227.7767594081752,1325,left,0.0015563244685479016,4058000,1602.5767488567305
SAT-0-0,254.15254000004262,245.7767594081752,1325,SAT-1-0,-48.274212887792025,263.7767594081752,1325,right,0.0015563244686905742,4058000,1602.5767488567299
SAT-0-0,254.27780000004265,245.95530975322143,1325,SAT-19-0,-48.31394703876707,227.95530975322143,1325,left,0.001558751972871584,4060000,1601.3301147533773
SAT-0-0,254.27780000004265,245.95530975322143,1325,SAT-1-0,-48.31394703876707,263.9553097532214,1325,right,0.0015587519727291337,4060000,1601.3301147533768
SAT-0-0,254.52832000004273,246.3132413153782,1325,SAT-19-0,-48.392584193733725,228.31324131537826,1325,left,0.0015635775573936961,4064000,1598.8606535578401
SAT-0-0,254.52832000004273,246.3132413153782,1325,SAT-1-0,-48.392584193733725,264.3132413153782,1325,right,0.0015635775573936961,4064000,1598.86065355784
SAT-0-0,254.65358000004275,246.4926202483912,1325,SAT-19-0,-48.431485573697124,228.4926202483912,1325,left,0.0015659752922489716,4066000,1597.6379105474277
SAT-0-0,254.65358000004275,246.4926202483912,1325,SAT-1-0,-48.431485573697124,264.49262024839123,1325,right,0.0015659752922489716,4066000,1597.6379105474257
SAT-0-0,254.9041000000428,246.8521985592916,1325,SAT-19-0,-48.50844989919149,228.8521985592916,1325,left,0.001570739780869705,4070000,1595.2166086896832
SAT-0-0,254.9041000000428,246.8521985592916,1325,SAT-1-0,-48.50844989919149,264.8521985592916,1325,right,0.0015707397809403866,4070000,1595.2166086896816
SAT-0-0,255.02936000004283,247.03239553392808,1325,SAT-19-0,-48.54651123751785,229.03239553392808,1325,left,0.0015731061873727537,4072000,1594.0181329379454
SAT-0-0,255.02936000004283,247.03239553392808,1325,SAT-1-0,-48.54651123751785,265.0323955339281,1325,right,0.0015731061873727537,4072000,1594.0181329379443
SAT-0-0,255.27988000004288,247.3935989639266,1325,SAT-19-0,-48.62178826950666,229.39359896392665,1325,left,0.0015778064541930093,4076000,1591.6457382400695
SAT-0-0,255.27988000004288,247.3935989639266,1325,SAT-1-0,-48.62178826950666,265.3935989639266,1325,right,0.0015778064541930093,4076000,1591.6457382400683
SAT-0-0,255.4051400000429,247.57460289630387,1325,SAT-19-0,-48.659002374000224,229.57460289630387,1325,left,0.0015801399657259226,4078000,1590.4719013459542
SAT-0-0,255.4051400000429,247.57460289630387,1325,SAT-1-0,-48.659002374000224,265.5746028963039,1325,right,0.0015801399657259226,4078000,1590.4719013459523
SAT-0-0,255.65566000004296,247.93740873825098,1325,SAT-19-0,-48.732577810779624,229.93740873825098,1325,left,0.0015847728709282424,4082000,1588.1491522375702
SAT-0-0,255.65566000004296,247.93740873825098,1325,SAT-1-0,-48.732577810779624,265.937408738251,1325,right,0.0015847728710683539,4082000,1588.1491522375684
SAT-0-0,255.78092000004298,248.11920800467297,1325,SAT-19-0,-48.768937573156435,230.11920800467297,1325,left,0.001587071914807089,4084000,1587.000320973899
SAT-0-0,255.78092000004298,248.11920800467297,1325,SAT-1-0,-48.768937573156435,266.119208004673,1325,right,0.0015870719149469973,4084000,1587.000320973898
SAT-0-0,256.031440000043,248.48359247005578,1325,SAT-19-0,-48.84079728636832,230.48359247005573,1325,left,0.0015916343095014262,4088000,1584.7279459715508
SAT-0-0,256.031440000043,248.48359247005578,1325,SAT-1-0,-48.84079728636832,266.4835924700558,1325,right,0.0015916343092224115,4088000,1584.7279459715494
SAT-0-0,256.15670000004303,248.66617490543354,1325,SAT-19-0,-48.8762956877888,230.66617490543354,1325,left,0.001593897309521085,4090000,1583.6044820238108
SAT-0-0,256.15670000004303,248.66617490543354,1325,SAT-1-0,-48.8762956877888,266.66617490543354,1325,right,0.0015938973093817758,4090000,1583.6044820238092
SAT-0-0,256.4072200000431,249.03211312193108,1325,SAT-19-0,-48.94642573353055,231.03211312193108,1325,left,0.0015983860388334547,4094000,1581.3831992069122
SAT-0-0,256.4072200000431,249.03211312193108,1325,SAT-1-0,-48.94642573353055,267.0321131219311,1325,right,0.0015983860386250776,4094000,1581.3831992069108
SAT-0-0,256.5324800000431,249.21546601892354,1325,SAT-19-0,-48.98105585017475,231.21546601892354,1325,left,0.0016006114171442814,4096000,1580.2854589105
SAT-0-0,256.5324800000431,249.21546601892354,1325,SAT-1-0,-48.98105585017475,267.21546601892356,1325,right,0.0016006114172136439,4096000,1580.2854589104986
SAT-0-0,256.78300000004316,249.58293202942892,1325,SAT-19-0,-49.04944248018589,231.58293202942886,1325,left,0.0016050233254780695,4100000,1578.115975394597
SAT-0-0,256.78300000004316,249.58293202942892,1325,SAT-1-0,-49.04944248018589,267.58293202942895,1325,right,0.0016050233254780695,4100000,1578.1159753945954
SAT-0-0,256.9082600000432,249.7670421383296,1325,SAT-19-0,-49.083197488863085,231.76704213832954,1325,left,0.001607209505124286,4102000,1577.0443094709121
SAT-0-0,256.9082600000432,249.7670421383296,1325,SAT-1-0,-49.083197488863085,267.7670421383296,1325,right,0.001607209505124286,4102000,1577.0443094709108
SAT-0-0,257.15878000004324,250.13600890148788,1325,SAT-19-0,-49.149827161772336,232.13600890148788,1325,left,0.0016115414402999532,4106000,1574.927320879006
SAT-0-0,257.15878000004324,250.13600890148788,1325,SAT-1-0,-49.149827161772336,268.13600890148786,1325,right,0.0016115414402999532,4106000,1574.927320879005
SAT-0-0,257.28404000004326,250.3208624308814,1325,SAT-19-0,-49.182700345556526,232.3208624308814,1325,left,0.0016136868466184629,4108000,1573.882074170776
SAT-0-0,257.28404000004326,250.3208624308814,1325,SAT-1-0,-49.182700345556526,268.3208624308814,1325,right,0.0016136868466872633,4108000,1573.8820741707746
SAT-0-0,257.5345600000433,250.69130182319014,1325,SAT-19-0,-49.24755973817147,232.6913018231902,1325,left,0.001617935664990642,4112000,1571.8182641035123
SAT-0-0,257.5345600000433,250.69130182319014,1325,SAT-1-0,-49.24755973817147,268.69130182319014,1325,right,0.0016179356649220222,4112000,1571.818264103511
SAT-0-0,257.65982000004334,250.87688444140105,1325,SAT-19-0,-49.27954449205354,232.8768844414011,1325,left,0.0016200387286423876,4114000,1570.7997753097457
SAT-0-0,257.65982000004334,250.87688444140105,1325,SAT-1-0,-49.27954449205354,268.87688444140105,1325,right,0.0016200387286423876,4114000,1570.7997753097438
SAT-0-0,257.9103400000434,251.24876726091705,1325,SAT-19-0,-49.342620510674685,233.24876726091705,1325,left,0.0016242012981640885,4118000,1568.7898148152838
SAT-0-0,257.9103400000434,251.24876726091705,1325,SAT-1-0,-49.342620510674685,269.2487672609171,1325,right,0.0016242012983691536,4118000,1568.7898148152824
SAT-0-0,258.0356000000435,251.4350640982719,1325,SAT-19-0,-49.37371034722214,233.43506409827188,1325,left,0.0016262604578523383,4120000,1567.7984162262808
SAT-0-0,258.0356000000435,251.4350640982719,1325,SAT-1-0,-49.37371034722214,269.43506409827194,1325,right,0.0016262604579888754,4120000,1567.798416226279
SAT-0-0,258.2861200000435,251.8083600699639,1325,SAT-19-0,-49.43499013896247,233.80836006996384,1325,left,0.0016303336654809265,4124000,1565.8429632707046
SAT-0-0,258.2861200000435,251.8083600699639,1325,SAT-1-0,-49.43499013896247,269.8083600699639,1325,right,0.0016303336654809265,4124000,1565.8429632707027
SAT-0-0,258.4113800000436,251.9953557218863,1325,SAT-19-0,-49.46517869397707,233.99535572188634,1325,left,0.0016323473694113944,4126000,1564.8789805035524
SAT-0-0,258.4113800000436,251.9953557218863,1325,SAT-1-0,-49.46517869397707,269.9953557218863,1325,right,0.0016323473695474223,4126000,1564.8789805035512
SAT-0-0,258.66190000004366,252.37003350467046,1325,SAT-19-0,-49.52464965806736,234.3700335046705,1325,left,0.001636328123261352,4130000,1562.97867944269
SAT-0-0,258.66190000004366,252.37003350467046,1325,SAT-1-0,-49.52464965806736,270.37003350467046,1325,right,0.001636328123397049,4130000,1562.9786794426882
SAT-0-0,258.78716000004374,252.5577120356253,1325,SAT-19-0,-49.55393069623065,234.55771203562523,1325,left,0.0016382948325701816,4132000,1562.0424311776924
SAT-0-0,258.78716000004374,252.5577120356253,1325,SAT-1-0,-49.55393069623065,270.5577120356253,1325,right,0.0016382948325701816,4132000,1562.0424311776908
SAT-0-0,259.03768000004385,252.93373923111665,1325,SAT-19-0,-49.61158049529057,234.93373923111665,1325,left,0.0016421800693581267,4136000,1560.1979122312534
SAT-0-0,259.03768000004385,252.93373923111665,1325,SAT-1-0,-49.61158049529057,270.93373923111665,1325,right,0.0016421800693581267,4136000,1560.1979122312518
SAT-0-0,259.1629400000439,253.1220841794201,1325,SAT-19-0,-49.63994791578715,235.12208417942014,1325,left,0.0016440982596794365,4138000,1559.2897099497422
SAT-0-0,259.1629400000439,253.1220841794201,1325,SAT-1-0,-49.63994791578715,271.1220841794201,1325,right,0.0016440982596794365,4138000,1559.2897099497407
SAT-0-0,259.413460000044,253.49942734242794,1325,SAT-19-0,-49.69576448704155,235.499427342428,1325,left,0.0016478849483224142,4142000,1557.5015886787012
SAT-0-0,259.413460000044,253.49942734242794,1325,SAT-1-0,-49.69576448704155,271.49942734242796,1325,right,0.0016478849482550414,4142000,1557.5015886786994
SAT-0-0,259.538720000044,253.68842172593529,1325,SAT-19-0,-49.7232123291496,235.68842172593529,1325,left,0.001649753113652772,4144000,1556.621736402707
SAT-0-0,259.538720000044,253.68842172593529,1325,SAT-1-0,-49.7232123291496,271.68842172593526,1325,right,0.0016497531133835865,4144000,1556.6217364027052
SAT-0-0,259.7892400000441,254.06704637672587,1325,SAT-19-0,-49.7771838955685,236.06704637672587,1325,left,0.0016534382608239186,4148000,1554.8906131908689
SAT-0-0,259.7892400000441,254.06704637672587,1325,SAT-1-0,-49.7771838955685,272.06704637672584,1325,right,0.0016534382606896258,4148000,1554.890613190867
SAT-0-0,259.91450000004414,254.25667269940888,1325,SAT-19-0,-49.80370634420696,236.25667269940888,1325,left,0.0016552549146072537,4150000,1554.0394072251268
SAT-0-0,259.91450000004414,254.25667269940888,1325,SAT-1-0,-49.80370634420696,272.2566726994089,1325,right,0.0016552549148084717,4150000,1554.0394072251256
SAT-0-0,260.16502000004425,254.63654333775554,1325,SAT-19-0,-49.85582142554809,236.6365433377555,1325,left,0.0016588355702821375,4154000,1552.3658667658449
SAT-0-0,260.16502000004425,254.63654333775554,1325,SAT-1-0,-49.85582142554809,272.63654333775554,1325,right,0.0016588355703490653,4154000,1552.3658667658428
SAT-0-0,260.2902800000443,254.8267835971773,1325,SAT-19-0,-49.88141281676959,236.8267835971773,1325,left,0.0016605992493964202,4156000,1551.5435954426155
SAT-0-0,260.2902800000443,254.8267835971773,1325,SAT-1-0,-49.88141281676959,272.82678359717727,1325,right,0.0016605992493964202,4156000,1551.5435954426134
SAT-0-0,260.5408000000444,255.20786371821234,1325,SAT-19-0,-49.931660240501294,237.20786371821228,1325,left,0.0016640725117974544,4160000,1549.9282062316338
SAT-0-0,260.5408000000444,255.20786371821234,1325,SAT-1-0,-49.931660240501294,273.2078637182123,1325,right,0.0016640725117974544,4160000,1549.9282062316327
SAT-0-0,260.6660600000444,255.39869941390452,1325,SAT-19-0,-49.95631506691968,237.39869941390452,1325,left,0.0016657817784592227,4162000,1549.1351496588325
SAT-0-0,260.6660600000444,255.39869941390452,1325,SAT-1-0,-49.95631506691968,273.3986994139045,1325,right,0.0016657817782592763,4162000,1549.1351496588309
SAT-0-0,260.9165800000445,255.7809515257811,1325,SAT-19-0,-50.0046839790022,237.7809515257811,1325,left,0.0016691447990951915,4166000,1547.5784634942454
SAT-0-0,260.9165800000445,255.7809515257811,1325,SAT-1-0,-50.0046839790022,273.7809515257811,1325,right,0.0016691447989621625,4166000,1547.5784634942445
SAT-0-0,261.0418400000446,255.972363668529,1325,SAT-19-0,-50.028396895143736,237.972363668529,1325,left,0.001670798243189588,4168000,1546.814893307382
SAT-0-0,261.0418400000446,255.972363668529,1325,SAT-1-0,-50.028396895143736,273.972363668529,1325,right,0.001670798243189588,4168000,1546.8148933073805
SAT-0-0,261.29236000004465,256.35574931189666,1325,SAT-19-0,-50.07487677064639,238.3557493118967,1325,left,0.0016740482329303272,4172000,1545.3174447977024
SAT-0-0,261.29236000004465,256.35574931189666,1325,SAT-1-0,-50.07487677064639,274.35574931189666,1325,right,0.0016740482329303272,4172000,1545.317444797701
SAT-0-0,261.41762000004474,256.54771843393024,1325,SAT-19-0,-50.097642598213255,238.5477184339302,1325,left,0.00167564447562566,4174000,1544.5836239161238
SAT-0-0,261.41762000004474,256.54771843393024,1325,SAT-1-0,-50.097642598213255,274.54771843393024,1325,right,0.00167564447562566,4174000,1544.5836239161224
SAT-0-0,261.6681400000448,256.93219820322327,1325,SAT-19-0,-50.142223251744944,238.93219820322332,1325,left,0.0016787787092260558,4178000,1543.145929997465
SAT-0-0,261.6681400000448,256.93219820322327,1325,SAT-1-0,-50.142223251744944,274.93219820322327,1325,right,0.0016787787089615246,4178000,1543.1459299974629
SAT-0-0,261.79340000004487,257.1247043693126,1325,SAT-19-0,-50.16403698477974,239.12470436931264,1325,left,0.0016803164047539548,4180000,1542.4421123854072
SAT-0-0,261.79340000004487,257.1247043693126,1325,SAT-1-0,-50.16403698477974,275.1247043693126,1325,right,0.0016803164048200272,4180000,1542.4421123854056
SAT-0-0,262.043920000045,257.5102379358417,1325,SAT-19-0,-50.206708580710306,239.51023793584164,1325,left,0.0016833322260533163,4184000,1541.0646718487849
SAT-0-0,262.043920000045,257.5102379358417,1325,SAT-1-0,-50.206708580710306,275.5102379358417,1325,right,0.0016833322259214084,4184000,1541.0646718487833
SAT-0-0,262.169180000045,257.7032607552921,1325,SAT-19-0,-50.22756539065041,239.7032607552921,1325,left,0.0016848100647259793,4186000,1540.3911022817351
SAT-0-0,262.169180000045,257.7032607552921,1325,SAT-1-0,-50.22756539065041,275.7032607552921,1325,right,0.0016848100647259793,4186000,1540.3911022817342
SAT-0-0,262.4197000000451,258.0898068921266,1325,SAT-19-0,-50.26831845310019,240.08980689212663,1325,left,0.0016877048923267142,4190000,1539.0743953114913
SAT-0-0,262.4197000000451,258.0898068921266,1325,SAT-1-0,-50.26831845310019,276.0898068921266,1325,right,0.0016877048923267142,4190000,1539.0743953114898
SAT-0-0,262.54496000004514,258.28332553166376,1325,SAT-19-0,-50.28821369371048,240.28332553166376,1325,left,0.0016891216032004191,4192000,1538.4313091483564
SAT-0-0,262.54496000004514,258.28332553166376,1325,SAT-1-0,-50.28821369371048,276.28332553166376,1325,right,0.0016891216032004191,4192000,1538.4313091483552
SAT-0-0,262.79548000004525,258.6708421402849,1325,SAT-19-0,-50.3270391162857,240.6708421402848,1325,left,0.0016918929353893241,4196000,1537.1757968726954
SAT-0-0,262.79548000004525,258.6708421402849,1325,SAT-1-0,-50.3270391162857,276.6708421402849,1325,right,0.0016918929355205646,4196000,1537.1757968726945
SAT-0-0,262.92074000004527,258.86483533781984,1325,SAT-19-0,-50.345968328458646,240.86483533781978,1325,left,0.0016932472883276122,4198000,1536.5634198342814
SAT-0-0,262.92074000004527,258.86483533781984,1325,SAT-1-0,-50.345968328458646,276.86483533781984,1325,right,0.0016932472884587475,4198000,1536.56341983428
SAT-0-0,263.1712600000454,259.2532794765183,1325,SAT-19-0,-50.3828573837102,241.25327947651832,1325,left,0.0016958927081224,4202000,1535.369543888917
SAT-0-0,263.1712600000454,259.2532794765183,1325,SAT-1-0,-50.3828573837102,277.2532794765183,1325,right,0.0016958927079914691,4202000,1535.3695438889154
SAT-0-0,263.2965200000454,259.44772555577686,1325,SAT-19-0,-50.400816300122244,241.44772555577688,1325,left,0.0016971835165849908,4204000,1534.7880918432031
SAT-0-0,263.2965200000454,259.44772555577686,1325,SAT-1-0,-50.400816300122244,277.44772555577686,1325,right,0.0016971835165849908,4204000,1534.7880918432018
SAT-0-0,263.5470400000455,259.8370534697637,1325,SAT-19-0,-50.43576064870608,241.8370534697637,1325,left,0.0016997006965938292,4208000,1533.656273949081
SAT-0-0,263.5470400000455,259.8370534697637,1325,SAT-1-0,-50.43576064870608,277.8370534697637,1325,right,0.0016997006965938292,4208000,1533.6562739490794
SAT-0-0,263.67230000004554,260.03193035576305,1325,SAT-19-0,-50.45274519831914,242.0319303557631,1325,left,0.0017009268201703296,4210000,1533.1059527037764
SAT-0-0,263.67230000004554,260.03193035576305,1325,SAT-1-0,-50.45274519831914,278.03193035576305,1325,right,0.0017009268200397862,4210000,1533.105952703776
SAT-0-0,263.92282000004565,260.4220975089546,1325,SAT-19-0,-50.485736897836446,242.4220975089546,1325,left,0.0017033135272856348,4214000,1532.0365942598426
SAT-0-0,263.92282000004565,260.4220975089546,1325,SAT-1-0,-50.485736897836446,278.4220975089546,1325,right,0.0017033135274159951,4214000,1532.0365942598412
SAT-0-0,264.04808000004573,260.6173827443072,1325,SAT-19-0,-50.50174321023425,242.61738274430715,1325,left,0.001704473874052252,4216000,1531.517599362703
SAT-0-0,264.04808000004573,260.6173827443072,1325,SAT-1-0,-50.50174321023425,278.6173827443072,1325,right,0.001704473874052252,4216000,1531.5175993627017
SAT-0-0,264.2986000000458,261.0083438527408,1325,SAT-19-0,-50.53277472373029,243.00834385274078,1325,left,0.0017067279745846522,4220000,1530.5110810546419
SAT-0-0,264.2986000000458,261.0083438527408,1325,SAT-1-0,-50.53277472373029,279.0083438527408,1325,right,0.0017067279744545528,4220000,1530.511081054641
SAT-0-0,264.42386000004586,261.20401461476047,1325,SAT-19-0,-50.54779913327868,243.2040146147605,1325,left,0.001707821503165037,4222000,1530.0235976019967
SAT-0-0,264.42386000004586,261.20401461476047,1325,SAT-1-0,-50.54779913327868,279.20401461476047,1325,right,0.001707821503165037,4222000,1530.0235976019958
SAT-0-0,264.67438000004597,261.5957236815895,1325,SAT-19-0,-50.57686333737966,243.59572368158953,1325,left,0.001709940966936836,4226000,1529.080279027875
SAT-0-0,264.67438000004597,261.5957236815895,1325,SAT-1-0,-50.57686333737966,279.5957236815895,1325,right,0.0017099409670666911,4226000,1529.0802790278733
SAT-0-0,264.799640000046,261.79175680017397,1325,SAT-19-0,-50.590902387200856,243.791756800174,1325,left,0.0017109666891237465,4228000,1528.6244814818317
SAT-0-0,264.799640000046,261.79175680017397,1325,SAT-1-0,-50.590902387200856,279.79175680017397,1325,right,0.0017109666891237465,4228000,1528.6244814818306
SAT-0-0,265.0501600000461,262.184167152187,1325,SAT-19-0,-50.61799257986889,244.18416715218703,1325,left,0.0017129495943022086,4232000,1527.7447007955077
SAT-0-0,265.0501600000461,262.184167152187,1325,SAT-1-0,-50.61799257986889,280.184167152187,1325,right,0.0017129495941725814,4232000,1527.7447007955066
SAT-0-0,265.17542000004613,262.38053912844737,1325,SAT-19-0,-50.63104302561991,244.38053912844737,1325,left,0.0017139065762337088,4234000,1527.320752810261
SAT-0-0,265.17542000004613,262.38053912844737,1325,SAT-1-0,-50.63104302561991,280.38053912844737,1325,right,0.0017139065762337088,4234000,1527.3207528102596
SAT-0-0,265.42594000004624,262.77360345404713,1325,SAT-19-0,-50.656152933506334,244.77360345404713,1325,left,0.0017157511127791876,4238000,1526.5048263834376
SAT-0-0,265.42594000004624,262.77360345404713,1325,SAT-1-0,-50.656152933506334,280.77360345404713,1325,right,0.0017157511127791876,4238000,1526.5048263834365
SAT-0-0,265.55120000004626,262.9702904796505,1325,SAT-19-0,-50.66821174695207,244.9702904796505,1325,left,0.001716638478898132,4240000,1526.1128806411011
SAT-0-0,265.55120000004626,262.9702904796505,1325,SAT-1-0,-50.66821174695207,280.9702904796505,1325,right,0.001716638478898132,4240000,1526.1128806410998
SAT-0-0,265.8017200000464,263.3639608682269,1325,SAT-19-0,-50.69133553233117,245.36396086822688,1325,left,0.0017183429527882256,4244000,1525.3611027448287
SAT-0-0,265.8017200000464,263.3639608682269,1325,SAT-1-0,-50.69133553233117,281.3639608682269,1325,right,0.0017183429527882256,4244000,1525.3611027448276
SAT-0-0,265.9269800000464,263.5609388454179,1325,SAT-19-0,-50.70239990470296,245.5609388454179,1325,left,0.0017191598858489346,4246000,1525.0013008011922
SAT-0-0,265.9269800000464,263.5609388454179,1325,SAT-1-0,-50.70239990470296,281.5609388454179,1325,right,0.001719159885784355,4246000,1525.001300801191
SAT-0-0,266.1775000000465,263.95516682803964,1325,SAT-19-0,-50.72353217196802,245.95516682803958,1325,left,0.0017207227234459367,4250000,1524.3139433076058
SAT-0-0,266.1775000000465,263.95516682803964,1325,SAT-1-0,-50.72353217196802,281.95516682803964,1325,right,0.0017207227235749782,4250000,1524.3139433076044
SAT-0-0,266.30276000004653,264.1524113903021,1325,SAT-19-0,-50.73359951709921,246.1524113903022,1325,left,0.0017214684669986204,4252000,1523.9864154481968
SAT-0-0,266.30276000004653,264.1524113903021,1325,SAT-1-0,-50.73359951709921,282.1524113903021,1325,right,0.001721468466805142,4252000,1523.9864154481957
SAT-0-0,266.55328000004664,264.54714798164844,1325,SAT-19-0,-50.75273531880426,246.54714798164846,1325,left,0.001722888217768526,4256000,1523.3637275532242
SAT-0-0,266.55328000004664,264.54714798164844,1325,SAT-1-0,-50.75273531880426,282.54714798164844,1325,right,0.001722888217768526,4256000,1523.3637275532233
SAT-0-0,266.6785400000467,264.74463451496626,1325,SAT-19-0,-50.76180327603477,246.74463451496626,1325,left,0.0017235620779507686,4258000,1523.0685926600365
SAT-0-0,266.6785400000467,264.74463451496626,1325,SAT-1-0,-50.76180327603477,282.74463451496626,1325,right,0.0017235620780795976,4258000,1523.0685926600354
SAT-0-0,266.9290600000468,265.1398302564153,1325,SAT-19-0,-50.77893811846654,247.13983025641528,1325,left,0.001724837418460481,4262000,1522.5108006277749
SAT-0-0,266.9290600000468,265.1398302564153,1325,SAT-1-0,-50.77893811846654,283.1398302564153,1325,right,0.0017248374185892146,4262000,1522.5108006277733
SAT-0-0,267.05432000004686,265.3375339210897,1325,SAT-19-0,-50.78700455530854,247.33753392108972,1325,left,0.001725438765945295,4264000,1522.2481660569836
SAT-0-0,267.05432000004686,265.3375339210897,1325,SAT-1-0,-50.78700455530854,283.3375339210897,1325,right,0.001725438765945295,4264000,1522.2481660569822
SAT-0-0,267.3048400000469,265.7331389248738,1325,SAT-19-0,-50.80213440357374,247.7331389248738,1325,left,0.0017265685019913558,4268000,1521.7554729863816
SAT-0-0,267.3048400000469,265.7331389248738,1325,SAT-1-0,-50.80213440357374,283.7331389248738,1325,right,0.0017265685018627512,4268000,1521.75547298638
SAT-0-0,267.430100000047,265.9310346778511,1325,SAT-19-0,-50.80919741813181,247.93103467785107,1325,left,0.0017270967723632478,4270000,1521.525434457375
SAT-0-0,267.430100000047,265.9310346778511,1325,SAT-1-0,-50.80919741813181,283.9310346778511,1325,right,0.0017270967723632478,4270000,1521.5254344573736
SAT-0-0,267.6806200000471,266.3269986721865,1325,SAT-19-0,-50.82231870074663,248.32699867218653,1325,left,0.0017280798419578166,4274000,1521.0980200718168
SAT-0-0,267.6806200000471,266.3269986721865,1325,SAT-1-0,-50.82231870074663,284.3269986721865,1325,right,0.0017280798419578166,4274000,1521.098020071815
SAT-0-0,267.8058800000471,266.5250612898492,1325,SAT-19-0,-50.82837662388573,248.52506128984913,1325,left,0.001728534538257363,4276000,1520.9006615678104
SAT-0-0,267.8058800000471,266.5250612898492,1325,SAT-1-0,-50.82837662388573,284.5250612898492,1325,right,0.001728534538257363,4276000,1520.9006615678088
SAT-0-0,268.05640000004723,266.92133366494227,1325,SAT-19-0,-50.83948623685516,248.92133366494227,1325,left,0.0017293700147699555,4280000,1520.5386820281333
SAT-0-0,268.05640000004723,266.92133366494227,1325,SAT-1-0,-50.83948623685516,284.92133366494227,1325,right,0.0017293700147699555,4280000,1520.538682028132
SAT-0-0,268.18166000004726,267.1195377663129,1325,SAT-19-0,-50.84453763411078,249.11953776631293,1325,left,0.001729750707323043,4282000,1520.3740757086298
SAT-0-0,268.18166000004726,267.1195377663129,1325,SAT-1-0,-50.84453763411078,285.1195377663129,1325,right,0.001729750707323043,4282000,1520.3740757086287
SAT-0-0,268.43218000004737,267.5160676211416,1325,SAT-19-0,-50.853632944486996,249.51606762114156,1325,left,0.0017304378008023362,4286000,1520.0776634500683
SAT-0-0,268.43218000004737,267.5160676211416,1325,SAT-1-0,-50.853632944486996,285.5160676211416,1325,right,0.0017304378009306532,4286000,1520.0776634500673
SAT-0-0,268.5574400000474,267.7143876914491,1325,SAT-19-0,-50.857676617712315,249.71438769144908,1325,left,0.0017307441294843473,4288000,1519.945869575383
SAT-0-0,268.5574400000474,267.7143876914491,1325,SAT-1-0,-50.857676617712315,285.7143876914491,1325,right,0.001730744129356053,4288000,1519.9458695753815
SAT-0-0,268.8079600000475,268.11112388121654,1325,SAT-19-0,-50.8647554666225,250.11112388121654,1325,left,0.0017312821886133712,4292000,1519.7151331688456
SAT-0-0,268.8079600000475,268.11112388121654,1325,SAT-1-0,-50.8647554666225,286.11112388121654,1325,right,0.0017312821888698802,4292000,1519.7151331688447
SAT-0-0,268.9332200000475,268.3095342957713,1325,SAT-19-0,-50.86779045536816,250.30953429577133,1325,left,0.0017315138627983576,4294000,1519.6162000368993
SAT-0-0,268.9332200000475,268.3095342957713,1325,SAT-1-0,-50.86779045536816,286.3095342957713,1325,right,0.0017315138627983576,4294000,1519.6162000368984
SAT-0-0,269.18374000004764,268.70642547992253,1325,SAT-19-0,-50.87285116050368,250.7064254799225,1325,left,0.0017319023769769258,4298000,1519.4512240749443
SAT-0-0,269.18374000004764,268.70642547992253,1325,SAT-1-0,-50.87285116050368,286.70642547992253,1325,right,0.0017319023769769258,4298000,1519.451224074943
SAT-0-0,269.30900000004766,268.9049005282458,1325,SAT-19-0,-50.874876743126435,250.90490052824575,1325,left,0.0017320591761959415,4300000,1519.3851879704814
SAT-0-0,269.30900000004766,268.9049005282458,1325,SAT-1-0,-50.874876743126435,286.9049005282458,1325,right,0.00173205917626004,4300000,1519.38518797048
SAT-0-0,269.55952000004777,269.3018952189391,1325,SAT-19-0,-50.87791810068659,251.30189521893914,1325,left,0.0017322977760912052,4304000,1519.2860329782936
SAT-0-0,269.55952000004777,269.3018952189391,1325,SAT-1-0,-50.87791810068659,287.3018952189391,1325,right,0.0017322977760912052,4304000,1519.2860329782923
SAT-0-0,269.68478000004785,269.50040912909253,1325,SAT-19-0,-50.87893379518379,251.50040912909256,1325,left,0.0017323795512725372,4306000,1519.2529181346638
SAT-0-0,269.68478000004785,269.50040912909253,1325,SAT-1-0,-50.87893379518379,287.50040912909253,1325,right,0.0017323795514007103,4306000,1519.2529181346629
SAT-0-0,269.9353000000479,269.89745574001347,1325,SAT-19-0,-50.87995508126885,251.89745574001344,1325,left,0.0017324680096405885,4310000,1519.2196205062553
SAT-0-0,269.9353000000479,269.89745574001347,1325,SAT-1-0,-50.87995508126885,287.89745574001347,1325,right,0.0017324680096405885,4310000,1519.2196205062544
SAT-0-0,270.060560000048,270.09598270307134,1325,SAT-19-0,-50.87996064583659,252.09598270307126,1325,left,0.0017324746830758055,4312000,1519.2194390798538
SAT-0-0,270.060560000048,270.09598270307134,1325,SAT-1-0,-50.87996064583659,288.09598270307134,1325,right,0.0017324746830758055,4312000,1519.2194390798525
SAT-0-0,270.3110800000481,270.49302959847574,1325,SAT-19-0,-50.87896161728638,252.49302959847572,1325,left,0.0017324129156015859,4316000,1519.252011039663
SAT-0-0,270.3110800000481,270.49302959847574,1325,SAT-1-0,-50.87896161728638,288.49302959847574,1325,right,0.0017324129156015859,4316000,1519.2520110396622
SAT-0-0,270.4363400000481,270.69154379308276,1325,SAT-19-0,-50.87795705059972,252.6915437930828,1325,left,0.0017323444810503153,4318000,1519.2847630970996
SAT-0-0,270.4363400000481,270.69154379308276,1325,SAT-1-0,-50.87795705059972,288.69154379308276,1325,right,0.0017323444809221394,4318000,1519.2847630970982
SAT-0-0,270.6868600000482,271.0885393369558,1325,SAT-19-0,-50.87493794527546,253.08853933695582,1325,left,0.001732132546439708,4322000,1519.3831926870855
SAT-0-0,270.6868600000482,271.0885393369558,1325,SAT-1-0,-50.87493794527546,289.0885393369558,1325,right,0.001732132546439708,4322000,1519.3831926870841
SAT-0-0,270.81212000004825,271.2870149539152,1325,SAT-19-0,-50.872923486489945,253.28701495391525,1325,left,0.001731989068796829,4324000,1519.4488662051112
SAT-0-0,270.81212000004825,271.2870149539152,1325,SAT-1-0,-50.872923486489945,289.2870149539152,1325,right,0.0017319890689250312,4324000,1519.4488662051094
SAT-0-0,271.06264000004836,271.68390755913055,1325,SAT-19-0,-50.86788502299858,253.68390755913052,1325,left,0.0017316271689553602,4328000,1519.613117297377
SAT-0-0,271.06264000004836,271.68390755913055,1325,SAT-1-0,-50.86788502299858,289.68390755913055,1325,right,0.0017316271689553602,4328000,1519.6131172973753
SAT-0-0,271.1879000000484,271.8823188259629,1325,SAT-19-0,-50.86486115147308,253.88231882596293,1325,left,0.0017314087849547896,4330000,1519.7116881755796
SAT-0-0,271.1879000000484,271.8823188259629,1325,SAT-1-0,-50.86486115147308,289.8823188259629,1325,right,0.0017314087850830346,4330000,1519.7116881755778
SAT-0-0,271.4384200000485,272.2790570033272,1325,SAT-19-0,-50.85780452833479,254.27905700332718,1325,left,0.0017308972640987402,4334000,1519.9417005104951
SAT-0-0,271.4384200000485,272.2790570033272,1325,SAT-1-0,-50.85780452833479,290.2790570033272,1325,right,0.0017308972640987402,4334000,1519.9417005104938
SAT-0-0,271.5636800000485,272.4773782087441,1325,SAT-19-0,-50.85377196307645,254.47737820874414,1325,left,0.0017306041811688735,4336000,1520.0731325967163
SAT-0-0,271.5636800000485,272.4773782087441,1325,SAT-1-0,-50.85377196307645,290.4773782087441,1325,right,0.001730604181104721,4336000,1520.0731325967147
SAT-0-0,271.81420000004863,272.873910615815,1325,SAT-19-0,-50.844698857337676,254.87391061581505,1325,left,0.0017299435252118038,4340000,1520.3688218464351
SAT-0-0,271.81420000004863,272.873910615815,1325,SAT-1-0,-50.844698857337676,290.873910615815,1325,right,0.0017299435249550962,4340000,1520.3688218464335
SAT-0-0,271.93946000004865,273.0721161340496,1325,SAT-19-0,-50.83965855617047,255.07211613404962,1325,left,0.001729576021300793,4342000,1520.533066974851
SAT-0-0,271.93946000004865,273.0721161340496,1325,SAT-1-0,-50.83965855617047,291.0721161340496,1325,right,0.0017295760214933644,4342000,1520.5330669748496
SAT-0-0,272.18998000004876,273.468391623611,1325,SAT-19-0,-50.828571121466226,255.468391623611,1325,left,0.0017287668564211652,4346000,1520.8943248320625
SAT-0-0,272.18998000004876,273.468391623611,1325,SAT-1-0,-50.828571121466226,291.468391623611,1325,right,0.0017287668564211652,4346000,1520.8943248320609
SAT-0-0,272.31524000004885,273.6664559385507,1325,SAT-19-0,-50.822524279925254,255.6664559385507,1325,left,0.0017283252801503428,4348000,1521.091322873826
SAT-0-0,272.31524000004885,273.6664559385507,1325,SAT-1-0,-50.822524279925254,291.6664559385507,1325,right,0.001728325280086106,4348000,1521.0913228738239
SAT-0-0,272.5657600000489,274.0624236066354,1325,SAT-19-0,-50.80942514399599,256.0624236066354,1325,left,0.0017273683714321226,4352000,1521.5180171655002
SAT-0-0,272.5657600000489,274.0624236066354,1325,SAT-1-0,-50.80942514399599,292.0624236066354,1325,right,0.0017273683715606678,4352000,1521.5180171654986
SAT-0-0,272.691020000049,274.26032133569976,1325,SAT-19-0,-50.8023731939507,256.2603213356997,1325,left,0.0017268531395557168,4354000,1521.7476960918152
SAT-0-0,272.691020000049,274.26032133569976,1325,SAT-1-0,-50.8023731939507,292.26032133569976,1325,right,0.0017268531396843003,4354000,1521.747696091814
SAT-0-0,272.94154000004903,274.65593056904925,1325,SAT-19-0,-50.78726545562025,256.6559305690493,1325,left,0.0017257493901449159,4358000,1522.2396709176555
SAT-0-0,272.94154000004903,274.65593056904925,1325,SAT-1-0,-50.78726545562025,292.65593056904925,1325,right,0.0017257493901449159,4358000,1522.2396709176544
SAT-0-0,273.0668000000491,274.8536364867601,1325,SAT-19-0,-50.77921006363025,256.85363648676,1325,left,0.0017251609879611746,4360000,1522.5019468751145
SAT-0-0,273.0668000000491,274.8536364867601,1325,SAT-1-0,-50.77921006363025,292.8536364867601,1325,right,0.001725160987832465,4360000,1522.5019468751136
SAT-0-0,273.3173200000492,275.2488370096145,1325,SAT-19-0,-50.76209728925333,257.2488370096144,1325,left,0.0017239114357738355,4364000,1523.0590227703544
SAT-0-0,273.3173200000492,275.2488370096145,1325,SAT-1-0,-50.76209728925333,293.2488370096145,1325,right,0.0017239114356450327,4364000,1523.0590227703528
SAT-0-0,273.44258000004925,275.44632607080376,1325,SAT-19-0,-50.753040354661046,257.4463260708038,1325,left,0.0017232504155390961,4366000,1523.3538001683467
SAT-0-0,273.44258000004925,275.44632607080376,1325,SAT-1-0,-50.753040354661046,293.44632607080376,1325,right,0.0017232504155390961,4366000,1523.3538001683455
SAT-0-0,273.69310000004936,275.84106799091734,1325,SAT-19-0,-50.733926574049605,257.84106799091734,1325,left,0.0017218562309757827,4370000,1523.9757742904637
SAT-0-0,273.69310000004936,275.84106799091734,1325,SAT-1-0,-50.733926574049605,293.84106799091734,1325,right,0.0017218562309757827,4370000,1523.9757742904621
SAT-0-0,273.8183600000494,276.03831535352333,1325,SAT-19-0,-50.723870226815116,258.0383153535234,1325,left,0.0017211232110135252,4372000,1524.302945900433
SAT-0-0,273.8183600000494,276.03831535352333,1325,SAT-1-0,-50.723870226815116,294.03831535352333,1325,right,0.0017211232110135252,4372000,1524.3029459004317
SAT-0-0,274.0688800000495,276.4325492073038,1325,SAT-19-0,-50.70275992865441,258.4325492073038,1325,left,0.0017195856952248623,4376000,1524.9895922393125
SAT-0-0,274.0688800000495,276.4325492073038,1325,SAT-1-0,-50.70275992865441,294.4325492073038,1325,right,0.0017195856953539893,4376000,1524.9895922393116
SAT-0-0,274.1941400000495,276.62953025470426,1325,SAT-19-0,-50.6917065269381,258.62953025470426,1325,left,0.0017187813580503363,4378000,1525.3490393056038
SAT-0-0,274.1941400000495,276.62953025470426,1325,SAT-1-0,-50.6917065269381,294.62953025470426,1325,right,0.0017187813581795235,4378000,1525.3490393056024
SAT-0-0,274.4446600000496,277.0232070513797,1325,SAT-19-0,-50.668604653704726,259.0232070513797,1325,left,0.001717101939096372,4382000,1526.1001089166073
SAT-0-0,274.4446600000496,277.0232070513797,1325,SAT-1-0,-50.668604653704726,295.0232070513797,1325,right,0.001717101939096372,4382000,1526.1001089166057
SAT-0-0,274.56992000004965,277.21989741421476,1325,SAT-19-0,-50.656556781204195,259.2198974142147,1325,left,0.0017162270299000855,4384000,1526.491701278618
SAT-0-0,274.56992000004965,277.21989741421476,1325,SAT-1-0,-50.656556781204195,295.21989741421476,1325,right,0.0017162270299000855,4384000,1526.4917012786168
SAT-0-0,274.82044000004976,277.61296867893407,1325,SAT-19-0,-50.631468723599546,259.61296867893407,1325,left,0.0017144072600094218,4388000,1527.3069225379647
SAT-0-0,274.82044000004976,277.61296867893407,1325,SAT-1-0,-50.631468723599546,295.61296867893407,1325,right,0.001714407259879905,4388000,1527.3069225379634
SAT-0-0,274.9457000000498,277.8093442563737,1325,SAT-19-0,-50.61842918664771,259.8093442563737,1325,left,0.0017134625852369887,4390000,1527.7305187633067
SAT-0-0,274.9457000000498,277.8093442563737,1325,SAT-1-0,-50.61842918664771,295.8093442563737,1325,right,0.001713462584977812,4390000,1527.7305187633049
SAT-0-0,275.1962200000499,278.2017620721517,1325,SAT-19-0,-50.5913607775612,260.2017620721518,1325,left,0.0017115041367627701,4394000,1528.6095976451304
SAT-0-0,275.1962200000499,278.2017620721517,1325,SAT-1-0,-50.5913607775612,296.2017620721517,1325,right,0.0017115041368925069,4394000,1528.6095976451286
SAT-0-0,275.32148000005,278.39779905256427,1325,SAT-19-0,-50.577332601993184,260.3977990525643,1325,left,0.0017104905624601495,4396000,1529.0650451734466
SAT-0-0,275.32148000005,278.39779905256427,1325,SAT-1-0,-50.577332601993184,296.39779905256427,1325,right,0.0017104905622005225,4396000,1529.0650451734452
SAT-0-0,275.57200000005,278.7895161009874,1325,SAT-19-0,-50.54829011001114,260.7895161009874,1325,left,0.0017083952254281767,4400000,1530.0076655478317
SAT-0-0,275.57200000005,278.7895161009874,1325,SAT-1-0,-50.54829011001114,296.7895161009874,1325,right,0.0017083952254281767,4400000,1530.0076655478301
SAT-0-0,275.6972600000501,278.98519098196806,1325,SAT-19-0,-50.533276537808106,260.98519098196806,1325,left,0.001707313674173086,4402000,1530.4948008449317
SAT-0-0,275.6972600000501,278.98519098196806,1325,SAT-1-0,-50.533276537808106,296.98519098196806,1325,right,0.0017073136744331962,4402000,1530.4948008449305
SAT-0-0,275.9477800000502,279.37616058258203,1325,SAT-19-0,-50.502266660284874,261.376160582582,1325,left,0.0017050833511270895,4406000,1531.5006247961878
SAT-0-0,275.9477800000502,279.37616058258203,1325,SAT-1-0,-50.502266660284874,297.37616058258203,1325,right,0.0017050833511270895,4406000,1531.5006247961874
SAT-0-0,276.07304000005024,279.57145019030355,1325,SAT-19-0,-50.486271146003304,261.5714501903035,1325,left,0.00170393480247172,4408000,1532.0192735181074
SAT-0-0,276.07304000005024,279.57145019030355,1325,SAT-1-0,-50.486271146003304,297.57145019030355,1325,right,0.00170393480247172,4408000,1532.0192735181063
SAT-0-0,276.32356000005035,279.96162633860854,1325,SAT-19-0,-50.45330100171227,261.96162633860854,1325,left,0.0017015715041584843,4412000,1533.0879416825123
SAT-0-0,276.32356000005035,279.96162633860854,1325,SAT-1-0,-50.45330100171227,297.96162633860854,1325,right,0.0017015715042889782,4412000,1533.0879416825112
SAT-0-0,276.4488200000504,280.1565078464584,1325,SAT-19-0,-50.43632720870775,262.1565078464584,1325,left,0.00170035698993622,4414000,1533.6379188490998
SAT-0-0,276.4488200000504,280.1565078464584,1325,SAT-1-0,-50.43632720870775,298.1565078464584,1325,right,0.00170035698993622,4414000,1533.6379188490982
SAT-0-0,276.6993400000505,280.5458452504445,1325,SAT-19-0,-50.40140433009082,262.5458452504445,1325,left,0.0016978628324057228,4418000,1534.7690507712848
SAT-0-0,276.6993400000505,280.5458452504445,1325,SAT-1-0,-50.40140433009082,298.5458452504445,1325,right,0.001697862832274944,4418000,1534.7690507712834
SAT-0-0,276.8246000000505,280.74029619691566,1325,SAT-19-0,-50.38345612654588,262.7402961969157,1325,left,0.0016965834355957715,4420000,1535.3501609489022
SAT-0-0,276.8246000000505,280.74029619691566,1325,SAT-1-0,-50.38345612654588,298.74029619691566,1325,right,0.0016965834354648937,4420000,1535.3501609489006
SAT-0-0,277.0751200000506,281.12875031207466,1325,SAT-19-0,-50.346588451580736,263.12875031207466,1325,left,0.0016939606343338671,4424000,1536.5433554560202
SAT-0-0,277.0751200000506,281.12875031207466,1325,SAT-1-0,-50.346588451580736,299.12875031207466,1325,right,0.0016939606342027869,4424000,1536.5433554560186
SAT-0-0,277.20038000005064,281.32274861788136,1325,SAT-19-0,-50.32766990634646,263.3227486178814,1325,left,0.0016926174870607056,4426000,1537.1553929489194
SAT-0-0,277.20038000005064,281.32274861788136,1325,SAT-1-0,-50.32766990634646,299.32274861788136,1325,right,0.0016926174870607056,4426000,1537.1553929489173
SAT-0-0,277.45090000005075,281.71027568064045,1325,SAT-19-0,-50.28886577005153,263.71027568064045,1325,left,0.0016898683529529255,4430000,1538.4102285417234
SAT-0-0,277.45090000005075,281.71027568064045,1325,SAT-1-0,-50.28886577005153,299.71027568064045,1325,right,0.0016898683530843232,4430000,1538.410228541722
SAT-0-0,277.5761600000508,281.9037996650299,1325,SAT-19-0,-50.26898114831323,263.9037996650299,1325,left,0.001688462633667348,4432000,1539.052977591643
SAT-0-0,277.5761600000508,281.9037996650299,1325,SAT-1-0,-50.26898114831323,299.9037996650299,1325,right,0.001688462633667348,4432000,1539.0529775916416
SAT-0-0,277.8266800000509,282.29035672455507,1325,SAT-19-0,-50.22824927391116,264.29035672455507,1325,left,0.0016855895687611425,4436000,1540.3690128515486
SAT-0-0,277.8266800000509,282.29035672455507,1325,SAT-1-0,-50.22824927391116,300.29035672455507,1325,right,0.0016855895688270082,4436000,1540.3690128515468
SAT-0-0,277.95194000005097,282.4833851207938,1325,SAT-19-0,-50.20740303268855,264.48338512079386,1325,left,0.0016841224998996212,4438000,1541.042247845076
SAT-0-0,277.95194000005097,282.4833851207938,1325,SAT-1-0,-50.20740303268855,300.4833851207938,1325,right,0.0016841224997677753,4438000,1541.042247845075
SAT-0-0,278.202460000051,282.86893006911873,1325,SAT-19-0,-50.16475252244928,264.86893006911873,1325,left,0.0016811279907662626,4442000,1542.4190218562771
SAT-0-0,278.202460000051,282.86893006911873,1325,SAT-1-0,-50.16475252244928,300.86893006911873,1325,right,0.0016811279907662626,4442000,1542.419021856276
SAT-0-0,278.3277200000511,283.06144203913175,1325,SAT-19-0,-50.142949305941784,265.06144203913175,1325,left,0.0016796008362239172,4444000,1543.1225075394934
SAT-0-0,278.3277200000511,283.06144203913175,1325,SAT-1-0,-50.142949305941784,301.06144203913175,1325,right,0.0016796008360917163,4444000,1543.1225075394918
SAT-0-0,278.57824000005115,283.4459336395751,1325,SAT-19-0,-50.09838963172681,265.4459336395752,1325,left,0.0016764874504214043,4448000,1544.5595403251657
SAT-0-0,278.57824000005115,283.4459336395751,1325,SAT-1-0,-50.09838963172681,301.4459336395751,1325,right,0.0016764874505538507,4448000,1544.5595403251646
SAT-0-0,278.70350000005124,283.63790878771994,1325,SAT-19-0,-50.07563426651499,265.63790878771994,1325,left,0.001674901513558192,4450000,1545.2930320250985
SAT-0-0,278.70350000005124,283.63790878771994,1325,SAT-1-0,-50.07563426651499,301.63790878771994,1325,right,0.001674901513558192,4450000,1545.293032025097
SAT-0-0,278.95402000005134,284.02130670155736,1325,SAT-19-0,-50.029175260045086,266.02130670155736,1325,left,0.001671671894519038,4454000,1546.789824996724
SAT-0-0,278.95402000005134,284.02130670155736,1325,SAT-1-0,-50.029175260045086,302.02130670155736,1325,right,0.001671671894519038,4454000,1546.7898249967222
SAT-0-0,279.07928000005137,284.21272508751935,1325,SAT-19-0,-50.00547275015925,266.21272508751935,1325,left,0.0016700285143720435,4456000,1547.5530688491074
SAT-0-0,279.07928000005137,284.21272508751935,1325,SAT-1-0,-50.00547275015925,302.21272508751935,1325,right,0.0016700285143720435,4456000,1547.5530688491058
SAT-0-0,279.3298000000515,284.594989898886,1325,SAT-19-0,-49.957124593027444,266.59498989888596,1325,left,0.0016666853754657407,4460000,1549.109105267922
SAT-0-0,279.3298000000515,284.594989898886,1325,SAT-1-0,-49.957124593027444,302.594989898886,1325,right,0.0016666853753325155,4460000,1549.1091052679212
SAT-0-0,279.4550600000515,284.78583204968265,1325,SAT-19-0,-49.932480114894695,266.78583204968265,1325,left,0.0016649859254586699,4462000,1549.9018384507758
SAT-0-0,279.4550600000515,284.78583204968265,1325,SAT-1-0,-49.932480114894695,302.78583204968265,1325,right,0.0016649859254586699,4462000,1549.9018384507744
SAT-0-0,279.7055800000516,285.16692528868435,1325,SAT-19-0,-49.88225332834739,267.1669252886843,1325,left,0.0016615320448026003,4466000,1551.5165839003535
SAT-0-0,279.7055800000516,285.16692528868435,1325,SAT-1-0,-49.88225332834739,303.16692528868435,1325,right,0.001661532044735781,4466000,1551.5165839003523
SAT-0-0,279.83084000005164,285.35717220977153,1325,SAT-19-0,-49.85667222562817,267.35717220977153,1325,left,0.0016597779295772896,4468000,1552.3385348728743
SAT-0-0,279.83084000005164,285.35717220977153,1325,SAT-1-0,-49.85667222562817,303.35717220977153,1325,right,0.0016597779293766198,4468000,1552.3385348728727
SAT-0-0,280.08136000005175,285.7370563737929,1325,SAT-19-0,-49.80457766013682,267.73705637379294,1325,left,0.0016562161453889193,4472000,1554.0114377418365
SAT-0-0,280.08136000005175,285.7370563737929,1325,SAT-1-0,-49.80457766013682,303.7370563737929,1325,right,0.0016562161453889193,4472000,1554.011437741835
SAT-0-0,280.20662000005177,285.9266895592657,1325,SAT-19-0,-49.77806543846248,267.9266895592657,1325,left,0.0016544087979962427,4474000,1554.862326488106
SAT-0-0,280.20662000005177,285.9266895592657,1325,SAT-1-0,-49.77806543846248,303.9266895592657,1325,right,0.0016544087979291357,4474000,1554.8623264881044
SAT-0-0,280.4571400000519,286.3053281324657,1325,SAT-19-0,-49.72411426310835,268.3053281324658,1325,left,0.001650742003271938,4478000,1556.5928184619574
SAT-0-0,280.4571400000519,286.3053281324657,1325,SAT-1-0,-49.72411426310835,304.3053281324657,1325,right,0.001650742003137426,4478000,1556.592818461956
SAT-0-0,280.5824000000519,286.49432957435283,1325,SAT-19-0,-49.69667658473085,268.49432957435283,1325,left,0.0016488828827199613,4480000,1557.4723567389578
SAT-0-0,280.5824000000519,286.49432957435283,1325,SAT-1-0,-49.69667658473085,304.49432957435283,1325,right,0.0016488828825852975,4480000,1557.472356738957
SAT-0-0,280.832920000052,286.8716870453472,1325,SAT-19-0,-49.6408802764254,268.8716870453472,1325,left,0.0016451140188058254,4484000,1559.259853300045
SAT-0-0,280.832920000052,286.8716870453472,1325,SAT-1-0,-49.6408802764254,304.8716870453472,1325,right,0.0016451140188058254,4484000,1559.2598533000428
SAT-0-0,280.9581800000521,287.06003924199894,1325,SAT-19-0,-49.612522954790585,269.06003924199894,1325,left,0.001643204607355432,4486000,1560.1677448894911
SAT-0-0,280.9581800000521,287.06003924199894,1325,SAT-1-0,-49.612522954790585,305.06003924199894,1325,right,0.001643204607355432,4486000,1560.1677448894898
SAT-0-0,281.20870000005215,287.43608111973106,1325,SAT-19-0,-49.55489328735399,269.436081119731,1325,left,0.0016393366608376825,4490000,1562.011645824085
SAT-0-0,281.20870000005215,287.43608111973106,1325,SAT-1-0,-49.55489328735399,305.43608111973106,1325,right,0.0016393366608376825,4490000,1562.0116458240836
SAT-0-0,281.33396000005223,287.6237670833039,1325,SAT-19-0,-49.52562228160923,269.62376708330396,1325,left,0.0016373784615788445,4492000,1562.9475867875672
SAT-0-0,281.33396000005223,287.6237670833039,1325,SAT-1-0,-49.52562228160923,305.6237670833039,1325,right,0.0016373784617144545,4492000,1562.9475867875651
SAT-0-0,281.5844800000523,287.99845991111516,1325,SAT-19-0,-49.466171314729166,269.99845991111516,1325,left,0.0016334144566732996,4496000,1564.8472766990858
SAT-0-0,281.5844800000523,287.99845991111516,1325,SAT-1-0,-49.466171314729166,305.99845991111516,1325,right,0.0016334144566732996,4496000,1564.8472766990844
SAT-0-0,281.70974000005236,288.1854631741586,1325,SAT-19-0,-49.435992724176835,270.18546317415866,1325,left,0.0016314089907634864,4498000,1565.8109556360378
SAT-0-0,281.70974000005236,288.1854631741586,1325,SAT-1-0,-49.435992724176835,306.1854631741586,1325,right,0.0016314089907634864,4498000,1565.8109556360355
SAT-0-0,281.9602600000525,288.5587745420711,1325,SAT-19-0,-49.3747327922692,270.5587745420711,1325,left,0.0016273519858134421,4502000,1567.765804463427
SAT-0-0,281.9602600000525,288.5587745420711,1325,SAT-1-0,-49.3747327922692,306.5587745420711,1325,right,0.0016273519858134421,4502000,1567.7658044634254
SAT-0-0,282.0855200000525,288.7450791632256,1325,SAT-19-0,-49.34365285077653,270.74507916322557,1325,left,0.0016253007897098085,4504000,1568.7569027714317
SAT-0-0,282.0855200000525,288.7450791632256,1325,SAT-1-0,-49.34365285077653,306.7450791632256,1325,right,0.0016253007896414996,4504000,1568.7569027714303
SAT-0-0,282.3360400000526,289.11697771845644,1325,SAT-19-0,-49.28059655177008,271.11697771845644,1325,left,0.00162115387151069,4508000,1570.7662663117446
SAT-0-0,282.3360400000526,289.11697771845644,1325,SAT-1-0,-49.28059655177008,307.11697771845644,1325,right,0.001621153871647657,4508000,1570.766266311743
SAT-0-0,282.46130000005263,289.3025682872728,1325,SAT-19-0,-49.24862162214616,271.3025682872728,1325,left,0.0016190584948723476,4510000,1571.784458448703
SAT-0-0,282.46130000005263,289.3025682872728,1325,SAT-1-0,-49.24862162214616,307.3025682872728,1325,right,0.0016190584948037753,4510000,1571.7844584487013
SAT-0-0,282.71182000005274,289.6730237430043,1325,SAT-19-0,-49.1837818062119,271.67302374300436,1325,left,0.001614824773233147,4514000,1573.8476788829264
SAT-0-0,282.71182000005274,289.6730237430043,1325,SAT-1-0,-49.1837818062119,307.6730237430043,1325,right,0.001614824773439403,4514000,1573.8476788829241
SAT-0-0,282.83708000005277,289.85788538389767,1325,SAT-19-0,-49.15091837456232,271.85788538389767,1325,left,0.0016126867762649793,4516000,1574.8926326306182
SAT-0-0,282.83708000005277,289.85788538389767,1325,SAT-1-0,-49.15091837456232,307.85788538389767,1325,right,0.0016126867761272932,4516000,1574.8926326306162
SAT-0-0,283.0876000000529,290.22686852633205,1325,SAT-19-0,-49.08430813280833,272.22686852633205,1325,left,0.0016083693801793798,4520000,1577.009039051835
SAT-0-0,283.0876000000529,290.22686852633205,1325,SAT-1-0,-49.08430813280833,308.22686852633205,1325,right,0.0016083693799032683,4520000,1577.0090390518335
SAT-0-0,283.2128600000529,290.41098690168604,1325,SAT-19-0,-49.05056280287771,272.4109869016861,1325,left,0.0016061903303310322,4522000,1578.0804157804132
SAT-0-0,283.2128600000529,290.41098690168604,1325,SAT-1-0,-49.05056280287771,308.41098690168604,1325,right,0.0016061903304001538,4522000,1578.0804157804116
SAT-0-0,283.463380000053,290.7784695954165,1325,SAT-19-0,-48.982195456029736,272.7784695954165,1325,left,0.0016017924019075787,4526000,1580.2493247233822
SAT-0-0,283.463380000053,290.7784695954165,1325,SAT-1-0,-48.982195456029736,308.7784695954165,1325,right,0.001601792401768956,4526000,1580.2493247233815
SAT-0-0,283.5886400000531,290.9618309078542,1325,SAT-19-0,-48.9475749435419,272.9618309078542,1325,left,0.0015995738732339252,4528000,1581.3467796563625
SAT-0-0,283.5886400000531,290.9618309078542,1325,SAT-1-0,-48.9475749435419,308.9618309078542,1325,right,0.0015995738731645179,4528000,1581.3467796563616
SAT-0-0,283.83916000005314,291.32778609958933,1325,SAT-19-0,-48.87746403062908,273.32778609958933,1325,left,0.0015950985632190967,4532000,1583.5674956276462
SAT-0-0,283.83916000005314,291.32778609958933,1325,SAT-1-0,-48.87746403062908,309.32778609958933,1325,right,0.0015950985632190967,4532000,1583.5674956276455
SAT-0-0,283.9644200000532,291.51037709343126,1325,SAT-19-0,-48.84197515763476,273.51037709343126,1325,left,0.0015928421325451451,4534000,1584.6906781069513
SAT-0-0,283.9644200000532,291.51037709343126,1325,SAT-1-0,-48.84197515763476,309.51037709343126,1325,right,0.0015928421326845466,4534000,1584.6906781069492
SAT-0-0,284.2149400000533,291.8747788141131,1325,SAT-19-0,-48.77013442469962,273.87477881411303,1325,left,0.0015882925968363536,4538000,1586.9624941147356
SAT-0-0,284.2149400000533,291.8747788141131,1325,SAT-1-0,-48.77013442469962,309.8747788141131,1325,right,0.0015882925968363536,4538000,1586.9624941147329
SAT-0-0,284.34020000005336,292.05658677604214,1325,SAT-19-0,-48.73378411394072,274.05658677604214,1325,left,0.0015859998420286944,4540000,1588.1110478653784
SAT-0-0,284.34020000005336,292.05658677604214,1325,SAT-1-0,-48.73378411394072,310.05658677604214,1325,right,0.0015859998420286944,4540000,1588.1110478653775
SAT-0-0,284.59072000005347,292.4194101414011,1325,SAT-19-0,-48.660227502791585,274.41941014140104,1325,left,0.0015813792351321019,4544000,1590.4332459481636
SAT-0-0,284.59072000005347,292.4194101414011,1325,SAT-1-0,-48.660227502791585,310.4194101414011,1325,right,0.00158137923499169,4544000,1590.433245948162
SAT-0-0,284.7159800000535,292.60042290035756,1325,SAT-19-0,-48.6230227720913,274.60042290035756,1325,left,0.0015790517329242173,4546000,1591.6068093421675
SAT-0-0,284.7159800000535,292.60042290035756,1325,SAT-1-0,-48.6230227720913,310.60042290035756,1325,right,0.0015790517329242173,4546000,1591.6068093421663
SAT-0-0,284.9665000000536,292.9616441099511,1325,SAT-19-0,-48.54776440911475,274.9616441099511,1325,left,0.0015743632055230721,4550000,1593.9786610955375
SAT-0-0,284.9665000000536,292.9616441099511,1325,SAT-1-0,-48.54776440911475,310.9616441099511,1325,right,0.0015743632053820344,4550000,1593.9786610955362
SAT-0-0,285.0917600000536,293.14185003628154,1325,SAT-19-0,-48.509712365801875,275.14185003628154,1325,left,0.0015720025291675061,4552000,1595.1768674146992
SAT-0-0,285.0917600000536,293.14185003628154,1325,SAT-1-0,-48.509712365801875,311.14185003628154,1325,right,0.0015720025291675061,4552000,1595.1768674146977
SAT-0-0,285.34228000005373,293.50144637106513,1325,SAT-19-0,-48.432766550852214,275.50144637106513,1325,left,0.0015672492229030412,4556000,1597.5976345154004
SAT-0-0,285.34228000005373,293.50144637106513,1325,SAT-1-0,-48.432766550852214,311.50144637106513,1325,right,0.0015672492229030412,4556000,1597.5976345153983
SAT-0-0,285.46754000005376,293.68083437495096,1325,SAT-19-0,-48.39387438622797,275.680834374951,1325,left,0.0015648569405608483,4558000,1598.8201122125276
SAT-0-0,285.46754000005376,293.68083437495096,1325,SAT-1-0,-48.39387438622797,311.68083437495096,1325,right,0.0015648569402061119,4558000,1598.8201122125267
SAT-0-0,285.71806000005387,294.0387841934341,1325,SAT-19-0,-48.31525558160972,276.03878419343414,1325,left,0.0015600419839243067,4562000,1601.2890469391393
SAT-0-0,285.71806000005387,294.0387841934341,1325,SAT-1-0,-48.31525558160972,312.0387841934341,1325,right,0.0015600419839243067,4562000,1601.289046939138
SAT-0-0,285.8433200000539,294.2173437226247,1325,SAT-19-0,-48.27553056546513,276.2173437226247,1325,left,0.001557619655887929,4564000,1602.5354198974048
SAT-0-0,285.8433200000539,294.2173437226247,1325,SAT-1-0,-48.27553056546513,312.2173437226247,1325,right,0.001557619655887929,4564000,1602.5354198974037
SAT-0-0,286.093840000054,294.5736264556652,1325,SAT-19-0,-48.19525338502377,276.5736264556652,1325,left,0.0015527461612493086,4568000,1605.0517656468942
SAT-0-0,286.093840000054,294.5736264556652,1325,SAT-1-0,-48.19525338502377,312.5736264556652,1325,right,0.0015527461612493086,4568000,1605.0517656468924
SAT-0-0,286.219100000054,294.751347492545,1325,SAT-19-0,-48.15470286021474,276.75134749254505,1325,left,0.001550295338542271,4570000,1606.3216534369637
SAT-0-0,286.219100000054,294.751347492545,1325,SAT-1-0,-48.15470286021474,312.751347492545,1325,right,0.001550295338542271,4570000,1606.3216534369626
SAT-0-0,286.46962000005414,295.1059436368375,1325,SAT-19-0,-48.07278205855054,277.1059436368375,1325,left,0.0015453663976943755,4574000,1608.8846452364735
SAT-0-0,286.46962000005414,295.1059436368375,1325,SAT-1-0,-48.07278205855054,313.1059436368375,1325,right,0.0015453663976943755,4574000,1608.8846452364724
SAT-0-0,286.5948800000542,295.28281669485386,1325,SAT-19-0,-48.03141343563798,277.2828166948539,1325,left,0.0015428886202141503,4576000,1610.1776633710952
SAT-0-0,286.5948800000542,295.28281669485386,1325,SAT-1-0,-48.03141343563798,313.28281669485386,1325,right,0.0015428886203580651,4576000,1610.177663371094
SAT-0-0,286.84540000005427,295.63570780516926,1325,SAT-19-0,-47.94786389745625,277.63570780516926,1325,left,0.0015379073004742178,4580000,1612.7865283843341
SAT-0-0,286.84540000005427,295.63570780516926,1325,SAT-1-0,-47.94786389745625,313.63570780516926,1325,right,0.0015379073004020273,4580000,1612.7865283843337
SAT-0-0,286.97066000005435,295.8117239246508,1325,SAT-19-0,-47.90568464941775,277.8117239246507,1325,left,0.00153540409567657,4582000,1614.1022885700736
SAT-0-0,286.97066000005435,295.8117239246508,1325,SAT-1-0,-47.90568464941775,313.8117239246508,1325,right,0.00153540409567657,4582000,1614.1022885700713
SAT-0-0,287.2211800000544,296.1628926048856,1325,SAT-19-0,-47.82052137902871,278.16289260488566,1325,left,0.0015303734369255583,4586000,1616.756246597718
SAT-0-0,287.2211800000544,296.1628926048856,1325,SAT-1-0,-47.82052137902871,314.1628926048856,1325,right,0.0015303734369981042,4586000,1616.7562465977164
SAT-0-0,287.3464400000545,296.3380433482799,1325,SAT-19-0,-47.77753903604809,278.3380433482799,1325,left,0.0015278463172513804,4588000,1618.094356983562
SAT-0-0,287.3464400000545,296.3380433482799,1325,SAT-1-0,-47.77753903604809,314.3380433482799,1325,right,0.0015278463172513804,4588000,1618.0943569835615
SAT-0-0,287.5969600000546,296.68747324137576,1325,SAT-19-0,-47.690777147028214,278.68747324137576,1325,left,0.0015227693291344994,4592000,1620.79262095712
SAT-0-0,287.5969600000546,296.68747324137576,1325,SAT-1-0,-47.690777147028214,314.68747324137576,1325,right,0.0015227693292074076,4592000,1620.7926209571187
SAT-0-0,287.7222200000546,296.86175068793705,1325,SAT-19-0,-47.64699929136853,278.8617506879371,1325,left,0.0015202197912066622,4594000,1622.152686379683
SAT-0-0,287.7222200000546,296.86175068793705,1325,SAT-1-0,-47.64699929136853,314.86175068793705,1325,right,0.0015202197912066622,4594000,1622.1526863796812
SAT-0-0,287.9727400000547,297.20942646472855,1325,SAT-19-0,-47.55865399639474,279.2094264647285,1325,left,0.001515099449333854,4598000,1624.8944628482984
SAT-0-0,287.9727400000547,297.20942646472855,1325,SAT-1-0,-47.55865399639474,315.20942646472855,1325,right,0.0015150994492605769,4598000,1624.8944628482968
SAT-0-0,288.09800000005475,297.3828232046852,1325,SAT-19-0,-47.51408825736061,279.3828232046852,1325,left,0.0015125289719691666,4600000,1626.276085073366
SAT-0-0,288.09800000005475,297.3828232046852,1325,SAT-1-0,-47.51408825736061,315.3828232046852,1325,right,0.0015125289719691666,4600000,1626.2760850733653
SAT-0-0,288.34852000005486,297.7287305517385,1325,SAT-19-0,-47.424174858227666,279.7287305517386,1325,left,0.0015073682155821082,4604000,1629.0605746830859
SAT-0-0,288.34852000005486,297.7287305517385,1325,SAT-1-0,-47.424174858227666,315.7287305517385,1325,right,0.001507368215508455,4604000,1629.0605746830856
SAT-0-0,288.4737800000549,297.9012396799712,1325,SAT-19-0,-47.37882890722141,279.9012396799712,1325,left,0.0015047782588701664,4606000,1630.463352643287
SAT-0-0,288.4737800000549,297.9012396799712,1325,SAT-1-0,-47.37882890722141,315.9012396799712,1325,right,0.0015047782587963867,4606000,1630.4633526432851
SAT-0-0,288.724300000055,298.2453652864737,1325,SAT-19-0,-47.28736278505199,280.2453652864737,1325,left,0.0014995799878093523,4610000,1633.2897506083423
SAT-0-0,288.724300000055,298.2453652864737,1325,SAT-1-0,-47.28736278505199,316.2453652864737,1325,right,0.0014995799878093523,4610000,1633.2897506083407
SAT-0-0,288.849560000055,298.4169803957335,1325,SAT-19-0,-47.24124433072853,280.4169803957335,1325,left,0.001496971991364276,4612000,1634.7132806367144
SAT-0-0,288.849560000055,298.4169803957335,1325,SAT-1-0,-47.24124433072853,316.4169803957335,1325,right,0.0014969719912901113,4612000,1634.7132806367129
SAT-0-0,289.10008000005513,298.7593119394957,1325,SAT-19-0,-47.14824093638486,280.7593119394957,1325,left,0.0014917390638735225,4616000,1637.5807772024098
SAT-0-0,289.10008000005513,298.7593119394957,1325,SAT-1-0,-47.14824093638486,316.7593119394957,1325,right,0.0014917390638735225,4616000,1637.5807772024086
SAT-0-0,289.2253400000552,298.93002711319406,1325,SAT-19-0,-47.101357719909295,280.93002711319406,1325,left,0.0014891144458737471,4618000,1639.0246532616798
SAT-0-0,289.2253400000552,298.93002711319406,1325,SAT-1-0,-47.101357719909295,316.93002711319406,1325,right,0.0014891144459483032,4618000,1639.0246532616788
SAT-0-0,289.47586000005526,299.27055324582363,1325,SAT-19-0,-47.00683256461423,281.2705532458237,1325,left,0.00148384967637841,4622000,1641.9324341585132
SAT-0-0,289.47586000005526,299.27055324582363,1325,SAT-1-0,-47.00683256461423,317.27055324582363,1325,right,0.00148384967637841,4622000,1641.932434158512
SAT-0-0,289.60112000005535,299.4403630504237,1325,SAT-19-0,-46.959192355026204,281.4403630504237,1325,left,0.001481209832372636,4624000,1643.3962480659018
SAT-0-0,289.60112000005535,299.4403630504237,1325,SAT-1-0,-46.959192355026204,317.4403630504237,1325,right,0.001481209832372636,4624000,1643.3962480659002
SAT-0-0,289.8516400000554,299.7790733817325,1325,SAT-19-0,-46.86316100120085,281.7790733817325,1325,left,0.0014759159885554232,4628000,1646.3434949545785
SAT-0-0,289.8516400000554,299.7790733817325,1325,SAT-1-0,-46.86316100120085,317.7790733817325,1325,right,0.0014759159885554232,4628000,1646.3434949545774
SAT-0-0,289.9769000000555,299.94797285877144,1325,SAT-19-0,-46.81477159088859,281.9479728587715,1325,left,0.0014732622906298129,4630000,1647.826836601974
SAT-0-0,289.9769000000555,299.94797285877144,1325,SAT-1-0,-46.81477159088859,317.94797285877144,1325,right,0.0014732622906298129,4630000,1647.826836601973
SAT-0-0,290.2274200000556,300.28485794047515,1325,SAT-19-0,-46.717249643213094,282.28485794047515,1325,left,0.0014679420919762986,4634000,1650.8127275090092
SAT-0-0,290.2274200000556,300.28485794047515,1325,SAT-1-0,-46.717249643213094,318.28485794047515,1325,right,0.00146794209205193,4634000,1650.812727509009
SAT-0-0,290.3526800000556,300.4528425982478,1325,SAT-19-0,-46.668118843500544,282.45284259824774,1325,left,0.001465275887769161,4636000,1652.3151850783656
SAT-0-0,290.3526800000556,300.4528425982478,1325,SAT-1-0,-46.668118843500544,318.4528425982478,1325,right,0.001465275887693392,4636000,1652.3151850783636
SAT-0-0,290.6032000000557,300.7878939070167,1325,SAT-19-0,-46.56912194020318,282.7878939070167,1325,left,0.0014599320039661203,4640000,1655.3388948220047
SAT-0-0,290.6032000000557,300.7878939070167,1325,SAT-1-0,-46.56912194020318,318.7878939070167,1325,right,0.0014599320038140278,4640000,1655.3388948220029
SAT-0-0,290.72846000005575,300.9549597119491,1325,SAT-19-0,-46.51925757705271,282.95495971194913,1325,left,0.0014572546152977859,4642000,1656.8600549958342
SAT-0-0,290.72846000005575,300.9549597119491,1325,SAT-1-0,-46.51925757705271,318.9549597119491,1325,right,0.0014572546152977859,4642000,1656.860054995834
SAT-0-0,290.97898000005586,301.28816963186773,1325,SAT-19-0,-46.4188013814326,283.28816963186773,1325,left,0.0014518896641755293,4646000,1659.920755602048
SAT-0-0,290.97898000005586,301.28816963186773,1325,SAT-1-0,-46.4188013814326,319.28816963186773,1325,right,0.0014518896641755293,4646000,1659.920755602047
SAT-0-0,291.1042400000559,301.4543129996094,1325,SAT-19-0,-46.36821129126548,283.45431299960944,1325,left,0.00144920238665989,4648000,1661.4602037689049
SAT-0-0,291.1042400000559,301.4543129996094,1325,SAT-1-0,-46.36821129126548,319.4543129996094,1325,right,0.00144920238665989,4648000,1661.460203768904
SAT-0-0,291.354760000056,301.78567480410163,1325,SAT-19-0,-46.26631148345294,283.7856748041016,1325,left,0.0014438189328995687,4652000,1664.5570648772548
SAT-0-0,291.354760000056,301.78567480410163,1325,SAT-1-0,-46.26631148345294,319.78567480410163,1325,right,0.0014438189330533585,4652000,1664.5570648772537
SAT-0-0,291.480020000056,301.9508925903651,1325,SAT-19-0,-46.21500350908944,283.9508925903651,1325,left,0.0014411230356509595,4654000,1666.1143853321014
SAT-0-0,291.480020000056,301.9508925903651,1325,SAT-1-0,-46.21500350908944,319.9508925903651,1325,right,0.0014411230357279981,4654000,1666.1143853321005
SAT-0-0,291.7305400000561,302.28040042364086,1325,SAT-19-0,-46.11167577804727,284.2804004236409,1325,left,0.0014357235897487657,4658000,1669.2465745913048
SAT-0-0,291.7305400000561,302.28040042364086,1325,SAT-1-0,-46.11167577804727,320.28040042364086,1325,right,0.0014357235895941089,4658000,1669.2465745913025
SAT-0-0,291.85580000005615,302.44468991481443,1325,SAT-19-0,-46.05965776476823,284.44468991481443,1325,left,0.0014330203137958592,4660000,1670.821350730687
SAT-0-0,291.85580000005615,302.44468991481443,1325,SAT-1-0,-46.05965776476823,320.44468991481443,1325,right,0.0014330203136409105,4660000,1670.8213507306857
SAT-0-0,292.10632000005626,302.7723387728912,1325,SAT-19-0,-45.954917800536855,284.77233877289115,1325,left,0.0014276073298936517,4664000,1673.9880341837231
SAT-0-0,292.10632000005626,302.7723387728912,1325,SAT-1-0,-45.954917800536855,320.7723387728912,1325,right,0.0014276073298936517,4664000,1673.988034183721
SAT-0-0,292.23158000005634,302.93569767645346,1325,SAT-19-0,-45.902197592267555,284.93569767645346,1325,left,0.0014248978883705332,4666000,1675.5798486956903
SAT-0-0,292.23158000005634,302.93569767645346,1325,SAT-1-0,-45.902197592267555,320.93569767645346,1325,right,0.0014248978883705332,4666000,1675.5798486956899
SAT-0-0,292.4821000000564,303.26148338780524,1325,SAT-19-0,-45.796061078456226,285.26148338780524,1325,left,0.0014194737646752577,4670000,1678.7801911543418
SAT-0-0,292.4821000000564,303.26148338780524,1325,SAT-1-0,-45.796061078456226,321.26148338780524,1325,right,0.00141947376451883,4670000,1678.7801911543393
SAT-0-0,292.6073600000565,303.4239098225655,1325,SAT-19-0,-45.742646514073776,285.42390982256546,1325,left,0.001416759342275407,4672000,1680.3886262030578
SAT-0-0,292.6073600000565,303.4239098225655,1325,SAT-1-0,-45.742646514073776,321.4239098225655,1325,right,0.00141675934211868,4672000,1680.3886262030567
SAT-0-0,292.8578800000565,303.7478290284506,1325,SAT-19-0,-45.63512912059918,285.74782902845067,1325,left,0.0014113264185047969,4676000,1683.6217916117787
SAT-0-0,292.8578800000565,303.7478290284506,1325,SAT-1-0,-45.63512912059918,321.7478290284506,1325,right,0.0014113264185047969,4676000,1683.621791611777
SAT-0-0,292.9831400000566,303.9093215146414,1325,SAT-19-0,-45.58102803036391,285.9093215146414,1325,left,0.0014086081708771555,4678000,1685.2464290167768
SAT-0-0,292.9831400000566,303.9093215146414,1325,SAT-1-0,-45.58102803036391,321.9093215146414,1325,right,0.0014086081707195214,4678000,1685.246429016775
SAT-0-0,293.2336600000567,304.2313716491582,1325,SAT-19-0,-45.47214540643718,286.2313716491581,1325,left,0.0014031687294258596,4682000,1688.5115808058522
SAT-0-0,293.2336600000567,304.2313716491582,1325,SAT-1-0,-45.47214540643718,322.2313716491582,1325,right,0.0014031687292676144,4682000,1688.51158080585
SAT-0-0,293.35892000005674,304.3919290984038,1325,SAT-19-0,-45.41736560854835,286.3919290984038,1325,left,0.0014004477825204625,4684000,1690.1520022159225
SAT-0-0,293.35892000005674,304.3919290984038,1325,SAT-1-0,-45.41736560854835,322.3919290984038,1325,right,0.0014004477825204625,4684000,1690.1520022159207
SAT-0-0,293.60944000005685,304.71210836832125,1325,SAT-19-0,-45.30713337591094,286.7121083683212,1325,left,0.0013950040464131418,4688000,1693.4483036438442
SAT-0-0,293.60944000005685,304.71210836832125,1325,SAT-1-0,-45.30713337591094,322.71210836832125,1325,right,0.0013950040462539705,4688000,1693.448303643843
SAT-0-0,293.7347000000569,304.87173007350515,1325,SAT-19-0,-45.251682673186856,286.8717300735052,1325,left,0.0013922814970464873,4690000,1695.1040907055324
SAT-0-0,293.7347000000569,304.87173007350515,1325,SAT-1-0,-45.251682673186856,322.87173007350515,1325,right,0.0013922814970464873,4690000,1695.1040907055308
SAT-0-0,293.985220000057,305.19003743791484,1325,SAT-19-0,-45.14011641959505,287.19003743791484,1325,left,0.0013868356295249752,4694000,1698.4307051906019
SAT-0-0,293.985220000057,305.19003743791484,1325,SAT-1-0,-45.14011641959505,323.19003743791484,1325,right,0.0013868356295249752,4694000,1698.4307051905994
SAT-0-0,294.110480000057,305.34872306296904,1325,SAT-19-0,-45.08400259627729,287.34872306296904,1325,left,0.001384112545130875,4696000,1700.1014397113108
SAT-0-0,294.110480000057,305.34872306296904,1325,SAT-1-0,-45.08400259627729,323.34872306296904,1325,right,0.001384112544970451,4696000,1700.1014397113095
SAT-0-0,294.3610000000571,305.66515821280234,1325,SAT-19-0,-44.9711178692346,287.66515821280234,1325,left,0.0013786666502973704,4700000,1703.457531152464
SAT-0-0,294.3610000000571,305.66515821280234,1325,SAT-1-0,-44.9711178692346,323.66515821280234,1325,right,0.0013786666501363128,4700000,1703.4575311524627
SAT-0-0,294.48626000005714,305.82290778243953,1325,SAT-19-0,-44.9143486879161,287.8229077824396,1325,left,0.0013759440671110333,4702000,1705.1427952581816
SAT-0-0,294.48626000005714,305.82290778243953,1325,SAT-1-0,-44.9143486879161,323.82290778243953,1325,right,0.0013759440672724097,4702000,1705.1427952581796
SAT-0-0,294.73678000005725,306.1374711198911,1325,SAT-19-0,-44.80016098865247,288.137471119891,1325,left,0.0013705001891567152,4706000,1708.5275283450696
SAT-0-0,294.73678000005725,306.1374711198911,1325,SAT-1-0,-44.80016098865247,324.1374711198911,1325,right,0.0013705001891567152,4706000,1708.527528345068
SAT-0-0,294.86204000005733,306.2942850093008,1325,SAT-19-0,-44.742744187328555,288.29428500930084,1325,left,0.0013677791146978241,4708000,1710.2269046327233
SAT-0-0,294.86204000005733,306.2942850093008,1325,SAT-1-0,-44.742744187328555,324.2942850093008,1325,right,0.0013677791146978241,4708000,1710.226904632722
SAT-0-0,295.1125600000574,306.60697762719934,1325,SAT-19-0,-44.627268965024875,288.60697762719934,1325,left,0.001362339237149263,4712000,1713.6394451450897
SAT-0-0,295.1125600000574,306.60697762719934,1325,SAT-1-0,-44.627268965024875,324.60697762719934,1325,right,0.001362339237312251,4712000,1713.6394451450876
SAT-0-0,295.23782000005747,306.76285655172666,1325,SAT-19-0,-44.5692122542664,288.76285655172666,1325,left,0.0013596206483510304,4714000,1715.3525168295762
SAT-0-0,295.23782000005747,306.76285655172666,1325,SAT-1-0,-44.5692122542664,324.76285655172666,1325,right,0.0013596206482693735,4714000,1715.3525168295753
SAT-0-0,295.4883400000575,307.07368021289085,1325,SAT-19-0,-44.45246490052213,289.07368021289085,1325,left,0.0013541866954539937,4718000,1718.7920319260047
SAT-0-0,295.4883400000575,307.07368021289085,1325,SAT-1-0,-44.45246490052213,325.07368021289085,1325,right,0.0013541866955359783,4718000,1718.7920319260033
SAT-0-0,295.6136000000576,307.2286252177176,1325,SAT-19-0,-44.39377596076976,289.2286252177176,1325,left,0.0013514715388502838,4720000,1720.5183829819232
SAT-0-0,295.6136000000576,307.2286252177176,1325,SAT-1-0,-44.39377596076976,325.2286252177176,1325,right,0.0013514715389324329,4720000,1720.5183829819202
SAT-0-0,295.8641200000577,307.53758233433297,1325,SAT-19-0,-44.27577180431151,289.53758233433297,1325,left,0.001346045374736264,4724000,1723.984041478033
SAT-0-0,295.8641200000577,307.53758233433297,1325,SAT-1-0,-44.27577180431151,325.53758233433297,1325,right,0.001346045374736264,4724000,1723.984041478032
SAT-0-0,295.98938000005774,307.6915947841774,1325,SAT-19-0,-44.2164582832897,289.6915947841774,1325,left,0.001343334567626697,4726000,1725.7232567761544
SAT-0-0,295.98938000005774,307.6915947841774,1325,SAT-1-0,-44.2164582832897,325.6915947841774,1325,right,0.0013433345675440502,4726000,1725.723256776154
SAT-0-0,296.23990000005784,307.99868839722905,1325,SAT-19-0,-44.09721258491764,289.998688397229,1325,left,0.001337917996416907,4730000,1729.2142294123605
SAT-0-0,296.23990000005784,307.99868839722905,1325,SAT-1-0,-44.09721258491764,325.99868839722905,1325,right,0.0013379179962509443,4730000,1729.2142294123582
SAT-0-0,296.36516000005787,308.1517699660822,1325,SAT-19-0,-44.03728209516681,290.1517699660822,1325,left,0.0013352124257257787,4732000,1730.965894850924
SAT-0-0,296.36516000005787,308.1517699660822,1325,SAT-1-0,-44.03728209516681,326.1517699660822,1325,right,0.0013352124258089282,4732000,1730.9658948509216
SAT-0-0,296.615680000058,308.457003724875,1325,SAT-19-0,-43.916810042936355,290.457003724875,1325,left,0.001329807192021463,4736000,1734.4813545498446
SAT-0-0,296.615680000058,308.457003724875,1325,SAT-1-0,-43.916810042936355,326.457003724875,1325,right,0.0013298071918544881,4736000,1734.4813545498432
SAT-0-0,296.740940000058,308.6091563857881,1325,SAT-19-0,-43.85627015946189,290.6091563857881,1325,left,0.0013271077160344168,4738000,1736.2450571807003
SAT-0-0,296.740940000058,308.6091563857881,1325,SAT-1-0,-43.85627015946189,326.6091563857881,1325,right,0.0013271077160344168,4738000,1736.2450571806987
SAT-0-0,296.9914600000581,308.9125345275853,1325,SAT-19-0,-43.73458686409678,290.9125345275853,1325,left,0.001321715505489322,4742000,1739.7841792943852
SAT-0-0,296.9914600000581,308.9125345275853,1325,SAT-1-0,-43.73458686409678,326.9125345275853,1325,right,0.001321715505489322,4742000,1739.7841792943839
SAT-0-0,297.11672000005814,309.063760542524,1325,SAT-19-0,-43.67344512213273,291.063760542524,1325,left,0.0013190229519325699,4744000,1741.5595074440816
SAT-0-0,297.11672000005814,309.063760542524,1325,SAT-1-0,-43.67344512213273,327.063760542524,1325,right,0.0013190229519325699,4744000,1741.55950744408
SAT-0-0,297.36724000005825,309.3652878723324,1325,SAT-19-0,-43.550565612666055,291.3652878723324,1325,left,0.0013136453920689147,4748000,1745.121469991168
SAT-0-0,297.36724000005825,309.3652878723324,1325,SAT-1-0,-43.550565612666055,327.3652878723324,1325,right,0.0013136453918998852,4748000,1745.1214699911668
SAT-0-0,297.49250000005827,309.5155897821108,1325,SAT-19-0,-43.48882950555205,291.51558978211085,1325,left,0.0013109605597584368,4750000,1746.908013377043
SAT-0-0,297.49250000005827,309.5155897821108,1325,SAT-1-0,-43.48882950555205,327.5155897821108,1325,right,0.0013109605597584368,4750000,1746.908013377043
SAT-0-0,297.7430200000584,309.81527165263924,1325,SAT-19-0,-43.36476872519127,291.81527165263924,1325,left,0.001305599219099185,4754000,1750.4919972700145
SAT-0-0,297.7430200000584,309.81527165263924,1325,SAT-1-0,-43.36476872519127,327.81527165263924,1325,right,0.001305599219099185,4754000,1750.4919972700127
SAT-0-0,297.86828000005846,309.9646522669472,1325,SAT-19-0,-43.30244570236017,291.9646522669472,1325,left,0.0013029228786970925,4756000,1752.2893471113794
SAT-0-0,297.86828000005846,309.9646522669472,1325,SAT-1-0,-43.30244570236017,327.9646522669472,1325,right,0.0013029228786970925,4756000,1752.289347111379
SAT-0-0,298.1188000000585,310.2624945587633,1325,SAT-19-0,-43.177218504572004,292.2624945587633,1325,left,0.001297579269364157,4760000,1755.8945363740766
SAT-0-0,298.1188000000585,310.2624945587633,1325,SAT-1-0,-43.177218504572004,328.2624945587633,1325,right,0.001297579269364157,4760000,1755.8945363740759
SAT-0-0,298.2440600000586,310.41095694629826,1325,SAT-19-0,-43.11431596964656,292.41095694629826,1325,left,0.0012949121619297125,4762000,1757.70228549857
SAT-0-0,298.2440600000586,310.41095694629826,1325,SAT-1-0,-43.11431596964656,328.41095694629826,1325,right,0.0012949121618439751,4762000,1757.7022854985676
SAT-0-0,298.49458000005865,310.7069660482061,1325,SAT-19-0,-42.98793711445729,292.70696604820614,1325,left,0.001289587738356227,4766000,1761.327867474149
SAT-0-0,298.49458000005865,310.7069660482061,1325,SAT-1-0,-42.98793711445729,328.7069660482061,1325,right,0.0012895877384423184,4766000,1761.3278674741482
SAT-0-0,298.61984000005873,310.85451352692104,1325,SAT-19-0,-42.92446242345343,292.854513526921,1325,left,0.0012869305775508669,4768000,1763.1456104193492
SAT-0-0,298.61984000005873,310.85451352692104,1325,SAT-1-0,-42.92446242345343,328.85451352692104,1325,right,0.0012869305774645978,4768000,1763.1456104193487
SAT-0-0,298.87036000005884,311.14869631658115,1325,SAT-19-0,-42.79694657396014,293.1486963165811,1325,left,0.0012816267385275428,4772000,1766.790775968854
SAT-0-0,298.87036000005884,311.14869631658115,1325,SAT-1-0,-42.79694657396014,329.14869631658115,1325,right,0.0012816267383542906,4772000,1766.7907759688524
SAT-0-0,298.99562000005886,311.2953324440592,1325,SAT-19-0,-42.732907033594394,293.2953324440592,1325,left,0.0012789802096825975,4774000,1768.6181090792636
SAT-0-0,298.99562000005886,311.2953324440592,1325,SAT-1-0,-42.732907033594394,329.2953324440592,1325,right,0.0012789802096825975,4774000,1768.6181090792618
SAT-0-0,299.246140000059,311.5876962688708,1325,SAT-19-0,-42.60426875268249,293.58769626887084,1325,left,0.001273698298811721,4778000,1772.2820527710012
SAT-0-0,299.246140000059,311.5876962688708,1325,SAT-1-0,-42.60426875268249,329.5876962688708,1325,right,0.0012736982986373904,4778000,1772.2820527709987
SAT-0-0,299.371400000059,311.7334248328346,1325,SAT-19-0,-42.53967161878148,293.7334248328346,1325,left,0.0012710630599731799,4780000,1774.1185742904672
SAT-0-0,299.371400000059,311.7334248328346,1325,SAT-1-0,-42.53967161878148,329.7334248328346,1325,right,0.0012710630598858337,4780000,1774.1185742904659
SAT-0-0,299.6219200000591,312.0239774910969,1325,SAT-19-0,-42.40992536604368,294.02397749109696,1325,left,0.0012658043658779683,4784000,1777.8004945803991
SAT-0-0,299.6219200000591,312.0239774910969,1325,SAT-1-0,-42.40992536604368,330.0239774910969,1325,right,0.001265804366053386,4784000,1777.8004945803978
SAT-0-0,299.74718000005913,312.1688025000628,1325,SAT-19-0,-42.34477784205298,294.1688025000627,1325,left,0.0012631810481832655,4786000,1779.645804740102
SAT-0-0,299.74718000005913,312.1688025000628,1325,SAT-1-0,-42.34477784205298,330.1688025000628,1325,right,0.0012631810480953744,4786000,1779.6458047401
SAT-0-0,299.99770000005924,312.4575522224332,1325,SAT-19-0,-42.21393797090453,294.4575522224332,1325,left,0.0012579468067570499,4790000,1783.344904143445
SAT-0-0,299.99770000005924,312.4575522224332,1325,SAT-1-0,-42.21393797090453,330.45755222243315,1325,right,0.0012579468067570499,4790000,1783.3449041434426
SAT-0-0,300.12296000005927,312.60147789651654,1325,SAT-19-0,-42.14824720649462,294.60147789651654,1325,left,0.001255336014564892,4792000,1785.198605245532
SAT-0-0,300.12296000005927,312.60147789651654,1325,SAT-1-0,-42.14824720649462,330.60147789651654,1325,right,0.0012553360144764516,4792000,1785.1986052455316
SAT-0-0,300.3734800000594,312.88843332777907,1325,SAT-19-0,-42.016327961480116,294.888433327779,1325,left,0.0012501274082848568,4796000,1788.9140904997757
SAT-0-0,300.3734800000594,312.88843332777907,1325,SAT-1-0,-42.016327961480116,330.88843332777907,1325,right,0.0012501274082848568,4796000,1788.914090499774
SAT-0-0,300.49874000005946,313.0314640896587,1325,SAT-19-0,-41.9501010512466,295.0314640896587,1325,left,0.001247529719933237,4798000,1790.7757869967702
SAT-0-0,300.49874000005946,313.0314640896587,1325,SAT-1-0,-41.9501010512466,331.0314640896587,1325,right,0.0012475297200222307,4798000,1790.77578699677
SAT-0-0,300.7492600000595,313.31663427081673,1325,SAT-19-0,-41.817116565532984,295.3166342708168,1325,left,0.0012423478801077265,4802000,1794.5068692163252
SAT-0-0,300.7492600000595,313.31663427081673,1325,SAT-1-0,-41.817116565532984,331.31663427081673,1325,right,0.0012423478801077265,4802000,1794.5068692163231
SAT-0-0,300.8745200000596,313.45877473686465,1325,SAT-19-0,-41.75036054778878,295.4587747368647,1325,left,0.0012397638487056484,4804000,1796.376167786391
SAT-0-0,300.8745200000596,313.45877473686465,1325,SAT-1-0,-41.75036054778878,331.45877473686465,1325,right,0.0012397638487056484,4804000,1796.3761677863902
SAT-0-0,301.12504000005964,313.7421690875692,1325,SAT-19-0,-41.6163248408394,295.7421690875692,1325,left,0.0012346098554751586,4808000,1800.1220626090865
SAT-0-0,301.12504000005964,313.7421690875692,1325,SAT-1-0,-41.6163248408394,331.7421690875692,1325,right,0.0012346098556550087,4808000,1800.122062609087
SAT-0-0,301.2503000000597,313.8834240591505,1325,SAT-19-0,-41.549046696496056,295.8834240591505,1325,left,0.001232040008734202,4810000,1801.9985722272859
SAT-0-0,301.2503000000597,313.8834240591505,1325,SAT-1-0,-41.549046696496056,331.8834240591505,1325,right,0.0012320400084638642,4810000,1801.9985722272836
SAT-0-0,301.50082000005983,314.1650523604749,1325,SAT-19-0,-41.4139736719206,296.1650523604748,1325,left,0.0012269148928915918,4814000,1805.758499952934
SAT-0-0,301.50082000005983,314.1650523604749,1325,SAT-1-0,-41.4139736719206,332.1650523604749,1325,right,0.0012269148929820808,4814000,1805.7584999529317
SAT-0-0,301.62608000005986,314.3054268154234,1325,SAT-19-0,-41.346180323456316,296.3054268154234,1325,left,0.0012243597335959266,4816000,1807.6418319585523
SAT-0-0,301.62608000005986,314.3054268154234,1325,SAT-1-0,-41.346180323456316,332.3054268154234,1325,right,0.0012243597335052487,4816000,1807.641831958554
SAT-0-0,301.87660000005997,314.5852991929935,1325,SAT-19-0,-41.21008376703119,296.5852991929935,1325,left,0.0012192644773931875,4820000,1811.4150176797973
SAT-0-0,301.87660000005997,314.5852991929935,1325,SAT-1-0,-41.21008376703119,332.5852991929935,1325,right,0.0012192644773931875,4820000,1811.4150176797962
SAT-0-0,302.00186000006,314.7247982772671,1325,SAT-19-0,-41.141782077542686,296.7247982772671,1325,left,0.0012167244848061553,4822000,1813.3047858398954
SAT-0-0,302.00186000006,314.7247982772671,1325,SAT-1-0,-41.141782077542686,332.7247982772671,1325,right,0.0012167244848061553,4822000,1813.3047858398922
SAT-0-0,302.2523800000601,315.0029251847545,1325,SAT-19-0,-41.00467565539681,297.0029251847545,1325,left,0.0012116600226264355,4826000,1817.0904595655645
SAT-0-0,302.2523800000601,315.0029251847545,1325,SAT-1-0,-41.00467565539681,333.0029251847545,1325,right,0.0012116600226264355,4826000,1817.0904595655632
SAT-0-0,302.3776400000601,315.1415542042737,1325,SAT-19-0,-40.93587242773259,297.1415542042737,1325,left,0.0012091356521167819,4828000,1818.9862801348079
SAT-0-0,302.3776400000601,315.1415542042737,1325,SAT-1-0,-40.93587242773259,333.1415542042737,1325,right,0.0012091356521167819,4828000,1818.9862801348058
SAT-0-0,302.62816000006023,315.41794640725857,1325,SAT-19-0,-40.797769684693165,297.41794640725857,1325,left,0.0012041028723829234,4832000,1822.7836769060045
SAT-0-0,302.62816000006023,315.41794640725857,1325,SAT-1-0,-40.797769684693165,333.41794640725857,1325,right,0.00120410287229072,4832000,1822.7836769060036
SAT-0-0,302.75342000006026,315.55571081993173,1325,SAT-19-0,-40.72847166066531,297.55571081993173,1325,left,0.0012015945565287895,4834000,1824.6851686829407
SAT-0-0,302.75342000006026,315.55571081993173,1325,SAT-1-0,-40.72847166066531,333.55571081993173,1325,right,0.0012015945566211854,4834000,1824.68516868294
SAT-0-0,303.00394000006037,315.83037938014155,1325,SAT-19-0,-40.58938601875817,297.83037938014155,1325,left,0.0011965943013820869,4838000,1828.4935286820798
SAT-0-0,303.00394000006037,315.83037938014155,1325,SAT-1-0,-40.58938601875817,333.83037938014155,1325,right,0.0011965943013820869,4838000,1828.4935286820778
SAT-0-0,303.1292000000604,315.9672847880787,1325,SAT-19-0,-40.51959987843043,297.96728478807876,1325,left,0.0011941024505624054,4840000,1830.4003130619328
SAT-0-0,303.1292000000604,315.9672847880787,1325,SAT-1-0,-40.51959987843043,333.9672847880787,1325,right,0.001194102450655381,4840000,1830.4003130619315
SAT-0-0,303.3797200000605,316.24024104800634,1325,SAT-19-0,-40.37954463552992,298.2402410480064,1325,left,0.001189135518538123,4844000,1834.2188817149522
SAT-0-0,303.3797200000605,316.24024104800634,1325,SAT-1-0,-40.37954463552992,334.24024104800634,1325,right,0.001189135518538123,4844000,1834.2188817149504
SAT-0-0,303.5049800000606,316.3762931899238,1325,SAT-19-0,-40.30927699657895,298.37629318992373,1325,left,0.0011866605210910093,4846000,1836.1305827390595
SAT-0-0,303.5049800000606,316.3762931899238,1325,SAT-1-0,-40.30927699657895,334.3762931899238,1325,right,0.0011866605209974507,4846000,1836.1305827390577
SAT-0-0,303.75550000006064,316.64754875782904,1325,SAT-19-0,-40.16826532520201,298.64754875782904,1325,left,0.0011817276671850544,4850000,1839.9586108110366
SAT-0-0,303.75550000006064,316.64754875782904,1325,SAT-1-0,-40.16826532520201,334.64754875782904,1325,right,0.0011817276672790036,4850000,1839.958610811035
SAT-0-0,303.8807600000607,316.78275350164665,1325,SAT-19-0,-40.097522742349575,298.78275350164665,1325,left,0.0011792698901463281,4852000,1841.8748552130473
SAT-0-0,303.8807600000607,316.78275350164665,1325,SAT-1-0,-40.097522742349575,334.78275350164665,1325,right,0.0011792698901463281,4852000,1841.8748552130469
SAT-0-0,304.13128000006077,317.0523202369435,1325,SAT-19-0,-39.95556768858894,299.0523202369435,1325,left,0.001174371827703735,4856000,1845.711598897417
SAT-0-0,304.13128000006077,317.0523202369435,1325,SAT-1-0,-39.95556768858894,335.0523202369435,1325,right,0.001174371827703735,4856000,1845.711598897416
SAT-0-0,304.25654000006085,317.1866835725747,1325,SAT-19-0,-39.88435665310235,299.1866835725747,1325,left,0.0011719316171109316,4858000,1847.6320161463477
SAT-0-0,304.25654000006085,317.1866835725747,1325,SAT-1-0,-39.88435665310235,335.1866835725747,1325,right,0.0011719316171109316,4858000,1847.6320161463466
SAT-0-0,304.50706000006096,317.45457357160535,1325,SAT-19-0,-39.74147113569344,299.4545735716054,1325,left,0.0011670690184723653,4862000,1851.4767371479684
SAT-0-0,304.50706000006096,317.45457357160535,1325,SAT-1-0,-39.74147113569344,335.45457357160535,1325,right,0.0011670690183772361,4862000,1851.4767371479672
SAT-0-0,304.632320000061,317.5881016039416,1325,SAT-19-0,-39.669798074951565,299.5881016039416,1325,left,0.0011646467006443258,4864000,1853.4009594882275
SAT-0-0,304.632320000061,317.5881016039416,1325,SAT-1-0,-39.669798074951565,335.5881016039416,1325,right,0.0011646467003583448,4864000,1853.400959488225
SAT-0-0,304.8828400000611,317.85432718613936,1325,SAT-19-0,-39.525994884468474,299.85432718613936,1325,left,0.0011598201978427246,4868000,1857.2529251004905
SAT-0-0,304.8828400000611,317.85432718613936,1325,SAT-1-0,-39.525994884468474,335.85432718613936,1325,right,0.0011598201979384482,4868000,1857.2529251004896
SAT-0-0,305.0081000000611,317.9870261282278,1325,SAT-19-0,-39.45386616159104,299.98702612822774,1325,left,0.0011574160790839114,4870000,1859.180587588987
SAT-0-0,305.0081000000611,317.9870261282278,1325,SAT-1-0,-39.45386616159104,335.9870261282278,1325,right,0.0011574160792757564,4870000,1859.1805875889852
SAT-0-0,305.2586200000612,318.25159982266683,1325,SAT-19-0,-39.309157959766274,300.25159982266683,1325,left,0.001152626266513677,4874000,1863.03907076519
SAT-0-0,305.2586200000612,318.25159982266683,1325,SAT-1-0,-39.309157959766274,336.25159982266683,1325,right,0.001152626266513677,4874000,1863.0390707651884
SAT-0-0,305.38388000006125,318.38347598908297,1325,SAT-19-0,-39.23657987330371,300.38347598908297,1325,left,0.001150240634466301,4876000,1864.9698113056277
SAT-0-0,305.38388000006125,318.38347598908297,1325,SAT-1-0,-39.23657987330371,336.38347598908297,1325,right,0.001150240634273259,4876000,1864.9698113056252
SAT-0-0,305.63440000006136,318.6464105214154,1325,SAT-19-0,-39.09097919246671,300.6464105214154,1325,left,0.0011454880679929642,4880000,1868.834090724826
SAT-0-0,305.63440000006136,318.6464105214154,1325,SAT-1-0,-39.09097919246671,336.6464105214154,1325,right,0.0011454880680898856,4880000,1868.8340907248248
SAT-0-0,305.7596600000614,318.7774703218277,1325,SAT-19-0,-39.01795797614835,300.7774703218277,1325,left,0.0011431211911986866,4882000,1870.7675500992823
SAT-0-0,305.7596600000614,318.7774703218277,1325,SAT-1-0,-39.01795797614835,336.7774703218277,1325,right,0.001143121191392931,4882000,1870.7675500992789
SAT-0-0,306.0101800000615,319.03877860160674,1325,SAT-19-0,-38.87147721877826,301.03877860160674,1325,left,0.0011384063908666678,4886000,1874.6369102268218
SAT-0-0,306.0101800000615,319.03877860160674,1325,SAT-1-0,-38.87147721877826,337.03877860160674,1325,right,0.0011384063910617164,4886000,1874.6369102268206
SAT-0-0,306.1354400000616,319.1690285345339,1325,SAT-19-0,-38.79801904131635,301.1690285345339,1325,left,0.0011360585210674077,4888000,1876.57273212472
SAT-0-0,306.1354400000616,319.1690285345339,1325,SAT-1-0,-38.79801904131635,337.1690285345339,1325,right,0.0011360585210674077,4888000,1876.5727321247182
SAT-0-0,306.38596000006163,319.4287236429196,1325,SAT-19-0,-38.65067047970389,301.4287236429196,1325,left,0.0011313819712877133,4892000,1880.4464632676606
SAT-0-0,306.38596000006163,319.4287236429196,1325,SAT-1-0,-38.65067047970389,337.4287236429196,1325,right,0.0011313819710914537,4892000,1880.446463267658
SAT-0-0,306.5112200000617,319.558170289679,1325,SAT-19-0,-38.576781444651026,301.558170289679,1325,left,0.0011290533414886315,4894000,1882.384294312245
SAT-0-0,306.5112200000617,319.558170289679,1325,SAT-1-0,-38.576781444651026,337.558170289679,1325,right,0.0011290533414886315,4894000,1882.3842943122427
SAT-0-0,306.76174000006176,319.8162654675249,1325,SAT-19-0,-38.42857722066517,301.8162654675249,1325,left,0.0011244154927297226,4898000,1886.261692669864
SAT-0-0,306.76174000006176,319.8162654675249,1325,SAT-1-0,-38.42857722066517,337.8162654675249,1325,right,0.0011244154927297226,4898000,1886.2616926698618
SAT-0-0,306.88700000006185,319.94491548637103,1325,SAT-19-0,-38.35426336632291,301.9449154863711,1325,left,0.0011221063200612432,4900000,1888.2011824422582
SAT-0-0,306.88700000006185,319.94491548637103,1325,SAT-1-0,-38.35426336632291,337.94491548637103,1325,right,0.0011221063199623022,4900000,1888.2011824422575
SAT-0-0,307.13752000006195,320.201424122688,1325,SAT-19-0,-38.20521549127751,302.201424122688,1325,left,0.0011175075896420852,4904000,1892.0815501518546
SAT-0-0,307.13752000006195,320.201424122688,1325,SAT-1-0,-38.20521549127751,338.201424122688,1325,right,0.0011175075896420852,4904000,1892.081550151852
SAT-0-0,307.262780000062,320.32928424313735,1325,SAT-19-0,-38.13048279065397,302.32928424313735,1325,left,0.0011152180745477112,4906000,1894.0223512128173
SAT-0-0,307.262780000062,320.32928424313735,1325,SAT-1-0,-38.13048279065397,338.32928424313735,1325,right,0.0011152180746472635,4906000,1894.0223512128161
SAT-0-0,307.5133000000621,320.5842198639315,1325,SAT-19-0,-37.98060314526991,302.5842198639315,1325,left,0.0011106588476789891,4910000,1897.9049963909806
SAT-0-0,307.5133000000621,320.5842198639315,1325,SAT-1-0,-37.98060314526991,338.5842198639315,1325,right,0.0011106588477789497,4910000,1897.90499639098
SAT-0-0,307.6385600000621,320.7112968812742,1325,SAT-19-0,-37.90545750608388,302.7112968812743,1325,left,0.0011083891751935183,4912000,1899.8467643004494
SAT-0-0,307.6385600000621,320.7112968812742,1325,SAT-1-0,-37.90545750608388,338.7112968812742,1325,right,0.0011083891751935183,4912000,1899.846764300448
SAT-0-0,307.8890800000622,320.9646731387531,1325,SAT-19-0,-37.75475784054254,302.9646731387531,1325,left,0.0011038698061851993,4916000,1903.731001080013
SAT-0-0,307.8890800000622,320.9646731387531,1325,SAT-1-0,-37.75475784054254,338.9646731387531,1325,right,0.0011038698061851993,4916000,1903.7310010800104
SAT-0-0,308.01434000006225,321.0909739087478,1325,SAT-19-0,-37.67920510527229,303.09097390874786,1325,left,0.0011016201454555048,4918000,1905.673394414522
SAT-0-0,308.01434000006225,321.0909739087478,1325,SAT-1-0,-37.67920510527229,339.0909739087478,1325,right,0.0011016201455562858,4918000,1905.67339441452
SAT-0-0,308.26486000006236,321.342804570892,1325,SAT-19-0,-37.527697039355935,303.342804570892,1325,left,0.001097140958684849,4922000,1909.5585429773498
SAT-0-0,308.26486000006236,321.342804570892,1325,SAT-1-0,-37.527697039355935,339.342804570892,1325,right,0.001097140958684849,4922000,1909.5585429773496
SAT-0-0,308.3901200000624,321.4683360046419,1325,SAT-19-0,-37.45174298533026,303.4683360046419,1325,left,0.0010949114650236427,4924000,1911.5012233454352
SAT-0-0,308.3901200000624,321.4683360046419,1325,SAT-1-0,-37.45174298533026,339.4683360046419,1325,right,0.0010949114651250412,4924000,1911.5012233454333
SAT-0-0,308.6406400000625,321.7186349451359,1325,SAT-19-0,-37.29943800864506,303.71863494513593,1325,left,0.0010904727558672062,4928000,1915.38660995127
SAT-0-0,308.6406400000625,321.7186349451359,1325,SAT-1-0,-37.29943800864506,339.7186349451359,1325,right,0.0010904727560708287,4928000,1915.3866099512677
SAT-0-0,308.7659000000625,321.84340400414294,1325,SAT-19-0,-37.22308834817489,303.84340400414294,1325,left,0.0010882635701333647,4930000,1917.3292420069183
SAT-0-0,308.7659000000625,321.84340400414294,1325,SAT-1-0,-37.22308834817489,339.84340400414294,1325,right,0.0010882635701333647,4930000,1917.329242006915
SAT-0-0,309.0164200000626,322.0921851926601,1325,SAT-19-0,-37.06999782045275,304.0921851926601,1325,left,0.001083865606361823,4934000,1921.2141990184173
SAT-0-0,309.0164200000626,322.0921851926601,1325,SAT-1-0,-37.06999782045275,340.0921851926601,1325,right,0.0010838656065666867,4934000,1921.2141990184148
SAT-0-0,309.1416800000627,322.21619888405513,1325,SAT-19-0,-36.993258201000934,304.21619888405513,1325,left,0.001081676855360925,4936000,1923.1564504726762
SAT-0-0,309.1416800000627,322.21619888405513,1325,SAT-1-0,-36.993258201000934,340.21619888405513,1325,right,0.001081676855258286,4936000,1923.1564504726755
SAT-0-0,309.39220000006276,322.46347637689144,1325,SAT-19-0,-36.83939335247608,304.46347637689144,1325,left,0.0010773198780916647,4940000,1927.0403163768465
SAT-0-0,309.39220000006276,322.46347637689144,1325,SAT-1-0,-36.83939335247608,340.46347637689144,1325,right,0.0010773198779886106,4940000,1927.040316376846
SAT-0-0,309.51746000006284,322.5867417488371,1325,SAT-19-0,-36.7622693568637,304.5867417488371,1325,left,0.0010751516757259042,4942000,1928.9818580076737
SAT-0-0,309.51746000006284,322.5867417488371,1325,SAT-1-0,-36.7622693568637,340.5867417488371,1325,right,0.0010751516756226421,4942000,1928.9818580076715
SAT-0-0,309.7679800000629,322.8325296798873,1325,SAT-19-0,-36.60764128872018,304.8325296798873,1325,left,0.0010708358996062732,4946000,1932.8639774338478
SAT-0-0,309.7679800000629,322.8325296798873,1325,SAT-1-0,-36.60764128872018,340.8325296798873,1325,right,0.0010708358998136297,4946000,1932.8639774338465
SAT-0-0,309.893240000063,322.9550538171504,1325,SAT-19-0,-36.53013843536739,304.9550538171504,1325,left,0.001068688347138391,4948000,1934.804483094253
SAT-0-0,309.893240000063,322.9550538171504,1325,SAT-1-0,-36.53013843536739,340.9550538171504,1325,right,0.0010686883473461641,4948000,1934.804483094252
SAT-0-0,310.1437600000631,323.19936638922053,1325,SAT-19-0,-36.374758120253695,305.19936638922053,1325,left,0.0010644139628532255,4952000,1938.6842068287922
SAT-0-0,310.1437600000631,323.19936638922053,1325,SAT-1-0,-36.374758120253695,341.19936638922053,1325,right,0.0010644139629575292,4952000,1938.684206828791
SAT-0-0,310.2690200000631,323.3211564089116,1325,SAT-19-0,-36.29688186345318,305.3211564089116,1325,left,0.0010622871494039355,4954000,1940.6233534534076
SAT-0-0,310.2690200000631,323.3211564089116,1325,SAT-1-0,-36.29688186345318,341.3211564089116,1325,right,0.0010622871494039355,4954000,1940.6233534534058
SAT-0-0,310.5195400000632,323.5640078853614,1325,SAT-19-0,-36.1407601460606,305.5640078853613,1325,left,0.0010580543228302498,4958000,1944.500038451263
SAT-0-0,310.5195400000632,323.5640078853614,1325,SAT-1-0,-36.1407601460606,341.5640078853614,1325,right,0.001058054322515458,4958000,1944.500038451262
SAT-0-0,310.64480000006324,323.6850709328369,1325,SAT-19-0,-36.06251587628199,305.6850709328369,1325,left,0.001055948325585214,4960000,1946.437506061361
SAT-0-0,310.64480000006324,323.6850709328369,1325,SAT-1-0,-36.06251587628199,341.6850709328369,1325,right,0.001055948325690354,4960000,1946.437506061359
SAT-0-0,310.89532000006335,323.9264756295457,1325,SAT-19-0,-35.90566347398307,305.9264756295456,1325,left,0.0010517572001066,4964000,1950.3105154546702
SAT-0-0,310.89532000006335,323.9264756295457,1325,SAT-1-0,-35.90566347398307,341.9264756295457,1325,right,0.0010517572001066,4964000,1950.310515454668
SAT-0-0,311.0205800000634,324.04681887447117,1325,SAT-19-0,-35.8270565182065,306.0468188744711,1325,left,0.0010496720850740912,4966000,1952.2459871617543
SAT-0-0,311.0205800000634,324.04681887447117,1325,SAT-1-0,-35.8270565182065,342.04681887447117,1325,right,0.0010496720851798597,4966000,1952.2459871617516
SAT-0-0,311.2711000000635,324.2867911521206,1325,SAT-19-0,-35.669484021750016,306.2867911521206,1325,left,0.0010455227818742916,4970000,1956.1146902656087
SAT-0-0,311.2711000000635,324.2867911521206,1325,SAT-1-0,-35.669484021750016,342.2867911521206,1325,right,0.0010455227820866681,4970000,1956.114690265607
SAT-0-0,311.3963600000635,324.40642178468926,1325,SAT-19-0,-35.59051964382731,306.40642178468926,1325,left,0.0010434586045715228,4972000,1958.0478522736128
SAT-0-0,311.3963600000635,324.40642178468926,1325,SAT-1-0,-35.59051964382731,342.40642178468926,1325,right,0.0010434586045715228,4972000,1958.0478522736096
SAT-0-0,311.6468800000636,324.6449760413557,1325,SAT-19-0,-35.43223751808687,306.6449760413557,1325,left,0.001039351223601543,4976000,1961.9116245891519
SAT-0-0,311.6468800000636,324.6449760413557,1325,SAT-1-0,-35.43223751808687,342.6449760413557,1325,right,0.001039351223708362,4976000,1961.9116245891505
SAT-0-0,311.77214000006364,324.7639012686612,1325,SAT-19-0,-35.352920919128564,306.7639012686612,1325,left,0.0010373080289183703,4978000,1963.8421661953405
SAT-0-0,311.77214000006364,324.7639012686612,1325,SAT-1-0,-35.352920919128564,342.7639012686612,1325,right,0.0010373080289183703,4978000,1963.8421661953394
SAT-0-0,312.02266000006375,325.00105193271094,1325,SAT-19-0,-35.19393950390136,307.0010519327109,1325,left,0.0010332426498079101,4982000,1967.7003894103009
SAT-0-0,312.02266000006375,325.00105193271094,1325,SAT-1-0,-35.19393950390136,343.00105193271094,1325,right,0.0010332426498079101,4982000,1967.7003894102993
SAT-0-0,312.14792000006383,325.11927897526954,1325,SAT-19-0,-35.114275822688136,307.1192789752695,1325,left,0.0010312204726311935,4984000,1969.628003004936
SAT-0-0,312.14792000006383,325.11927897526954,1325,SAT-1-0,-35.114275822688136,343.11927897526954,1325,right,0.0010312204726311935,4984000,1969.6280030049352
SAT-0-0,312.3984400000639,325.3550404985501,1325,SAT-19-0,-34.95460533354091,307.3550404985501,1325,left,0.0010271971559765406,4988000,1973.4800649917934
SAT-0-0,312.3984400000639,325.3550404985501,1325,SAT-1-0,-34.95460533354091,343.3550404985501,1325,right,0.001027197155868458,4988000,1973.480064991792
SAT-0-0,312.52370000006397,325.47257658696884,1325,SAT-19-0,-34.87459964695777,307.47257658696884,1325,left,0.0010251960213047587,4990000,1975.4044460566322
SAT-0-0,312.52370000006397,325.47257658696884,1325,SAT-1-0,-34.87459964695777,343.47257658696884,1325,right,0.0010251960213047587,4990000,1975.4044460566304
SAT-0-0,312.7742200000641,325.7069634382889,1325,SAT-19-0,-34.71425017611717,307.7069634382889,1325,left,0.0010212148086052658,4994000,1979.2497408684742
SAT-0-0,312.7742200000641,325.7069634382889,1325,SAT-1-0,-34.71425017611717,343.7069634382889,1325,right,0.0010212148087139817,4994000,1979.2497408684735
SAT-0-0,312.8994800000641,325.8238158100762,1325,SAT-19-0,-34.63390749960922,307.8238158100762,1325,left,0.0010192347332007151,4996000,1981.1705879741535
SAT-0-0,312.8994800000641,325.8238158100762,1325,SAT-1-0,-34.63390749960922,343.8238158100762,1325,right,0.0010192347333096423,4996000,1981.1705879741512
SAT-0-0,313.1500000000642,326.0568424689672,1325,SAT-19-0,-34.47288901689325,308.0568424689672,1325,left,0.0010152956482389092,5000000,1985.008515838412
SAT-0-0,313.1500000000642,326.0568424689672,1325,SAT-1-0,-34.47288901689325,344.0568424689672,1325,right,0.0010152956482389092,5000000,1985.0085158384118
SAT-0-0,313.27526000006424,326.1730183654834,1325,SAT-19-0,-34.392214304941305,308.17301836548336,1325,left,0.0010133366394944148,5002000,1986.9255306407997
SAT-0-0,313.27526000006424,326.1730183654834,1325,SAT-1-0,-34.392214304941305,344.1730183654834,1325,right,0.0010133366396039758,5002000,1986.925530640798
SAT-0-0,313.52578000006434,326.4046993162356,1325,SAT-19-0,-34.230536658729775,308.4046993162356,1325,left,0.001009439689334787,5006000,1990.7554979509484
SAT-0-0,313.52578000006434,326.4046993162356,1325,SAT-1-0,-34.230536658729775,344.4046993162356,1325,right,0.001009439689334787,5006000,1990.755497950947
SAT-0-0,313.65104000006437,326.52020597977776,1325,SAT-19-0,-34.149534805344736,308.52020597977776,1325,left,0.0010075017466497067,5008000,1992.6683851865102
SAT-0-0,313.65104000006437,326.52020597977776,1325,SAT-1-0,-34.149534805344736,344.52020597977776,1325,right,0.0010075017465395113,5008000,1992.668385186508
SAT-0-0,313.9015600000645,326.75055570574364,1325,SAT-19-0,-33.98720772358564,308.7505557057436,1325,left,0.0010036469212542317,5012000,1996.4898044918523
SAT-0-0,313.9015600000645,326.75055570574364,1325,SAT-1-0,-33.98720772358564,344.75055570574364,1325,right,0.0010036469213648507,5012000,1996.4898044918505
SAT-0-0,314.0268200000645,326.8654003767631,1325,SAT-19-0,-33.90588356282014,308.8654003767631,1325,left,0.001001730036241518,5014000,1998.3982719720952
SAT-0-0,314.0268200000645,326.8654003767631,1325,SAT-1-0,-33.90588356282014,344.8654003767631,1325,right,0.0010017300359090261,5014000,1998.3982719720925
SAT-0-0,314.2773400000646,327.09443335492097,1325,SAT-19-0,-33.74291665406943,309.09443335492097,1325,left,0.0009979173110931197,5018000,2002.2105619657732
SAT-0-0,314.2773400000646,327.09443335492097,1325,SAT-1-0,-33.74291665406943,345.09443335492097,1325,right,0.0009979173110931197,5018000,2002.210561965771
SAT-0-0,314.40260000006464,327.2086232693689,1325,SAT-19-0,-33.66127496054575,309.2086232693689,1325,left,0.0009960214670251626,5020000,2004.1143205708104
SAT-0-0,314.40260000006464,327.2086232693689,1325,SAT-1-0,-33.66127496054575,345.2086232693689,1325,right,0.0009960214671366284,5020000,2004.11432057081
SAT-0-0,314.65312000006475,327.43635396513963,1325,SAT-19-0,-33.49767771503825,309.4363539651396,1325,left,0.0009922508023815495,5024000,2007.9169060761228
SAT-0-0,314.65312000006475,327.43635396513963,1325,SAT-1-0,-33.49767771503825,345.43635396513963,1325,right,0.000992250802493439,5024000,2007.9169060761196
SAT-0-0,314.77838000006483,327.54989635193726,1325,SAT-19-0,-33.415723204491115,309.5498963519373,1325,left,0.0009903759760913208,5026000,2009.8156697474408
SAT-0-0,314.77838000006483,327.54989635193726,1325,SAT-1-0,-33.415723204491115,345.54989635193726,1325,right,0.0009903759760913208,5026000,2009.8156697474399
SAT-0-0,315.0289000000649,327.77633921424706,1325,SAT-19-0,-33.25150499524014,309.7763392142471,1325,left,0.0009866473182615616,5030000,2013.607981702574
SAT-0-0,315.0289000000649,327.77633921424706,1325,SAT-1-0,-33.25150499524014,345.77633921424706,1325,right,0.0009866473182615616,5030000,2013.607981702573
SAT-0-0,315.15416000006496,327.88924129287744,1325,SAT-19-0,-33.169242325073256,309.88924129287744,1325,left,0.00098479347918032,5032000,2015.5014674350202
SAT-0-0,315.15416000006496,327.88924129287744,1325,SAT-1-0,-33.169242325073256,345.88924129287744,1325,right,0.0009847934794057934,5032000,2015.5014674350182
SAT-0-0,315.404680000065,328.11441074945935,1325,SAT-19-0,-33.00441240899676,310.11441074945935,1325,left,0.0009811067612872431,5036000,2019.2829428763196
SAT-0-0,315.404680000065,328.11441074945935,1325,SAT-1-0,-33.00441240899676,346.11441074945935,1325,right,0.0009811067610609227,5036000,2019.2829428763184
SAT-0-0,315.5299400000651,328.2266797276763,1325,SAT-19-0,-32.92184617885218,310.2266797276763,1325,left,0.0009792738728418731,5038000,2021.1708707093771
SAT-0-0,315.5299400000651,328.2266797276763,1325,SAT-1-0,-32.92184617885218,346.2266797276763,1325,right,0.0009792738728418731,5038000,2021.1708707093753
SAT-0-0,315.7804600000652,328.4505901806042,1325,SAT-19-0,-32.75641369792306,310.45059018060425,1325,left,0.00097562901414814,5042000,2024.9409527532289
SAT-0-0,315.7804600000652,328.4505901806042,1325,SAT-1-0,-32.75641369792306,346.4505901806042,1325,right,0.0009756290142619356,5042000,2024.9409527532268
SAT-0-0,315.90572000006523,328.56223325225636,1325,SAT-19-0,-32.67354845026203,310.5622332522564,1325,left,0.000973817033723857,5044000,2026.8230457616407
SAT-0-0,315.90572000006523,328.56223325225636,1325,SAT-1-0,-32.67354845026203,346.56223325225636,1325,right,0.000973817033723857,5044000,2026.8230457616387
SAT-0-0,316.15624000006534,328.7848990737033,1325,SAT-19-0,-32.50752243268091,310.78489907370323,1325,left,0.0009702139427254154,5048000,2030.581183585063
SAT-0-0,316.15624000006534,328.7848990737033,1325,SAT-1-0,-32.50752243268091,346.7848990737033,1325,right,0.0009702139426109845,5048000,2030.581183585061
SAT-0-0,316.28150000006536,328.8959234166682,1325,SAT-19-0,-32.42436265337544,310.8959234166682,1325,left,0.0009684228208365852,5050000,2032.4571678688146
SAT-0-0,316.28150000006536,328.8959234166682,1325,SAT-1-0,-32.42436265337544,346.8959234166682,1325,right,0.0009684228208365852,5050000,2032.4571678688137
SAT-0-0,316.5320200000655,329.1173589448837,1325,SAT-19-0,-32.25775201476371,311.1173589448836,1325,left,0.0009648613944362056,5054000,2036.2028166888622
SAT-0-0,316.5320200000655,329.1173589448837,1325,SAT-1-0,-32.25775201476371,347.1173589448837,1325,right,0.0009648613940910089,5054000,2036.202816688861
SAT-0-0,316.6572800000655,329.2277717191099,1325,SAT-19-0,-32.17430213369776,311.22777171910985,1325,left,0.0009630910766435102,5056000,2038.0724213626092
SAT-0-0,316.6572800000655,329.2277717191099,1325,SAT-1-0,-32.17430213369776,347.2277717191099,1325,right,0.0009630910765282332,5056000,2038.0724213626083
SAT-0-0,316.9078000000656,329.44799125460855,1325,SAT-19-0,-32.007115678308864,311.4479912546085,1325,left,0.0009595712001261612,5060000,2041.8050424146625
SAT-0-0,316.9078000000656,329.44799125460855,1325,SAT-1-0,-32.007115678308864,347.44799125460855,1325,right,0.0009595712000104612,5060000,2041.8050424146604
SAT-0-0,317.03306000006563,329.5577996002615,1325,SAT-19-0,-31.923380069988372,311.5577996002615,1325,left,0.0009578216272777023,5062000,2043.6679995966035
SAT-0-0,317.03306000006563,329.5577996002615,1325,SAT-1-0,-31.923380069988372,347.5577996002615,1325,right,0.000957821627161791,5062000,2043.6679995966022
SAT-0-0,317.28358000006574,329.77681740221647,1325,SAT-19-0,-31.755626491935892,311.77681740221647,1325,left,0.0009543431761583946,5066000,2047.3870601116291
SAT-0-0,317.28358000006574,329.77681740221647,1325,SAT-1-0,-31.755626491935892,347.77681740221647,1325,right,0.0009543431762747283,5066000,2047.3870601116262
SAT-0-0,317.40884000006577,329.8860284379253,1325,SAT-19-0,-31.671609476106585,311.8860284379253,1325,left,0.0009526142832475905,5068000,2049.2431049119
SAT-0-0,317.40884000006577,329.8860284379253,1325,SAT-1-0,-31.671609476106585,347.8860284379253,1325,right,0.0009526142832475905,5068000,2049.2431049118977
SAT-0-0,317.6593600000659,330.1038587207603,1325,SAT-19-0,-31.5032973606071,312.1038587207603,1325,left,0.0009491771235455011,5072000,2052.948078092766
SAT-0-0,317.6593600000659,330.1038587207603,1325,SAT-1-0,-31.5032973606071,348.1038587207603,1325,right,0.0009491771235455011,5072000,2052.948078092764
SAT-0-0,317.78462000006596,330.2124795419622,1325,SAT-19-0,-31.419003202879384,312.2124795419622,1325,left,0.0009474688413532346,5074000,2054.7969486013703
SAT-0-0,317.78462000006596,330.2124795419622,1325,SAT-1-0,-31.419003202879384,348.2124795419622,1325,right,0.000947468841118879,5074000,2054.796948601369
SAT-0-0,318.035140000066,330.4291364721351,1325,SAT-19-0,-31.250141027508604,312.4291364721351,1325,left,0.0009440728297721253,5078000,2058.48731359829
SAT-0-0,318.035140000066,330.4291364721351,1325,SAT-1-0,-31.250141027508604,348.4291364721351,1325,right,0.0009440728297721253,5078000,2058.4873135982884
SAT-0-0,318.1604000000661,330.53717414951427,1325,SAT-19-0,-31.16557393998865,312.5371741495142,1325,left,0.0009423850840878312,5080000,2060.3287508726185
SAT-0-0,318.1604000000661,330.53717414951427,1325,SAT-1-0,-31.16557393998865,348.53717414951427,1325,right,0.0009423850840878312,5080000,2060.328750872617
SAT-0-0,318.4109200000662,330.7526718424871,1325,SAT-19-0,-30.99617007594932,312.75267184248713,1325,left,0.000939030069035758,5084000,2064.003992757784
SAT-0-0,318.4109200000662,330.7526718424871,1325,SAT-1-0,-30.99617007594932,348.7526718424871,1325,right,0.0009390300687992963,5084000,2064.0039927577827
SAT-0-0,318.5361800000662,330.8601334205045,1325,SAT-19-0,-30.911334217875698,312.8601334205045,1325,left,0.0009373627815203528,5086000,2065.8377408097404
SAT-0-0,318.5361800000662,330.8601334205045,1325,SAT-1-0,-30.911334217875698,348.8601334205045,1325,right,0.0009373627815203528,5086000,2065.8377408097404
SAT-0-0,318.78670000006633,331.07448593789195,1325,SAT-19-0,-30.74139693127552,313.07448593789195,1325,left,0.0009340486023892805,5090000,2069.4973505512394
SAT-0-0,318.78670000006633,331.07448593789195,1325,SAT-1-0,-30.74139693127552,349.07448593789195,1325,right,0.0009340486026270034,5090000,2069.497350551237
SAT-0-0,318.91196000006636,331.18137843340384,1325,SAT-19-0,-30.656296409660424,313.18137843340384,1325,left,0.0009324016922993717,5092000,2071.3231563340314
SAT-0-0,318.91196000006636,331.18137843340384,1325,SAT-1-0,-30.656296409660424,349.18137843340384,1325,right,0.0009324016922993717,5092000,2071.3231563340287
SAT-0-0,319.16248000006647,331.39459978029583,1325,SAT-19-0,-30.485833862798945,313.3945997802959,1325,left,0.0009291281822023235,5096000,2074.966630769081
SAT-0-0,319.16248000006647,331.39459978029583,1325,SAT-1-0,-30.485833862798945,349.39459978029583,1325,right,0.0009291281819633418,5096000,2074.966630769079
SAT-0-0,319.2877400000665,331.500930181257,1325,SAT-19-0,-30.40047273307362,313.50093018125693,1325,left,0.0009275015630246443,5098000,2076.7842441636794
SAT-0-0,319.2877400000665,331.500930181257,1325,SAT-1-0,-30.40047273307362,349.500930181257,1325,right,0.0009275015627852435,5098000,2076.784244163678
SAT-0-0,319.5382600000666,331.71303430370835,1325,SAT-19-0,-30.22949298573657,313.71303430370835,1325,left,0.0009242685466857848,5102000,2080.411085971278
SAT-0-0,319.5382600000666,331.71303430370835,1325,SAT-1-0,-30.22949298573657,349.71303430370835,1325,right,0.0009242685471662612,5102000,2080.411085971277
SAT-0-0,319.6635200000666,331.8188095679578,1325,SAT-19-0,-30.14387525239994,313.81880956795777,1325,left,0.0009226621300161874,5104000,2082.2202597726073
SAT-0-0,319.6635200000666,331.8188095679578,1325,SAT-1-0,-30.14387525239994,349.8188095679578,1325,right,0.0009226621295348743,5104000,2082.2202597726055
SAT-0-0,319.91404000006673,332.0298103506397,1325,SAT-19-0,-29.97238626315954,314.0298103506397,1325,left,0.0009194694264481827,5108000,2085.8299774456254
SAT-0-0,319.91404000006673,332.0298103506397,1325,SAT-1-0,-29.97238626315954,350.0298103506397,1325,right,0.0009194694266896748,5108000,2085.8299774456236
SAT-0-0,320.03930000006676,332.1350374047659,1325,SAT-19-0,-29.88651588042991,314.1350374047659,1325,left,0.0009178831194565196,5110000,2087.6304673484788
SAT-0-0,320.03930000006676,332.1350374047659,1325,SAT-1-0,-29.88651588042991,350.1350374047659,1325,right,0.0009178831194565196,5110000,2087.6304673484788
SAT-0-0,320.28982000006687,332.34494866877293,1325,SAT-19-0,-29.71452550795024,314.3449486687729,1325,left,0.0009147305419235142,5114000,2091.222575165278
SAT-0-0,320.28982000006687,332.34494866877293,1325,SAT-1-0,-29.71452550795024,350.34494866877293,1325,right,0.000914730541680771,5114000,2091.222575165278
SAT-0-0,320.41508000006695,332.44963440705527,1325,SAT-19-0,-29.6284063804189,314.44963440705527,1325,left,0.0009131642494920488,5116000,2093.0141397500233
SAT-0-0,320.41508000006695,332.44963440705527,1325,SAT-1-0,-29.6284063804189,350.44963440705527,1325,right,0.0009131642494920488,5116000,2093.0141397500215
SAT-0-0,320.665600000067,332.65846990786304,1325,SAT-19-0,-29.455922384765135,314.65846990786304,1325,left,0.0009100516037764187,5120000,2096.588157745641
SAT-0-0,320.665600000067,332.65846990786304,1325,SAT-1-0,-29.455922384765135,350.65846990786304,1325,right,0.0009100516035324274,5120000,2096.5881577456385
SAT-0-0,320.7908600000671,332.76262119128717,1325,SAT-19-0,-29.36955836805172,314.7626211912872,1325,left,0.0009085052281312575,5122000,2098.3705584637028
SAT-0-0,320.7908600000671,332.76262119128717,1325,SAT-1-0,-29.36955836805172,350.76262119128717,1325,right,0.0009085052278868509,5122000,2098.3705584637005
SAT-0-0,321.04138000006714,332.97039461685506,1325,SAT-19-0,-29.19658841200195,314.97039461685506,1325,left,0.0009054323155361262,5126000,2101.926012400655
SAT-0-0,321.04138000006714,332.97039461685506,1325,SAT-1-0,-29.19658841200195,350.97039461685506,1325,right,0.0009054323155361262,5126000,2101.9260124006532
SAT-0-0,321.1666400000672,333.0740182721994,1325,SAT-19-0,-29.109983313410847,315.07401827219934,1325,left,0.0009039057563673148,5128000,2103.699013559844
SAT-0-0,321.1666400000672,333.0740182721994,1325,SAT-1-0,-29.109983313410847,351.0740182721994,1325,right,0.0009039057561216645,5128000,2103.6990135598426
SAT-0-0,321.4171600000673,333.28074324121235,1325,SAT-19-0,-28.93653496376969,315.2807432412123,1325,left,0.0009008723738544151,5132000,2107.235434898609
SAT-0-0,321.4171600000673,333.28074324121235,1325,SAT-1-0,-28.93653496376969,351.28074324121235,1325,right,0.0009008723739776538,5132000,2107.2354348986073
SAT-0-0,321.54242000006735,333.38384606020304,1325,SAT-19-0,-28.849692542947132,315.383846060203,1325,left,0.0008993655278244983,5134000,2108.9988036482805
SAT-0-0,321.54242000006735,333.38384606020304,1325,SAT-1-0,-28.849692542947132,351.38384606020304,1325,right,0.0008993655278244983,5134000,2108.9988036482787
SAT-0-0,321.79294000006746,333.5895361204482,1325,SAT-19-0,-28.675773271859878,315.58953612044814,1325,left,0.0008963714672911698,5138000,2112.5157295174913
SAT-0-0,321.79294000006746,333.5895361204482,1325,SAT-1-0,-28.675773271859878,351.5895361204482,1325,right,0.0008963714672911698,5138000,2112.5157295174904
SAT-0-0,321.9182000000675,333.6921248589801,1325,SAT-19-0,-28.588697241451058,315.6921248589801,1325,left,0.0008948842293924785,5140000,2114.269235833586
SAT-0-0,321.9182000000675,333.6921248589801,1325,SAT-1-0,-28.588697241451058,351.6921248589801,1325,right,0.0008948842291443519,5140000,2114.269235833583
SAT-0-0,322.1687200000676,333.8967934858525,1325,SAT-19-0,-28.414314427717887,315.89679348585247,1325,left,0.000891929278181314,5144000,2117.7662089999917
SAT-0-0,322.1687200000676,333.8967934858525,1325,SAT-1-0,-28.414314427717887,351.8967934858525,1325,right,0.0008919292784302628,5144000,2117.76620899999
SAT-0-0,322.2939800000676,333.9988748632737,1325,SAT-19-0,-28.327008454023673,315.9988748632737,1325,left,0.000890461541387061,5146000,2119.5096256699567
SAT-0-0,322.2939800000676,333.9988748632737,1325,SAT-1-0,-28.327008454023673,351.9988748632737,1325,right,0.000890461541387061,5146000,2119.5096256699553
SAT-0-0,322.5445000000677,334.20253545840706,1325,SAT-19-0,-28.15216938441257,316.20253545840706,1325,left,0.0008875454839385786,5150000,2122.9861945081893
SAT-0-0,322.5445000000677,334.20253545840706,1325,SAT-1-0,-28.15216938441257,352.20253545840706,1325,right,0.0008875454836884003,5150000,2122.986194508187
SAT-0-0,322.66976000006775,334.30411615686415,1325,SAT-19-0,-28.064637088045703,316.3041161568642,1325,left,0.0008860971388489086,5152000,2124.7192971158315
SAT-0-0,322.66976000006775,334.30411615686415,1325,SAT-1-0,-28.064637088045703,352.30411615686415,1325,right,0.0008860971388489086,5152000,2124.719297115829
SAT-0-0,322.92028000006786,334.5067820468801,1325,SAT-19-0,-27.88934895860353,316.5067820468801,1325,left,0.0008832197551343757,5156000,2128.175015578011
SAT-0-0,322.92028000006786,334.5067820468801,1325,SAT-1-0,-27.88934895860353,352.5067820468801,1325,right,0.0008832197551343757,5156000,2128.17501557801
SAT-0-0,323.0455400000679,334.6078687107224,1325,SAT-19-0,-27.80159391514353,316.60786871072247,1325,left,0.0008817906917525413,5158000,2129.897582488258
SAT-0-0,323.0455400000679,334.6078687107224,1325,SAT-1-0,-27.80159391514353,352.6078687107224,1325,right,0.0008817906917525413,5158000,2129.897582488257
SAT-0-0,323.296060000068,334.8095531460967,1325,SAT-19-0,-27.625863832504482,316.8095531460967,1325,left,0.0008789517588295168,5162000,2133.332010073499
SAT-0-0,323.296060000068,334.8095531460967,1325,SAT-1-0,-27.625863832504482,352.8095531460967,1325,right,0.0008789517588295168,5162000,2133.3320100734963
SAT-0-0,323.4213200000681,334.91015238133673,1325,SAT-19-0,-27.53788957315106,316.9101523813368,1325,left,0.0008775418645928642,5164000,2135.043822417133
SAT-0-0,323.4213200000681,334.91015238133673,1325,SAT-1-0,-27.53788957315106,352.91015238133673,1325,right,0.0008775418645928642,5164000,2135.0438224171317
SAT-0-0,323.67184000006813,335.11086853537415,1325,SAT-19-0,-27.361724555841775,317.1108685353742,1325,left,0.0008747411571847324,5168000,2138.456524140946
SAT-0-0,323.67184000006813,335.11086853537415,1325,SAT-1-0,-27.361724555841775,353.11086853537415,1325,right,0.0008747411569308921,5168000,2138.456524140943
SAT-0-0,323.7971000000682,335.21098690920235,1325,SAT-19-0,-27.273534568066356,317.21098690920235,1325,left,0.0008733503186331338,5170000,2140.157365799296
SAT-0-0,323.7971000000682,335.21098690920235,1325,SAT-1-0,-27.273534568066356,353.21098690920235,1325,right,0.0008733503188873785,5170000,2140.1573657992935
SAT-0-0,324.0476200000683,335.4107478771191,1325,SAT-19-0,-27.096941547806917,317.4107478771191,1325,left,0.0008705876084566118,5174000,2143.547912162963
SAT-0-0,324.0476200000683,335.4107478771191,1325,SAT-1-0,-27.096941547806917,353.4107478771191,1325,right,0.0008705876084566118,5174000,2143.547912162962
SAT-0-0,324.17288000006835,335.5103919174705,1325,SAT-19-0,-27.008539276002175,317.51039191747054,1325,left,0.000869215711155766,5176000,2145.237569752579
SAT-0-0,324.17288000006835,335.5103919174705,1325,SAT-1-0,-27.008539276002175,353.5103919174705,1325,right,0.000869215711155766,5176000,2145.2375697525777
SAT-0-0,324.42340000006845,335.7092107155778,1325,SAT-19-0,-26.831525099002388,317.7092107155778,1325,left,0.0008664907678971988,5180000,2148.605536712514
SAT-0-0,324.42340000006845,335.7092107155778,1325,SAT-1-0,-26.831525099002388,353.7092107155778,1325,right,0.0008664907676409414,5180000,2148.605536712512
SAT-0-0,324.5486600000685,335.8083869107487,1325,SAT-19-0,-26.742913945128993,317.8083869107487,1325,left,0.0008651376954638002,5182000,2150.283799569852
SAT-0-0,324.5486600000685,335.8083869107487,1325,SAT-1-0,-26.742913945128993,353.8083869107487,1325,right,0.0008651376954638002,5182000,2150.2837995698496
SAT-0-0,324.7991800000686,336.0062764757347,1325,SAT-19-0,-26.56548537337953,318.0062764757347,1325,left,0.000862450286621715,5186000,2153.6287685069597
SAT-0-0,324.7991800000686,336.0062764757347,1325,SAT-1-0,-26.56548537337953,354.0062764757347,1325,right,0.0008624502863642571,5186000,2153.6287685069574
SAT-0-0,324.9244400000686,336.1049912740475,1325,SAT-19-0,-26.47666869761035,318.10499127404745,1325,left,0.0008611159232056847,5188000,2155.295428673073
SAT-0-0,324.9244400000686,336.1049912740475,1325,SAT-1-0,-26.47666869761035,354.1049912740475,1325,right,0.0008611159232056847,5188000,2155.295428673071
SAT-0-0,325.1749600000687,336.30196446235243,1325,SAT-19-0,-26.298832410168053,318.3019644623525,1325,left,0.0008584658141967999,5192000,2158.616986362177
SAT-0-0,325.1749600000687,336.30196446235243,1325,SAT-1-0,-26.298832410168053,354.30196446235243,1325,right,0.0008584658144554528,5192000,2158.6169863621762
SAT-0-0,325.30022000006875,336.40022427186574,1325,SAT-19-0,-26.209813531529154,318.4002242718657,1325,left,0.0008571500422337483,5194000,2160.2718385674443
SAT-0-0,325.30022000006875,336.40022427186574,1325,SAT-1-0,-26.209813531529154,354.40022427186574,1325,right,0.0008571500422337483,5194000,2160.2718385674425
SAT-0-0,325.55074000006886,336.5962938591477,1325,SAT-19-0,-26.03157612579589,318.5962938591477,1325,left,0.0008545369979248517,5198000,2163.569577146772
SAT-0-0,325.55074000006886,336.5962938591477,1325,SAT-1-0,-26.03157612579589,354.5962938591477,1325,right,0.0008545369976650097,5198000,2163.56957714677
SAT-0-0,325.6760000000689,336.69410504741114,1325,SAT-19-0,-25.9423583228044,318.69410504741114,1325,left,0.0008532396992183799,5200000,2165.2124187956606
SAT-0-0,325.6760000000689,336.69410504741114,1325,SAT-1-0,-25.9423583228044,354.69410504741114,1325,right,0.0008532396992183799,5200000,2165.2124187956592
SAT-0-0,325.926520000069,336.88928372809744,1325,SAT-19-0,-25.763726315799254,318.88928372809744,1325,left,0.0008506634825004335,5204000,2168.4859357364285
SAT-0-0,325.926520000069,336.88928372809744,1325,SAT-1-0,-25.763726315799254,354.88928372809744,1325,right,0.0008506634825004335,5204000,2168.485935736428
SAT-0-0,326.0517800000691,336.98665262194834,1325,SAT-19-0,-25.67431282709763,318.9866526219483,1325,left,0.0008493845384143957,5206000,2170.116566892323
SAT-0-0,326.0517800000691,336.98665262194834,1325,SAT-1-0,-25.67431282709763,354.98665262194834,1325,right,0.0008493845384143957,5206000,2170.1165668923218
SAT-0-0,326.3023000000691,337.18095300887023,1325,SAT-19-0,-25.495292656721706,319.18095300887023,1325,left,0.0008468449117557554,5210000,2173.365464968447
SAT-0-0,326.3023000000691,337.18095300887023,1325,SAT-1-0,-25.495292656721706,355.18095300887023,1325,right,0.0008468449120179577,5210000,2173.3654649684463
SAT-0-0,326.4275600000692,337.2778858942705,1325,SAT-19-0,-25.405686681708318,319.2778858942705,1325,left,0.0008455842034136439,5212000,2174.9836883385315
SAT-0-0,326.4275600000692,337.2778858942705,1325,SAT-1-0,-25.405686681708318,355.2778858942705,1325,right,0.0008455842034136439,5212000,2174.9836883385283
SAT-0-0,326.67808000006926,337.47132051837593,1325,SAT-19-0,-25.226284708002034,319.47132051837593,1325,left,0.0008430809284786745,5216000,2178.207575596481
SAT-0-0,326.67808000006926,337.47132051837593,1325,SAT-1-0,-25.226284708002034,355.47132051837593,1325,right,0.0008430809284786745,5216000,2178.207575596479
SAT-0-0,326.80334000006934,337.56782364028817,1325,SAT-19-0,-25.136489407457702,319.56782364028817,1325,left,0.0008418383360438852,5218000,2179.813196516707
SAT-0-0,326.80334000006934,337.56782364028817,1325,SAT-1-0,-25.136489407457702,355.56782364028817,1325,right,0.0008418383360438852,5218000,2179.813196516706
SAT-0-0,327.05386000006945,337.760404950431,1325,SAT-19-0,-24.95671191385002,319.760404950431,1325,left,0.0008393711735638575,5222000,2183.011686245522
SAT-0-0,327.05386000006945,337.760404950431,1325,SAT-1-0,-24.95671191385002,355.760404950431,1325,right,0.0008393711739606628,5222000,2183.0116862455184
SAT-0-0,327.1791200000695,337.85648451273113,1325,SAT-19-0,-24.866730410560706,319.85648451273113,1325,left,0.0008381465777544768,5224000,2184.6045126656654
SAT-0-0,327.1791200000695,337.85648451273113,1325,SAT-1-0,-24.866730410560706,355.85648451273113,1325,right,0.0008381465777544768,5224000,2184.6045126656627
SAT-0-0,327.4296400000696,338.0482248755324,1325,SAT-19-0,-24.686583605109806,320.0482248755324,1325,left,0.0008357152888608739,5228000,2187.7772233671544
SAT-0-0,327.4296400000696,338.0482248755324,1325,SAT-1-0,-24.686583605109806,356.0482248755324,1325,right,0.0008357152885951798,5228000,2187.7772233671544
SAT-0-0,327.5549000000696,338.1438870409578,1325,SAT-19-0,-24.59641898448478,320.14388704095785,1325,left,0.0008345085694420127,5230000,2189.357065835965
SAT-0-0,327.5549000000696,338.1438870409578,1325,SAT-1-0,-24.59641898448478,356.1438870409578,1325,right,0.000834508569708091,5230000,2189.357065835963
SAT-0-0,327.8054200000697,338.3347987407363,1325,SAT-19-0,-24.415909001110414,320.3347987407363,1325,left,0.0008321129143594073,5234000,2192.5036211951237
SAT-0-0,327.8054200000697,338.3347987407363,1325,SAT-1-0,-24.415909001110414,356.3347987407363,1325,right,0.0008321129143594073,5234000,2192.5036211951224
SAT-0-0,327.93068000006974,338.430049630868,1325,SAT-19-0,-24.325564311796036,320.430049630868,1325,left,0.0008309239522055656,5236000,2194.070292845579
SAT-0-0,327.93068000006974,338.430049630868,1325,SAT-1-0,-24.325564311796036,356.430049630868,1325,right,0.0008309239522055656,5236000,2194.070292845577
SAT-0-0,328.18120000006985,338.6201448696367,1325,SAT-19-0,-24.144697211502564,320.6201448696367,1325,left,0.0008285636917313454,5240000,2197.190321701205
SAT-0-0,328.18120000006985,338.6201448696367,1325,SAT-1-0,-24.144697211502564,356.6201448696367,1325,right,0.0008285636913293642,5240000,2197.190321701204
SAT-0-0,328.3064600000699,338.71499056491353,1325,SAT-19-0,-24.054175465991683,320.71499056491353,1325,left,0.0008273923670467785,5242000,2198.743638235887
SAT-0-0,328.3064600000699,338.71499056491353,1325,SAT-1-0,-24.054175465991683,356.71499056491353,1325,right,0.0008273923667784117,5242000,2198.7436382358846
SAT-0-0,328.55698000007,338.9042814624399,1325,SAT-19-0,-23.872957238082016,320.90428146243994,1325,left,0.0008250672619078939,5246000,2201.8367745514474
SAT-0-0,328.55698000007,338.9042814624399,1325,SAT-1-0,-23.872957238082016,356.9042814624399,1325,right,0.0008250672619078939,5246000,2201.8367745514456
SAT-0-0,328.68224000007,338.9987280022037,1325,SAT-19-0,-23.78226141331853,320.99872800220373,1325,left,0.0008239134550996008,5248000,2203.3765542280344
SAT-0-0,328.68224000007,338.9987280022037,1325,SAT-1-0,-23.78226141331853,356.9987280022037,1325,right,0.0008239134548301008,5248000,2203.3765542280307
SAT-0-0,328.9327600000701,339.18722659612945,1325,SAT-19-0,-23.6006979765986,321.18722659612945,1325,left,0.0008216232662409578,5252000,2206.4424370627817
SAT-0-0,328.9327600000701,339.18722659612945,1325,SAT-1-0,-23.6006979765986,357.18722659612945,1325,right,0.0008216232665112089,5252000,2206.44243706278
SAT-0-0,329.0580200000702,339.28127997869984,1325,SAT-19-0,-23.509831014577284,321.2812799786999,1325,left,0.0008204868581349286,5254000,2207.9685006796676
SAT-0-0,329.0580200000702,339.28127997869984,1325,SAT-1-0,-23.509831014577284,357.28127997869984,1325,right,0.0008204868582702413,5254000,2207.968500679666
SAT-0-0,329.30854000007025,339.4689982247188,1325,SAT-19-0,-23.327928218550777,321.4689982247188,1325,left,0.0008182313485066605,5258000,2211.0067741600237
SAT-0-0,329.30854000007025,339.4689982247188,1325,SAT-1-0,-23.327928218550777,357.4689982247188,1325,right,0.0008182313489137177,5258000,2211.006774160022
SAT-0-0,329.43380000007033,339.562664407496,1325,SAT-19-0,-23.236893026912178,321.562664407496,1325,left,0.0008171122200271481,5260000,2212.5189450420858
SAT-0-0,329.43380000007033,339.562664407496,1325,SAT-1-0,-23.236893026912178,357.562664407496,1325,right,0.0008171122202988913,5260000,2212.5189450420835
SAT-0-0,329.6843200000704,339.7496141795869,1325,SAT-19-0,-23.054656652965484,321.7496141795869,1325,left,0.0008148911516427213,5264000,2215.529258333293
SAT-0-0,329.6843200000704,339.7496141795869,1325,SAT-1-0,-23.054656652965484,357.7496141795869,1325,right,0.0008148911513702374,5264000,2215.529258333292
SAT-0-0,329.80958000007047,339.842899079181,1325,SAT-19-0,-22.963456105585934,321.842899079181,1325,left,0.0008137891847073352,5266000,2217.0273623177836
SAT-0-0,329.80958000007047,339.842899079181,1325,SAT-1-0,-22.963456105585934,357.842899079181,1325,right,0.0008137891847073352,5266000,2217.0273623177814
SAT-0-0,330.0601000000706,340.0290921698922,1325,SAT-19-0,-22.780891868162843,322.0290921698921,1325,left,0.0008116023205583491,5270000,2220.009369595865
SAT-0-0,330.0601000000706,340.0290921698922,1325,SAT-1-0,-22.780891868162843,358.0290921698922,1325,right,0.0008116023205583491,5270000,2220.0093695958635
SAT-0-0,330.1853600000706,340.12200166227876,1325,SAT-19-0,-22.689528805739283,322.12200166227876,1325,left,0.0008105173976247084,5272000,2221.4932350184677
SAT-0-0,330.1853600000706,340.12200166227876,1325,SAT-1-0,-22.689528805739283,358.12200166227876,1325,right,0.0008105173972137771,5272000,2221.493235018466
SAT-0-0,330.4358800000707,340.30744978306365,1325,SAT-19-0,-22.50664235350572,322.30744978306365,1325,left,0.0008083645024013928,5276000,2224.4465954424713
SAT-0-0,330.4358800000707,340.30744978306365,1325,SAT-1-0,-22.50664235350572,358.30744978306365,1325,right,0.000808364502126709,5276000,2224.446595442469
SAT-0-0,330.56114000007074,340.39998970376286,1325,SAT-19-0,-22.41511958413546,322.39998970376286,1325,left,0.0008072965050410632,5278000,2225.916053123499
SAT-0-0,330.56114000007074,340.39998970376286,1325,SAT-1-0,-22.41511958413546,358.39998970376286,1325,right,0.0008072965047660161,5278000,2225.9160531234984
SAT-0-0,330.81166000007084,340.5847044853616,1325,SAT-19-0,-22.231916501133863,322.58470448536167,1325,left,0.0008051773447601093,5282000,2228.840430808062
SAT-0-0,330.81166000007084,340.5847044853616,1325,SAT-1-0,-22.231916501133863,358.5847044853616,1325,right,0.0008051773447601093,5282000,2228.840430808059
SAT-0-0,330.93692000007087,340.6768806296412,1325,SAT-19-0,-22.140236800889088,322.6768806296412,1325,left,0.0008041261566190892,5284000,2230.2953140388267
SAT-0-0,330.93692000007087,340.6768806296412,1325,SAT-1-0,-22.140236800889088,358.6768806296412,1325,right,0.0008041261566190892,5284000,2230.295314038824
SAT-0-0,331.187440000071,340.86087362250913,1325,SAT-19-0,-21.95672260768219,322.8608736225091,1325,left,0.0008020404983870735,5288000,2233.190378027056
SAT-0-0,331.187440000071,340.86087362250913,1325,SAT-1-0,-21.95672260768219,358.86087362250913,1325,right,0.0008020404986639232,5288000,2233.190378027055
SAT-0-0,331.312700000071,340.95269174560894,1325,SAT-19-0,-21.86488872117935,322.95269174560894,1325,left,0.0008010060033563228,5290000,2234.630522556383
SAT-0-0,331.312700000071,340.95269174560894,1325,SAT-1-0,-21.86488872117935,358.95269174560894,1325,right,0.0008010060030791156,5290000,2234.630522556381
SAT-0-0,331.5632200000711,341.1359744203869,1325,SAT-19-0,-21.681068875983588,323.13597442038684,1325,left,0.000798953615676515,5294000,2237.4959467930794
SAT-0-0,331.5632200000711,341.1359744203869,1325,SAT-1-0,-21.681068875983588,359.1359744203869,1325,right,0.0007989536158154747,5294000,2237.4959467930767
SAT-0-0,331.6884800000712,341.22744023776465,1325,SAT-19-0,-21.58908351694742,323.22744023776465,1325,left,0.00079793569811025,5296000,2238.9211908140005
SAT-0-0,331.6884800000712,341.22744023776465,1325,SAT-1-0,-21.58908351694742,359.22744023776465,1325,right,0.0007979356978319762,5296000,2238.9211908139982
SAT-0-0,331.93900000007125,341.41002398579064,1325,SAT-19-0,-21.40496341675569,323.4100239857906,1325,left,0.0007959163504971695,5300000,2241.756654119198
SAT-0-0,331.93900000007125,341.41002398579064,1325,SAT-1-0,-21.40496341675569,359.41002398579064,1325,right,0.0007959163504971695,5300000,2241.7566541191954
SAT-0-0,332.06426000007133,341.50114317338785,1325,SAT-19-0,-21.312829268577932,323.50114317338785,1325,left,0.0007949148955739281,5302000,2243.1668382558137
SAT-0-0,332.06426000007133,341.50114317338785,1325,SAT-1-0,-21.312829268577932,359.50114317338785,1325,right,0.0007949148959929251,5302000,2243.1668382558137
SAT-0-0,332.3147800000714,341.6830393072476,1325,SAT-19-0,-21.12841425027174,323.6830393072476,1325,left,0.0007929283602585338,5306000,2245.972024298682
SAT-0-0,332.3147800000714,341.6830393072476,1325,SAT-1-0,-21.12841425027174,359.6830393072476,1325,right,0.000792928360538565,5306000,2245.972024298679
SAT-0-0,332.44004000007146,341.77381750177403,1325,SAT-19-0,-21.036133966564485,323.77381750177403,1325,left,0.0007919432546310142,5308000,2247.3669915932005
SAT-0-0,332.44004000007146,341.77381750177403,1325,SAT-1-0,-21.036133966564485,359.77381750177403,1325,right,0.0007919432544908245,5308000,2247.3669915931987
SAT-0-0,332.69056000007157,341.95503725588867,1325,SAT-19-0,-20.851429308015348,323.9550372558886,1325,left,0.0007899893047880041,5312000,2250.1415888662827
SAT-0-0,332.69056000007157,341.95503725588867,1325,SAT-1-0,-20.851429308015348,359.95503725588867,1325,right,0.0007899893047880041,5312000,2250.14158886628
SAT-0-0,332.8158200000716,342.04548005512476,1325,SAT-19-0,-20.75900551315919,324.04548005512476,1325,left,0.0007890204355536712,5314000,2251.5211847662226
SAT-0-0,332.8158200000716,342.04548005512476,1325,SAT-1-0,-20.75900551315919,0.04548005512474986,1325,right,0.0007890204351315441,5314000,2251.521184766221
SAT-0-0,333.0663400000717,342.22603458637326,1325,SAT-19-0,-20.57401643431923,324.22603458637326,1325,left,0.0007870988458837374,5318000,2254.2648865600504
SAT-0-0,333.0663400000717,342.22603458637326,1325,SAT-1-0,-20.57401643431923,0.22603458637324741,1325,right,0.0007870988458837374,5318000,2254.264886560049
SAT-0-0,333.19160000007173,342.3161475494902,1325,SAT-19-0,-20.481451724005833,324.31614754949027,1325,left,0.0007861461013703169,5320000,2255.6289589056387
SAT-0-0,333.19160000007173,342.3161475494902,1325,SAT-1-0,-20.481451724005833,0.31614754949022084,1325,right,0.0007861461013703169,5320000,2255.628958905637
SAT-0-0,333.44212000007184,342.4960479378652,1325,SAT-19-0,-20.29618338798791,324.4960479378652,1325,left,0.0007842566496853351,5324000,2258.3414632836857
SAT-0-0,333.44212000007184,342.4960479378652,1325,SAT-1-0,-20.29618338798791,0.49604793786520907,1325,right,0.0007842566494022076,5324000,2258.3414632836843
SAT-0-0,333.56738000007186,342.58583658576094,1325,SAT-19-0,-20.203480329757234,324.5858365857609,1325,left,0.0007833199177011515,5326000,2259.6898622954295
SAT-0-0,333.56738000007186,342.58583658576094,1325,SAT-1-0,-20.203480329757234,0.5858365857609614,1325,right,0.0007833199177011515,5326000,2259.6898622954272
SAT-0-0,333.817900000072,342.7650938350562,1325,SAT-19-0,-20.017937843904033,324.7650938350561,1325,left,0.0007814623829830884,5330000,2262.3708720694503
SAT-0-0,333.817900000072,342.7650938350562,1325,SAT-1-0,-20.017937843904033,0.7650938350561731,1325,right,0.0007814623829830884,5330000,2262.3708720694476
SAT-0-0,333.943160000072,342.8545636507063,1325,SAT-19-0,-19.92509897767636,324.8545636507063,1325,left,0.0007805415554309124,5332000,2263.7034503358946
SAT-0-0,333.943160000072,342.8545636507063,1325,SAT-1-0,-19.92509897767636,0.8545636507063237,1325,right,0.0007805415554309124,5332000,2263.7034503358923
SAT-0-0,334.1936800000721,343.0331886892339,1325,SAT-19-0,-19.739287394618856,325.0331886892339,1325,left,0.0007787157187107838,5336000,2266.3526730416193
SAT-0-0,334.1936800000721,343.0331886892339,1325,SAT-1-0,-19.739287394618856,1.0331886892339064,1325,right,0.0007787157187107838,5336000,2266.352673041618
SAT-0-0,334.31894000007213,343.1223451180578,1325,SAT-19-0,-19.64631523322131,325.1223451180578,1325,left,0.000777810685726306,5338000,2267.669285507294
SAT-0-0,334.31894000007213,343.1223451180578,1325,SAT-1-0,-19.64631523322131,1.1223451180578303,1325,right,0.000777810685726306,5338000,2267.66928550729
SAT-0-0,334.56946000007224,343.30034879939393,1325,SAT-19-0,-19.46023955192656,325.3003487993939,1325,left,0.0007760163306780294,5342000,2270.2864333805096
SAT-0-0,334.56946000007224,343.30034879939393,1325,SAT-1-0,-19.46023955192656,1.3003487993939191,1325,right,0.0007760163309641633,5342000,2270.2864333805087
SAT-0-0,334.6947200000723,343.3891972496342,1325,SAT-19-0,-19.367136581614307,325.38919724963415,1325,left,0.0007751269852563269,5344000,2271.5869373340547
SAT-0-0,334.6947200000723,343.3891972496342,1325,SAT-1-0,-19.367136581614307,1.3891972496342262,1325,right,0.0007751269851130958,5344000,2271.586937334054
SAT-0-0,334.9452400000724,343.56659035339135,1325,SAT-19-0,-19.180801748422503,325.56659035339135,1325,left,0.0007733638978055135,5348000,2274.1717272870605
SAT-0-0,334.9452400000724,343.56659035339135,1325,SAT-1-0,-19.180801748422503,1.5665903533913355,1325,right,0.0007733638979490712,5348000,2274.1717272870587
SAT-0-0,335.07050000007246,343.6551361965066,1325,SAT-19-0,-19.08757042939457,325.6551361965066,1325,left,0.0007724901328946317,5350000,2275.4559823495574
SAT-0-0,335.07050000007246,343.6551361965066,1325,SAT-1-0,-19.08757042939457,1.6551361965065785,1325,right,0.0007724901328946317,5350000,2275.455982349556
SAT-0-0,335.3210200000725,343.83192942913126,1325,SAT-19-0,-18.90098133904552,325.8319294291313,1325,left,0.0007707581010978008,5354000,2278.0081359479896
SAT-0-0,335.3210200000725,343.83192942913126,1325,SAT-1-0,-18.90098133904552,1.8319294291312842,1325,right,0.0007707581010978008,5354000,2278.0081359479873
SAT-0-0,335.4462800000726,343.9201780002008,1325,SAT-19-0,-18.807624105955515,325.92017800020085,1325,left,0.0007698998116844855,5356000,2279.276004061465
SAT-0-0,335.4462800000726,343.9201780002008,1325,SAT-1-0,-18.807624105955515,1.920178000200781,1325,right,0.0007698998116844855,5356000,2279.2760040614626
SAT-0-0,335.6968000000727,344.09638199579535,1325,SAT-19-0,-18.620785602604354,326.0963819957953,1325,left,0.0007681986264750439,5360000,2281.7952475015186
SAT-0-0,335.6968000000727,344.09638199579535,1325,SAT-1-0,-18.620785602604354,2.0963819957953738,1325,right,0.000768198626185998,5360000,2281.7952475015168
SAT-0-0,335.8220600000727,344.1843385939359,1325,SAT-19-0,-18.52730486506559,326.1843385939358,1325,left,0.0007673557079458083,5362000,2283.046592917652
SAT-0-0,335.8220600000727,344.1843385939359,1325,SAT-1-0,-18.52730486506559,2.1843385939358853,1325,right,0.0007673557076564449,5362000,2283.0465929176507
SAT-0-0,336.07258000007283,344.35996391510264,1325,SAT-19-0,-18.340221743288193,326.35996391510264,1325,left,0.0007656851617123543,5366000,2285.532657003682
SAT-0-0,336.07258000007283,344.35996391510264,1325,SAT-1-0,-18.340221743288193,2.359963915102615,1325,right,0.0007656851618573517,5366000,2285.5326570036814
SAT-0-0,336.19784000007286,344.4476338038957,1325,SAT-19-0,-18.246619886373843,326.4476338038957,1325,left,0.0007648575116660089,5368000,2286.7673462727025
SAT-0-0,336.19784000007286,344.4476338038957,1325,SAT-1-0,-18.246619886373843,2.447633803895709,1325,right,0.0007648575116660089,5368000,2286.7673462727003
SAT-0-0,336.44836000007297,344.62269094260216,1325,SAT-19-0,-18.059296892161743,326.62269094260216,1325,left,0.0007632174007328223,5372000,2289.219966395205
SAT-0-0,336.44836000007297,344.62269094260216,1325,SAT-1-0,-18.059296892161743,2.6226909426021523,1325,right,0.0007632174007328223,5372000,2289.2199663952038
SAT-0-0,336.573620000073,344.71007935053234,1325,SAT-19-0,-17.965576276899522,326.71007935053234,1325,left,0.0007624049176222119,5374000,2290.4378683549767
SAT-0-0,336.573620000073,344.71007935053234,1325,SAT-1-0,-17.965576276899522,2.7100793505323577,1325,right,0.0007624049173309695,5374000,2290.4378683549744
SAT-0-0,336.8241400000731,344.88457872899727,1325,SAT-19-0,-17.778018108644297,326.8845787289973,1325,left,0.0007607950392238339,5378000,2292.8567844689646
SAT-0-0,336.8241400000731,344.88457872899727,1325,SAT-1-0,-17.778018108644297,2.8845787289972895,1325,right,0.0007607950392238339,5378000,2292.8567844689624
SAT-0-0,336.9494000000731,344.97169084989935,1325,SAT-19-0,-17.684181072506263,326.97169084989935,1325,left,0.0007599976227220958,5380000,2294.0577702342734
SAT-0-0,336.9494000000731,344.97169084989935,1325,SAT-1-0,-17.684181072506263,2.971690849899358,1325,right,0.0007599976228681783,5380000,2294.0577702342716
SAT-0-0,337.19992000007323,345.1456428214971,1325,SAT-19-0,-17.49639238197373,327.14564282149706,1325,left,0.0007584177790937689,5384000,2296.4427268380327
SAT-0-0,337.19992000007323,345.1456428214971,1325,SAT-1-0,-17.49639238197373,3.1456428214970993,1325,right,0.0007584177788009954,5384000,2296.4427268380305
SAT-0-0,337.3251800000733,345.23248381501304,1325,SAT-19-0,-17.40244123936076,327.23248381501304,1325,left,0.0007576353300301939,5386000,2297.6266697900633
SAT-0-0,337.3251800000733,345.23248381501304,1325,SAT-1-0,-17.40244123936076,3.2324838150130395,1325,right,0.0007576353295905801,5386000,2297.6266697900605
SAT-0-0,337.57570000007337,345.405898665196,1325,SAT-19-0,-17.214426632654977,327.405898665196,1325,left,0.0007560853234638898,5390000,2299.977415904302
SAT-0-0,337.57570000007337,345.405898665196,1325,SAT-1-0,-17.214426632654977,3.4058986651959695,1325,right,0.0007560853234638898,5390000,2299.9774159042995
SAT-0-0,337.70096000007345,345.49247365724045,1325,SAT-19-0,-17.12036367537623,327.4924736572404,1325,left,0.0007553177443399171,5392000,2301.1441916803055
SAT-0-0,337.70096000007345,345.49247365724045,1325,SAT-1-0,-17.12036367537623,3.492473657240475,1325,right,0.0007553177443399171,5392000,2301.1441916803037
SAT-0-0,337.9514800000735,345.6653616044779,1325,SAT-19-0,-16.93212771389336,327.6653616044779,1325,left,0.0007537973821667385,5396000,2303.4604808276913
SAT-0-0,337.9514800000735,345.6653616044779,1325,SAT-1-0,-16.93212771389336,3.665361604477881,1325,right,0.0007537973821667385,5396000,2303.46048082769
SAT-0-0,338.0767400000736,345.7516756877118,1325,SAT-19-0,-16.83795521164068,327.7516756877118,1325,left,0.0007530445773891751,5398000,2304.6099673108533
SAT-0-0,338.0767400000736,345.7516756877118,1325,SAT-1-0,-16.83795521164068,3.7516756877118005,1325,right,0.0007530445773891751,5398000,2304.609967310852
SAT-0-0,338.3272600000737,345.924046884445,1325,SAT-19-0,-16.64950241301291,327.9240468844449,1325,left,0.000751553667443283,5402000,2306.891557495937
SAT-0-0,338.3272600000737,345.924046884445,1325,SAT-1-0,-16.64950241301291,3.9240468844449605,1325,right,0.0007515536675910067,5402000,2306.891557495936
SAT-0-0,338.4525200000737,346.0101051187564,1325,SAT-19-0,-16.555222613830374,328.0101051187565,1325,left,0.0007508155419281649,5404000,2308.0236348054364
SAT-0-0,338.4525200000737,346.0101051187564,1325,SAT-1-0,-16.555222613830374,4.010105118756455,1325,right,0.0007508155417802959,5404000,2308.023634805434
SAT-0-0,338.7030400000738,346.1819696523681,1325,SAT-19-0,-16.366557452859787,328.1819696523681,1325,left,0.000749353897409537,5408000,2310.2702884949636
SAT-0-0,338.7030400000738,346.1819696523681,1325,SAT-1-0,-16.366557452859787,4.1819696523680685,1325,right,0.000749353897409537,5408000,2310.2702884949617
SAT-0-0,338.82830000007385,346.26777706536086,1325,SAT-19-0,-16.272172583608164,328.26777706536086,1325,left,0.0007486303578366473,5410000,2311.3848389762206
SAT-0-0,338.82830000007385,346.26777706536086,1325,SAT-1-0,-16.272172583608164,4.267777065360885,1325,right,0.0007486303576883467,5410000,2311.384838976218
SAT-0-0,339.07882000007396,346.4391449591585,1325,SAT-19-0,-16.08329949319103,328.4391449591585,1325,left,0.0007471977925964731,5414000,2313.5963230798297
SAT-0-0,339.07882000007396,346.4391449591585,1325,SAT-1-0,-16.08329949319103,4.439144959158504,1325,right,0.0007471977925964731,5414000,2313.5963230798275
SAT-0-0,339.204080000074,346.52470654664705,1325,SAT-19-0,-15.98881176000752,328.52470654664705,1325,left,0.000746488747041347,5416000,2314.6932312949593
SAT-0-0,339.204080000074,346.52470654664705,1325,SAT-1-0,-15.98881176000752,4.524706546647079,1325,right,0.0007464887467438949,5416000,2314.693231294957
SAT-0-0,339.4546000000741,346.6955877608594,1325,SAT-19-0,-15.799735132048935,328.6955877608593,1325,left,0.0007450850792791124,5420000,2316.869317146272
SAT-0-0,339.4546000000741,346.6955877608594,1325,SAT-1-0,-15.799735132048935,4.6955877608593575,1325,right,0.0007450850795771249,5420000,2316.869317146269
SAT-0-0,339.5798600000741,346.78090848737,1325,SAT-19-0,-15.705146720801956,328.78090848737,1325,left,0.000744390437139633,5422000,2317.948469864721
SAT-0-0,339.5798600000741,346.78090848737,1325,SAT-1-0,-15.705146720801956,4.780908487370017,1325,right,0.0007443904374379236,5422000,2317.948469864719
SAT-0-0,339.83038000007423,346.95131292015526,1325,SAT-19-0,-15.515870907120776,328.95131292015526,1325,left,0.0007430154882260208,5426000,2320.0889332028064
SAT-0-0,339.83038000007423,346.95131292015526,1325,SAT-1-0,-15.515870907120776,4.951312920155277,1325,right,0.0007430154882260208,5426000,2320.0889332028046
SAT-0-0,339.95564000007425,347.03639771943335,1325,SAT-19-0,-15.421183983860235,329.0363977194333,1325,left,0.000742335161042488,5428000,2321.150219392186
SAT-0-0,339.95564000007425,347.03639771943335,1325,SAT-1-0,-15.421183983860235,5.036397719433347,1325,right,0.0007423351608929298,5428000,2321.1502193921838
SAT-0-0,340.20616000007436,347.20633520789926,1325,SAT-19-0,-15.231713297084735,329.2063352078993,1325,left,0.0007409887532724174,5432000,2323.2548403434253
SAT-0-0,340.20616000007436,347.20633520789926,1325,SAT-1-0,-15.231713297084735,5.20633520789924,1325,right,0.0007409887532724174,5432000,2323.2548403434234
SAT-0-0,340.33142000007444,347.29118898342153,1325,SAT-19-0,-15.136930008487498,329.29118898342153,1325,left,0.000740322653456438,5434000,2324.298151160532
SAT-0-0,340.33142000007444,347.29118898342153,1325,SAT-1-0,-15.136930008487498,5.291188983421545,1325,right,0.000740322653456438,5434000,2324.2981511605294
SAT-0-0,340.5819400000745,347.4606693046554,1325,SAT-19-0,-14.947268722941791,329.4606693046554,1325,left,0.0007390046140719018,5438000,2326.3667142208556
SAT-0-0,340.5819400000745,347.4606693046554,1325,SAT-1-0,-14.947268722941791,5.46066930465545,1325,right,0.0007390046140719018,5438000,2326.366714220853
SAT-0-0,340.7072000000746,347.54529693014814,1325,SAT-19-0,-14.852391196752539,329.54529693014814,1325,left,0.0007383526554232725,5440000,2327.391943002889
SAT-0-0,340.7072000000746,347.54529693014814,1325,SAT-1-0,-14.852391196752539,5.545296930148114,1325,right,0.0007383526555736374,5440000,2327.3919430028873
SAT-0-0,340.95772000007463,347.71432980225717,1325,SAT-19-0,-14.662543549333861,329.7143298022572,1325,left,0.0007370628143692123,5444000,2329.4242370203942
SAT-0-0,340.95772000007463,347.71432980225717,1325,SAT-1-0,-14.662543549333861,5.7143298022571525,1325,right,0.0007370628143692123,5444000,2329.424237020392
SAT-0-0,341.0829800000747,347.79873612221786,1325,SAT-19-0,-14.567573894801573,329.7987361222179,1325,left,0.0007364249125966983,5446000,2330.431279276365
SAT-0-0,341.0829800000747,347.79873612221786,1325,SAT-1-0,-14.567573894801573,5.7987361222178615,1325,right,0.0007364249130489737,5446000,2330.4312792763635
SAT-0-0,341.3335000000748,347.96733120537834,1325,SAT-19-0,-14.377544085848445,329.9673312053784,1325,left,0.0007351631028075393,5450000,2332.427097434322
SAT-0-0,341.3335000000748,347.96733120537834,1325,SAT-1-0,-14.377544085848445,5.96733120537833,1325,right,0.0007351631026565221,5450000,2332.4270974343203
SAT-0-0,341.45876000007485,348.0515210356031,1325,SAT-19-0,-14.282484394158235,330.0515210356031,1325,left,0.0007345391757532382,5452000,2333.415850836646
SAT-0-0,341.45876000007485,348.0515210356031,1325,SAT-1-0,-14.282484394158235,6.051521035603144,1325,right,0.0007345391756020926,5452000,2333.415850836644
SAT-0-0,341.70928000007495,348.21968793311817,1325,SAT-19-0,-14.092276588310002,330.21968793311817,1325,left,0.0007333052319268876,5456000,2335.37499063688
SAT-0-0,341.70928000007495,348.21968793311817,1325,SAT-1-0,-14.092276588310002,6.219687933118185,1325,right,0.0007333052319268876,5456000,2335.374990636877
SAT-0-0,341.834540000075,348.3036660612325,1325,SAT-19-0,-13.997128933010714,330.30366606123243,1325,left,0.0007326951976693669,5458000,2336.345355013157
SAT-0-0,341.834540000075,348.3036660612325,1325,SAT-1-0,-13.997128933010714,6.303666061232504,1325,right,0.0007326951979724187,5458000,2336.3453550131558
SAT-0-0,342.0850600000751,348.47141432059783,1325,SAT-19-0,-13.806747260058385,330.4714143205978,1325,left,0.0007314889598744055,5462000,2338.2676182597997
SAT-0-0,342.0850600000751,348.47141432059783,1325,SAT-1-0,-13.806747260058385,6.471414320597823,1325,right,0.000731488959570854,5462000,2338.267618259798
SAT-0-0,342.2103200000751,348.5551855065911,1325,SAT-19-0,-13.711513697485728,330.5551855065911,1325,left,0.0007308927386054666,5464000,2339.219495584799
SAT-0-0,342.2103200000751,348.5551855065911,1325,SAT-1-0,-13.711513697485728,6.555185506591084,1325,right,0.0007308927383016674,5464000,2339.2194955847967
SAT-0-0,342.4608400000752,348.7225246205677,1325,SAT-19-0,-13.520962253214096,330.72252462056775,1325,left,0.0007297140484840192,5468000,2341.1046883684235
SAT-0-0,342.4608400000752,348.7225246205677,1325,SAT-1-0,-13.520962253214096,6.722524620567688,1325,right,0.0007297140483318742,5468000,2341.1046883684216
SAT-0-0,342.58610000007525,348.8060935973316,1325,SAT-19-0,-13.425644822909756,330.8060935973316,1325,left,0.0007291315621216541,5470000,2342.0379827562315
SAT-0-0,342.58610000007525,348.8060935973316,1325,SAT-1-0,-13.425644822909756,6.806093597331609,1325,right,0.000729131562426187,5470000,2342.0379827562297
SAT-0-0,342.83662000007536,348.97303300502574,1325,SAT-19-0,-13.234927669931286,330.97303300502574,1325,left,0.0007279802652882221,5474000,2343.8859154383613
SAT-0-0,342.83662000007536,348.97303300502574,1325,SAT-1-0,-13.234927669931286,6.973033005025767,1325,right,0.0007279802655932367,5474000,2343.885915438359
SAT-0-0,342.96188000007544,349.0564044788956,1325,SAT-19-0,-13.139528395057773,331.0564044788957,1325,left,0.0007274114373900104,5476000,2344.8005331347313
SAT-0-0,342.96188000007544,349.0564044788956,1325,SAT-1-0,-13.139528395057773,7.056404478895608,1325,right,0.0007274114373900104,5476000,2344.8005331347285
SAT-0-0,343.2124000000755,349.2229535668446,1325,SAT-19-0,-12.948649563638226,331.2229535668446,1325,left,0.0007262873818853758,5480000,2346.611020332709
SAT-0-0,343.2124000000755,349.2229535668446,1325,SAT-1-0,-12.948649563638226,7.222953566844568,1325,right,0.000726287381732513,5480000,2346.611020332707
SAT-0-0,343.3376600000756,349.3061322181436,1325,SAT-19-0,-12.853170451389635,331.3061322181436,1325,left,0.0007257321375578647,5482000,2347.5068697075917
SAT-0-0,343.3376600000756,349.3061322181436,1325,SAT-1-0,-12.853170451389635,7.306132218143586,1325,right,0.0007257321370989255,5482000,2347.5068697075894
SAT-0-0,343.5881800000756,349.4723003214074,1325,SAT-19-0,-12.66213394026563,331.4723003214073,1325,left,0.0007246351748836881,5486000,2349.2797302798294
SAT-0-0,343.5881800000756,349.4723003214074,1325,SAT-1-0,-12.66213394026563,7.472300321407395,1325,right,0.0007246351747304768,5486000,2349.2797302798267
SAT-0-0,343.7134400000757,349.55529080499423,1325,SAT-19-0,-12.56657698227441,331.55529080499423,1325,left,0.0007240934402299261,5488000,2350.156721820087
SAT-0-0,343.7134400000757,349.55529080499423,1325,SAT-1-0,-12.56657698227441,7.555290804994207,1325,right,0.0007240934400766001,5488000,2350.1567218200844
SAT-0-0,343.9639600000758,349.7210872082523,1325,SAT-19-0,-12.375386759463128,331.7210872082523,1325,left,0.0007230234254716812,5492000,2351.891778851673
SAT-0-0,343.9639600000758,349.7210872082523,1325,SAT-1-0,-12.375386759463128,7.721087208252315,1325,right,0.0007230234254716812,5492000,2351.891778851671
SAT-0-0,344.08922000007584,349.8038941540702,1325,SAT-19-0,-12.27975393220307,331.80389415407024,1325,left,0.0007224951291820655,5494000,2352.749825153975
SAT-0-0,344.08922000007584,349.8038941540702,1325,SAT-1-0,-12.27975393220307,7.803894154070192,1325,right,0.0007224951290284004,5494000,2352.7498251539723
SAT-0-0,344.33974000007595,349.96932809272334,1325,SAT-19-0,-12.088413935804049,331.96932809272334,1325,left,0.0007214519202092328,5498000,2354.446905942652
SAT-0-0,344.33974000007595,349.96932809272334,1325,SAT-1-0,-12.088413935804049,7.969328092723349,1325,right,0.0007214519202092328,5498000,2354.446905942649
SAT-0-0,344.465000000076,350.0519561063527,1325,SAT-19-0,-11.992707200989233,332.0519561063527,1325,left,0.0007209369917809625,5500000,2355.2859217065507
SAT-0-0,344.465000000076,350.0519561063527,1325,SAT-1-0,-11.992707200989233,8.051956106352666,1325,right,0.0007209369917809625,5500000,2355.285921706549
SAT-0-0,344.7155200000761,350.21703676762905,1325,SAT-19-0,-11.80122133997877,332.21703676762905,1325,left,0.0007199204496651944,5504000,2356.9448577490502
SAT-0-0,344.7155200000761,350.21703676762905,1325,SAT-1-0,-11.80122133997877,8.217036767629043,1325,right,0.000719920449356765,5504000,2356.944857749048
SAT-0-0,344.8407800000761,350.2994904308409,1325,SAT-19-0,-11.705442644958934,332.2994904308409,1325,left,0.0007194188205319499,5506000,2357.764759770247
SAT-0-0,344.8407800000761,350.2994904308409,1325,SAT-1-0,-11.705442644958934,8.29949043084085,1325,right,0.0007194188208405944,5506000,2357.7647597702453
SAT-0-0,345.0913000000762,350.46422695490594,1325,SAT-19-0,-11.513814799977105,332.4642269549059,1325,left,0.0007184288101236042,5510000,2359.385386748987
SAT-0-0,345.0913000000762,350.46422695490594,1325,SAT-1-0,-11.513814799977105,8.464226954905921,1325,right,0.0007184288098145343,5510000,2359.3853867489856
SAT-0-0,345.21656000007624,350.5465108262185,1325,SAT-19-0,-11.41796607812917,332.5465108262185,1325,left,0.0007179404138691512,5512000,2360.1860939127614
SAT-0-0,345.21656000007624,350.5465108262185,1325,SAT-1-0,-11.41796607812917,8.546510826218459,1325,right,0.0007179404137145111,5512000,2360.1860939127605
SAT-0-0,345.46708000007635,350.710912307289,1325,SAT-19-0,-11.22620010225937,332.710912307289,1325,left,0.0007169768019000212,5516000,2361.7682516828995
SAT-0-0,345.46708000007635,350.710912307289,1325,SAT-1-0,-11.22620010225937,8.710912307289021,1325,right,0.0007169768023645648,5516000,2361.7682516828972
SAT-0-0,345.5923400000764,350.79303092252496,1325,SAT-19-0,-11.130283273375618,332.79303092252496,1325,left,0.000716501572921537,5518000,2362.5496849577307
SAT-0-0,345.5923400000764,350.79303092252496,1325,SAT-1-0,-11.130283273375618,8.793030922524958,1325,right,0.000716501572921537,5518000,2362.549684957728
SAT-0-0,345.8428600000765,350.95710640998595,1325,SAT-19-0,-10.938382992917209,332.95710640998595,1325,left,0.0007155642313562668,5522000,2364.093217534571
SAT-0-0,345.8428600000765,350.95710640998595,1325,SAT-1-0,-10.938382992917209,8.957106409985975,1325,right,0.0007155642315114204,5522000,2364.093217534569
SAT-0-0,345.96812000007657,351.03906428283216,1325,SAT-19-0,-10.842399963589793,333.03906428283216,1325,left,0.0007151021056876934,5524000,2364.8552999659237
SAT-0-0,345.96812000007657,351.03906428283216,1325,SAT-1-0,-10.842399963589793,9.039064282832134,1325,right,0.0007151021053771858,5524000,2364.855299965922
SAT-0-0,346.2186400000766,351.2028227823569,1325,SAT-19-0,-10.65036917882379,333.20282278235686,1325,left,0.000714190908426403,5528000,2366.3600555126804
SAT-0-0,346.2186400000766,351.2028227823569,1325,SAT-1-0,-10.65036917882379,9.202822782356913,1325,right,0.0007141909081154992,5528000,2366.360055512679
SAT-0-0,346.3439000000767,351.28462440492456,1325,SAT-19-0,-10.554321842825859,333.2846244049246,1325,left,0.0007137418234780583,5530000,2367.102712216982
SAT-0-0,346.3439000000767,351.28462440492456,1325,SAT-1-0,-10.554321842825859,9.284624404924555,1325,right,0.0007137418234780583,5530000,2367.10271221698
SAT-0-0,346.59442000007675,351.44807487959747,1325,SAT-19-0,-10.362164328773918,333.44807487959747,1325,left,0.0007128566480029704,5534000,2368.5685430328845
SAT-0-0,346.59442000007675,351.44807487959747,1325,SAT-1-0,-10.362164328773918,9.448074879597451,1325,right,0.0007128566480029704,5534000,2368.5685430328826
SAT-0-0,346.71968000007683,351.5297247229846,1325,SAT-19-0,-10.266054567437537,333.52972472298467,1325,left,0.0007124205443240892,5536000,2369.2917011916575
SAT-0-0,346.71968000007683,351.5297247229846,1325,SAT-1-0,-10.266054567437537,9.529724722984602,1325,right,0.000712420544168251,5536000,2369.291701191656
SAT-0-0,346.97020000007694,351.692876094426,1325,SAT-19-0,-10.073774074614219,333.6928760944261,1325,left,0.0007115612713349144,5540000,2370.7184637004157
SAT-0-0,346.97020000007694,351.692876094426,1325,SAT-1-0,-10.073774074614219,9.692876094426017,1325,right,0.0007115612710228617,5540000,2370.7184637004134
SAT-0-0,347.09546000007697,351.77437860928035,1325,SAT-19-0,-9.977603757204847,333.7743786092803,1325,left,0.0007111380892396086,5542000,2371.4220525546
SAT-0-0,347.09546000007697,351.77437860928035,1325,SAT-1-0,-9.977603757204847,9.774378609280348,1325,right,0.0007111380893957277,5542000,2371.422052554598
SAT-0-0,347.3459800000771,351.9372397587741,1325,SAT-19-0,-9.785204012363684,333.93723975877407,1325,left,0.0007103046035282304,5546000,2372.8096072932
SAT-0-0,347.3459800000771,351.9372397587741,1325,SAT-1-0,-9.785204012363684,9.937239758774133,1325,right,0.0007103046032156256,5546000,2372.8096072931967
SAT-0-0,347.4712400000771,352.01859937585715,1325,SAT-19-0,-9.688974996451668,334.01859937585715,1325,left,0.0007098942865692782,5548000,2373.4935581376367
SAT-0-0,347.4712400000771,352.01859937585715,1325,SAT-1-0,-9.688974996451668,10.018599375857159,1325,right,0.0007098942859437072,5548000,2373.493558137634
SAT-0-0,347.7217600000772,352.1811791454795,1325,SAT-19-0,-9.496459703325007,334.18117914547946,1325,left,0.0007090864738334596,5552000,2374.841769745487
SAT-0-0,347.7217600000772,352.1811791454795,1325,SAT-1-0,-9.496459703325007,10.18117914547952,1325,right,0.0007090864738334596,5552000,2374.8417697454847
SAT-0-0,347.84702000007724,352.2624002762317,1325,SAT-19-0,-9.40017383515383,334.26240027623174,1325,left,0.0007086889665090541,5554000,2375.5060159235777
SAT-0-0,347.84702000007724,352.2624002762317,1325,SAT-1-0,-9.40017383515383,10.26240027623168,1325,right,0.0007086889665090541,5554000,2375.506015923575
SAT-0-0,348.09754000007734,352.42470746998214,1325,SAT-19-0,-9.207546675186428,334.42470746998214,1325,left,0.0007079067184417838,5558000,2376.814753132002
SAT-0-0,348.09754000007734,352.42470746998214,1325,SAT-1-0,-9.207546675186428,10.424707469982144,1325,right,0.0007079067185986156,5558000,2376.8147531319996
SAT-0-0,348.22280000007737,352.50579450708835,1325,SAT-19-0,-9.111205790038195,334.5057945070884,1325,left,0.0007075219663932878,5560000,2377.459230030534
SAT-0-0,348.22280000007737,352.50579450708835,1325,SAT-1-0,-9.111205790038195,10.50579450708837,1325,right,0.0007075219662363707,5560000,2377.459230030532
SAT-0-0,348.4733200000775,352.66783789202196,1325,SAT-19-0,-8.918470423115101,334.6678378920219,1325,left,0.0007067651767068468,5564000,2378.7283656525874
SAT-0-0,348.4733200000775,352.66783789202196,1325,SAT-1-0,-8.918470423115101,10.667837892021948,1325,right,0.0007067651765497617,5564000,2378.728365652586
SAT-0-0,348.59858000007756,352.7487952099782,1325,SAT-19-0,-8.82207634567299,334.7487952099782,1325,left,0.0007063931277007074,5566000,2379.3530106967355
SAT-0-0,348.59858000007756,352.7487952099782,1325,SAT-1-0,-8.82207634567299,10.748795209978223,1325,right,0.0007063931277007074,5566000,2379.353010696734
SAT-0-0,348.8491000000776,352.910583517339,1325,SAT-19-0,-8.629236410841676,334.9105835173389,1325,left,0.0007056616936183338,5570000,2380.582421617366
SAT-0-0,348.8491000000776,352.910583517339,1325,SAT-1-0,-8.629236410841676,10.910583517338972,1325,right,0.0007056616940903261,5570000,2380.582421617364
SAT-0-0,348.9743600000777,352.99141547301934,1325,SAT-19-0,-8.532790955549606,334.9914154730194,1325,left,0.0007053022977487662,5572000,2381.1871742658495
SAT-0-0,348.9743600000777,352.99141547301934,1325,SAT-1-0,-8.532790955549606,10.99141547301937,1325,right,0.0007053022975913552,5572000,2381.1871742658477
SAT-0-0,349.22488000007775,353.1529573993748,1325,SAT-19-0,-8.339850071736583,335.1529573993748,1325,left,0.0007045961200891007,5576000,2382.3767414323916
SAT-0-0,349.22488000007775,353.1529573993748,1325,SAT-1-0,-8.339850071736583,11.152957399374802,1325,right,0.0007045961197739633,5576000,2382.3767414323897
SAT-0-0,349.35014000007783,353.233668332599,1325,SAT-19-0,-8.243355043156132,335.233668332599,1325,left,0.0007042493274583183,5578000,2382.9615431728066
SAT-0-0,349.35014000007783,353.233668332599,1325,SAT-1-0,-8.243355043156132,11.233668332599013,1325,right,0.0007042493274583183,5578000,2382.9615431728043
SAT-0-0,349.60066000007794,353.3949725409757,1325,SAT-19-0,-8.050316809878252,335.3949725409757,1325,left,0.000703568309768342,5582000,2384.1111515858033
SAT-0-0,349.60066000007794,353.3949725409757,1325,SAT-1-0,-8.050316809878252,11.394972540975681,1325,right,0.0007035683092949452,5582000,2384.1111515858015
SAT-0-0,349.72592000007796,353.47556677507686,1325,SAT-19-0,-7.953774003043108,335.47556677507686,1325,left,0.0007032340739879695,5584000,2384.6759459301143
SAT-0-0,349.72592000007796,353.47556677507686,1325,SAT-1-0,-7.953774003043108,11.475566775076874,1325,right,0.0007032340735143477,5584000,2384.6759459301115
SAT-0-0,349.97644000007807,353.63664189609665,1325,SAT-19-0,-7.760642001113526,335.6366418960967,1325,left,0.000702578123091692,5588000,2385.785484634473
SAT-0-0,349.97644000007807,353.63664189609665,1325,SAT-1-0,-7.760642001113526,11.636641896096666,1325,right,0.0007025781227756494,5588000,2385.785484634471
SAT-0-0,350.1017000000781,353.71712373848976,1325,SAT-19-0,-7.664053201881131,335.7171237384898,1325,left,0.0007022563978539295,5590000,2386.330217114673
SAT-0-0,350.1017000000781,353.71712373848976,1325,SAT-1-0,-7.664053201881131,11.717123738489766,1325,right,0.0007022563976958359,5590000,2386.3302171146706
SAT-0-0,350.3522200000782,353.87797837150674,1325,SAT-19-0,-7.470830994110464,335.8779783715067,1325,left,0.0007016254242411997,5594000,2387.399579191141
SAT-0-0,350.3522200000782,353.87797837150674,1325,SAT-1-0,-7.470830994110464,11.87797837150672,1325,right,0.0007016254247159073,5594000,2387.3995791911393
SAT-0-0,350.47748000007823,353.9583521142571,1325,SAT-19-0,-7.374197979511432,335.9583521142571,1325,left,0.0007013161661953085,5596000,2387.9241973550743
SAT-0-0,350.47748000007823,353.9583521142571,1325,SAT-1-0,-7.374197979511432,11.958352114257092,1325,right,0.0007013161665119198,5596000,2387.9241973550716
SAT-0-0,350.72800000007834,354.11899482849446,1325,SAT-19-0,-7.180889111404107,336.1189948284944,1325,left,0.0007007100840965627,5600000,2388.953279912044
SAT-0-0,350.72800000007834,354.11899482849446,1325,SAT-1-0,-7.180889111404107,12.118994828494445,1325,right,0.0007007100840965627,5600000,2388.9532799120416
SAT-0-0,350.85326000007836,354.1992647488866,1325,SAT-19-0,-7.084213649989051,336.1992647488866,1325,left,0.0007004132506723632,5602000,2389.4577333193834
SAT-0-0,350.85326000007836,354.1992647488866,1325,SAT-1-0,-7.084213649989051,12.199264748886632,1325,right,0.0007004132503553438,5602000,2389.457733319381
SAT-0-0,351.1037800000785,354.3597040845751,1325,SAT-19-0,-6.8908216504347815,336.3597040845752,1325,left,0.0006998319765423761,5606000,2390.4464374850163
SAT-0-0,351.1037800000785,354.3597040845751,1325,SAT-1-0,-6.8908216504347815,12.359704084575116,1325,right,0.0006998319763837346,5606000,2390.446437485014
SAT-0-0,351.2290400000785,354.43987444568154,1325,SAT-19-0,-6.794105502619118,336.4398744456816,1325,left,0.0006995475269306399,5608000,2390.9306777034108
SAT-0-0,351.2290400000785,354.43987444568154,1325,SAT-1-0,-6.794105502619118,12.43987444568156,1325,right,0.0006995475274067576,5608000,2390.9306777034085
SAT-0-0,351.4795600000786,354.60011891519696,1325,SAT-19-0,-6.6006338845800965,336.60011891519696,1325,left,0.0006989909815729123,5612000,2391.878908618087
SAT-0-0,351.4795600000786,354.60011891519696,1325,SAT-1-0,-6.6006338845800965,12.600118915196964,1325,right,0.0006989909817317445,5612000,2391.8789086180846
SAT-0-0,351.6048200000787,354.68019396644746,1325,SAT-19-0,-6.503878802986471,336.68019396644746,1325,left,0.0006987188773942299,5614000,2392.3428892194634
SAT-0-0,351.6048200000787,354.68019396644746,1325,SAT-1-0,-6.503878802986471,12.680193966447467,1325,right,0.0006987188769175477,5614000,2392.342889219462
SAT-0-0,351.85534000007874,354.84025205544896,1325,SAT-19-0,-6.310331064180201,336.840252055449,1325,left,0.0006981869839633047,5618000,2393.250556028543
SAT-0-0,351.85534000007874,354.84025205544896,1325,SAT-1-0,-6.310331064180201,12.84025205544897,1325,right,0.0006981869844403501,5618000,2393.2505560285413
SAT-0-0,351.9806000000788,354.9202360331995,1325,SAT-19-0,-6.213538793978841,336.9202360331995,1325,left,0.0006979271873935142,5620000,2393.694232585568
SAT-0-0,351.9806000000788,354.9202360331995,1325,SAT-1-0,-6.213538793978841,12.920236033199522,1325,right,0.0006979271872344399,5620000,2393.6942325855657
SAT-0-0,352.2311200000789,355.08011620176796,1325,SAT-19-0,-6.019918417556897,337.080116201768,1325,left,0.0006974198728820263,5624000,2394.561248432474
SAT-0-0,352.2311200000789,355.08011620176796,1325,SAT-1-0,-6.019918417556897,13.080116201767979,1325,right,0.0006974198728820263,5624000,2394.5612484324715
SAT-0-0,352.35638000007896,355.16001332987,1325,SAT-19-0,-5.923090696804086,337.16001332986997,1325,left,0.0006971723484282533,5626000,2394.984578515171
SAT-0-0,352.35638000007896,355.16001332987,1325,SAT-1-0,-5.923090696804086,13.160013329870004,1325,right,0.0006971723481097601,5626000,2394.9845785151692
SAT-0-0,352.60690000007907,355.3197240136464,1325,SAT-19-0,-5.7294011520267745,337.31972401364635,1325,left,0.000696689543568582,5630000,2395.810860534786
SAT-0-0,352.60690000007907,355.3197240136464,1325,SAT-1-0,-5.7294011520267745,13.319724013646425,1325,right,0.0006966895438872959,5630000,2395.8108605347834
SAT-0-0,352.7321600000791,355.39953850401594,1325,SAT-19-0,-5.632539712001167,337.399538504016,1325,left,0.0006964542566660441,5632000,2396.213803707314
SAT-0-0,352.7321600000791,355.39953850401594,1325,SAT-1-0,-5.632539712001167,13.399538504015922,1325,right,0.0006964542569848657,5632000,2396.213803707312
SAT-0-0,352.9826800000792,355.5590881153396,1325,SAT-19-0,-5.438784454908609,337.55908811533965,1325,left,0.0006959958951891911,5636000,2396.9992730196873
SAT-0-0,352.9826800000792,355.5590881153396,1325,SAT-1-0,-5.438784454908609,13.559088115339613,1325,right,0.0006959958951891911,5636000,2396.9992730196855
SAT-0-0,353.1079400000792,355.6388241685263,1325,SAT-19-0,-5.341891020445905,337.63882416852624,1325,left,0.0006957728136608284,5638000,2397.3817908372716
SAT-0-0,353.1079400000792,355.6388241685263,1325,SAT-1-0,-5.341891020445905,13.638824168526293,1325,right,0.0006957728141395291,5638000,2397.38179083727
SAT-0-0,353.35846000007933,355.79822109757316,1325,SAT-19-0,-5.148073494525529,337.7982210975732,1325,left,0.0006953388321880096,5642000,2398.126372541638
SAT-0-0,353.35846000007933,355.79822109757316,1325,SAT-1-0,-5.148073494525529,13.79822109757318,1325,right,0.000695338832667009,5642000,2398.126372541637
SAT-0-0,353.48372000007936,355.87788290332963,1325,SAT-19-0,-5.051149784351195,337.8778829033297,1325,left,0.0006951279261132604,5644000,2398.4884285476596
SAT-0-0,353.48372000007936,355.87788290332963,1325,SAT-1-0,-5.051149784351195,13.877882903329663,1325,right,0.0006951279261132604,5644000,2398.488428547658
SAT-0-0,353.73424000007947,356.03713551925034,1325,SAT-19-0,-4.857273421201622,338.0371355192504,1325,left,0.0006947182648432969,5648000,2399.192051716773
SAT-0-0,353.73424000007947,356.03713551925034,1325,SAT-1-0,-4.857273421201622,14.03713551925032,1325,right,0.0006947182648432969,5648000,2399.192051716771
SAT-0-0,353.8595000000795,356.11672725710105,1325,SAT-19-0,-4.76032114826219,338.11672725710105,1325,left,0.0006945195040268712,5650000,2399.533611440007
SAT-0-0,353.8595000000795,356.11672725710105,1325,SAT-1-0,-4.76032114826219,14.116727257101024,1325,right,0.000694519504186726,5650000,2399.533611440005
SAT-0-0,354.1100200000796,356.2758439091587,1325,SAT-19-0,-4.566389368254026,338.27584390915877,1325,left,0.0006941341066232233,5654000,2400.1962091147716
SAT-0-0,354.1100200000796,356.2758439091587,1325,SAT-1-0,-4.566389368254026,14.27584390915871,1325,right,0.0006941341066232233,5654000,2400.1962091147693
SAT-0-0,354.2352800000797,356.3553697489689,1325,SAT-19-0,-4.469410240046648,338.35536974896894,1325,left,0.0006939474639704999,5656000,2400.517240066785
SAT-0-0,354.2352800000797,356.3553697489689,1325,SAT-1-0,-4.469410240046648,14.35536974896888,1325,right,0.0006939474639704999,5656000,2400.517240066783
SAT-0-0,354.48580000007973,356.5143587676772,1325,SAT-19-0,-4.275426452980186,338.51435876767727,1325,left,0.0006935862771268781,5660000,2401.1387492512004
SAT-0-0,354.48580000007973,356.5143587676772,1325,SAT-1-0,-4.275426452980186,14.514358767677194,1325,right,0.0006935862772869481,5660000,2401.1387492511994
SAT-0-0,354.6110600000798,356.59382287022163,1325,SAT-19-0,-4.178422171880751,338.5938228702217,1325,left,0.0006934117280301539,5662000,2401.4392209239004
SAT-0-0,354.6110600000798,356.59382287022163,1325,SAT-1-0,-4.178422171880751,14.59382287022165,1325,right,0.0006934117275498231,5662000,2401.4392209238986
SAT-0-0,354.86158000007987,356.75269256848213,1325,SAT-19-0,-3.9843897776407644,338.7526925684821,1325,left,0.000693074701351361,5666000,2402.0195825803153
SAT-0-0,354.86158000007987,356.75269256848213,1325,SAT-1-0,-3.9843897776407644,14.752692568482122,1325,right,0.000693074701351361,5666000,2402.019582580312
SAT-0-0,354.98684000007995,356.83209908601395,1325,SAT-19-0,-3.8873620412305723,338.8320990860139,1325,left,0.0006929122197067844,5668000,2402.2994664436455
SAT-0-0,354.98684000007995,356.83209908601395,1325,SAT-1-0,-3.8873620412305723,14.832099086013978,1325,right,0.0006929122201874614,5668000,2402.299466443643
SAT-0-0,355.23736000008006,356.9908577602534,1325,SAT-19-0,-3.6932844304384562,338.9908577602534,1325,left,0.0006925993079891548,5672000,2402.8386254883
SAT-0-0,355.23736000008006,356.9908577602534,1325,SAT-1-0,-3.6932844304384562,14.990857760253368,1325,right,0.0006925993079891548,5672000,2402.838625488298
SAT-0-0,355.3626200000801,357.07021083707264,1325,SAT-19-0,-3.5962349318297346,339.07021083707264,1325,left,0.0006924488729404668,5674000,2403.097894988098
SAT-0-0,355.3626200000801,357.07021083707264,1325,SAT-1-0,-3.5962349318297346,15.070210837072624,1325,right,0.000692448872780134,5674000,2403.0978949880964
SAT-0-0,355.6131400000802,357.22886676838,1325,SAT-19-0,-3.4021154864929373,339.22886676838004,1325,left,0.0006921600320454931,5678000,2403.5958002869857
SAT-0-0,355.6131400000802,357.22886676838,1325,SAT-1-0,-3.4021154864929373,15.22886676837999,1325,right,0.0006921600318850933,5678000,2403.595800286983
SAT-0-0,355.7384000000802,357.3081705414019,1325,SAT-19-0,-3.3050459146528968,339.3081705414019,1325,left,0.0006920216220754248,5680000,2403.8344308429805
SAT-0-0,355.7384000000802,357.3081705414019,1325,SAT-1-0,-3.3050459146528968,15.30817054140191,1325,right,0.0006920216220754248,5680000,2403.8344308429782
SAT-0-0,355.9889200000803,357.4667319966653,1325,SAT-19-0,-3.1108880088121946,339.4667319966654,1325,left,0.0006917568120051402,5684000,2404.291035208
SAT-0-0,355.9889200000803,357.4667319966653,1325,SAT-1-0,-3.1108880088121946,15.466731996665311,1325,right,0.0006917568121656334,5684000,2404.291035207998
SAT-0-0,356.11418000008035,357.54599059598894,1325,SAT-19-0,-3.0138000488861456,339.545990595989,1325,left,0.0006916304079955403,5686000,2404.5090042119677
SAT-0-0,356.11418000008035,357.54599059598894,1325,SAT-1-0,-3.0138000488861456,15.545990595988947,1325,right,0.0006916304083165854,5686000,2404.509004211966
SAT-0-0,356.36470000008046,357.7044658290321,1325,SAT-19-0,-2.8196070492607244,339.70446582903213,1325,left,0.000691389592926546,5690000,2404.924264397379
SAT-0-0,356.36470000008046,357.7044658290321,1325,SAT-1-0,-2.8196070492607244,15.704465829032097,1325,right,0.000691389592926546,5690000,2404.924264397377
SAT-0-0,356.4899600000805,357.7836833785084,1325,SAT-19-0,-2.7225023828939463,339.7836833785084,1325,left,0.0006912751773723828,5692000,2405.1215512114436
SAT-0-0,356.4899600000805,357.7836833785084,1325,SAT-1-0,-2.7225023828939463,15.783683378508366,1325,right,0.0006912751773723828,5692000,2405.1215512114422
SAT-0-0,356.7404800000806,357.9420806312267,1325,SAT-19-0,-2.5282776495242825,339.9420806312267,1325,left,0.0006910583234372163,5696000,2405.495427910622
SAT-0-0,356.7404800000806,357.9420806312267,1325,SAT-1-0,-2.5282776495242825,15.94208063122673,1325,right,0.0006910583231159053,5696000,2405.4954279106187
SAT-0-0,356.8657400000806,358.0212612490265,1325,SAT-19-0,-2.4311579551831697,340.02126124902645,1325,left,0.0006909558809419177,5698000,2405.6720138657065
SAT-0-0,356.8657400000806,358.0212612490265,1325,SAT-1-0,-2.4311579551831697,16.021261249026484,1325,right,0.0006909558807812383,5698000,2405.672013865704
SAT-0-0,357.11626000008073,358.1795887525236,1325,SAT-19-0,-2.2369048420722244,340.1795887525236,1325,left,0.0006907629576986458,5702000,2406.004471708192
SAT-0-0,357.11626000008073,358.1795887525236,1325,SAT-1-0,-2.2369048420722244,16.179588752523625,1325,right,0.0006907629575379216,5702000,2406.00447170819
SAT-0-0,357.2415200000808,358.25873655170574,1325,SAT-19-0,-2.1397717953643975,340.25873655170574,1325,left,0.0006906724740228429,5704000,2406.1603401026205
SAT-0-0,357.2415200000808,358.25873655170574,1325,SAT-1-0,-2.1397717953643975,16.258736551705727,1325,right,0.0006906724740228429,5704000,2406.1603401026177
SAT-0-0,357.49204000008086,358.41700252742885,1325,SAT-19-0,-1.9454936511171164,340.4170025274288,1325,left,0.0006905034548003065,5708000,2406.451347651474
SAT-0-0,357.49204000008086,358.41700252742885,1325,SAT-1-0,-1.9454936511171164,16.41700252742884,1325,right,0.0006905034548003065,5708000,2406.4513476514717
SAT-0-0,357.61730000008095,358.4961216165079,1325,SAT-19-0,-1.8483489251107497,340.49612161650793,1325,left,0.000690424916872035,5710000,2406.586483749719
SAT-0-0,357.61730000008095,358.4961216165079,1325,SAT-1-0,-1.8483489251107497,16.496121616507878,1325,right,0.000690424916872035,5710000,2406.586483749717
SAT-0-0,357.867820000081,358.6543342773835,1325,SAT-19-0,-1.6540490935721128,340.65433427738355,1325,left,0.0006902797791131319,5714000,2406.8360134991594
SAT-0-0,357.867820000081,358.6543342773835,1325,SAT-1-0,-1.6540490935721128,16.654334277383523,1325,right,0.0006902797794348052,5714000,2406.8360134991576
SAT-0-0,357.9930800000811,358.73342876089765,1325,SAT-19-0,-1.5568943591147155,340.73342876089765,1325,left,0.0006902131764847156,5716000,2406.9504045307394
SAT-0-0,357.9930800000811,358.73342876089765,1325,SAT-1-0,-1.5568943591147155,16.733428760897628,1325,right,0.0006902131763238633,5716000,2406.9504045307376
SAT-0-0,358.2436000000812,358.8915963124672,1325,SAT-19-0,-1.36257618000632,340.8915963124672,1325,left,0.000690091899513553,5720000,2407.1584329040898
SAT-0-0,358.2436000000812,358.8915963124672,1325,SAT-1-0,-1.36257618000632,16.891596312467176,1325,right,0.000690091899513553,5720000,2407.1584329040884
SAT-0-0,358.3688600000812,358.9706702915457,1325,SAT-19-0,-1.2654131060426752,340.9706702915457,1325,left,0.0006900372230840296,5722000,2407.2520680626135
SAT-0-0,358.3688600000812,358.9706702915457,1325,SAT-1-0,-1.2654131060426752,16.970670291545687,1325,right,0.0006900372232449228,5722000,2407.2520680626117
SAT-0-0,358.6193800000813,359.1288009331004,1325,SAT-19-0,-1.0710799155983781,341.12880093310037,1325,left,0.0006899397898897057,5726000,2407.4185754105356
SAT-0-0,358.6193800000813,359.1288009331004,1325,SAT-1-0,-1.0710799155983781,17.128800933100436,1325,right,0.0006899397898897057,5726000,2407.418575410534
SAT-0-0,358.74464000008135,359.2078585060314,1325,SAT-19-0,-0.973910169488149,341.20785850603147,1325,left,0.0006898970320725624,5728000,2407.4914458528924
SAT-0-0,358.74464000008135,359.2078585060314,1325,SAT-1-0,-0.973910169488149,17.207858506031418,1325,right,0.0006898970320725624,5728000,2407.49144585289
SAT-0-0,358.99516000008146,359.36596043174774,1325,SAT-19-0,-0.779565301088747,341.36596043174774,1325,left,0.0006898234291618013,5732000,2407.6164164519164
SAT-0-0,358.99516000008146,359.36596043174774,1325,SAT-1-0,-0.779565301088747,17.365960431747723,1325,right,0.0006898234291618013,5732000,2407.616416451914
SAT-0-0,359.1204200000815,359.44500569454544,1325,SAT-19-0,-0.6823905489234511,341.44500569454544,1325,left,0.0006897925838907537,5734000,2407.668515297616
SAT-0-0,359.1204200000815,359.44500569454544,1325,SAT-1-0,-0.6823905489234511,17.445005694545465,1325,right,0.0006897925838907537,5734000,2407.6685152976147
SAT-0-0,359.3709400000816,359.60308709461964,1325,SAT-19-0,-0.48803733373038055,341.60308709461964,1325,left,0.000689742801298604,5738000,2407.7519373489677
SAT-0-0,359.3709400000816,359.60308709461964,1325,SAT-1-0,-0.48803733373038055,17.60308709461966,1325,right,0.000689742801298604,5738000,2407.751937348965
SAT-0-0,359.4962000000816,359.6821241415923,1325,SAT-19-0,-0.39085924065025074,341.6821241415923,1325,left,0.0006897238638711907,5740000,2407.783259679628
SAT-0-0,359.4962000000816,359.6821241415923,1325,SAT-1-0,-0.39085924065025074,17.68212414159231,1325,right,0.0006897238643540897,5740000,2407.783259679625
SAT-0-0,359.7467200000817,359.84019320337546,1325,SAT-19-0,-0.1965010082388274,341.84019320337546,1325,left,0.0006896978958129164,5744000,2407.8251253083413
SAT-0-0,359.7467200000817,359.84019320337546,1325,SAT-1-0,-0.1965010082388274,17.840193203375488,1325,right,0.0006896978953299992,5744000,2407.8251253083386
SAT-0-0,359.87198000008175,359.91922612769224,1325,SAT-19-0,-0.09932123874925254,341.91922612769224,1325,left,0.0006896908633767306,5746000,2407.8356681673154
SAT-0-0,359.87198000008175,359.91922612769224,1325,SAT-1-0,-0.09932123874925254,17.919226127692244,1325,right,0.0006896908635377046,5746000,2407.8356681673126
